{"@timestamp": "2026-02-09T15:52:35.846613+00:00", "service": "dummy-backend", "level": "INFO", "route": "/profile", "status": 200, "latency_ms": 789, "user_id": "u082", "msg": "ok", "trace_id": "b1f8254962e44034"}
{"@timestamp": "2026-02-09T15:52:36.356426+00:00", "service": "dummy-backend", "level": "INFO", "route": "/login", "status": 200, "latency_ms": 154, "user_id": "u108", "msg": "ok", "trace_id": "69748ee3d83bab3f"}
{"@timestamp": "2026-02-09T15:52:36.867417+00:00", "service": "dummy-backend", "level": "INFO", "route": "/search", "status": 200, "latency_ms": 475, "user_id": "u011", "msg": "ok", "trace_id": "6fed44d3c8da6caf"}
{"@timestamp": "2026-02-09T15:52:37.377400+00:00", "service": "dummy-backend", "level": "INFO", "route": "/profile", "status": 200, "latency_ms": 461, "user_id": "u123", "msg": "ok", "trace_id": "84c2244c55b9d707"}
{"@timestamp": "2026-02-09T15:52:37.881683+00:00", "service": "dummy-backend", "level": "INFO", "route": "/search", "status": 200, "latency_ms": 884, "user_id": "u147", "msg": "ok", "trace_id": "129c1801a4f254e6"}
{"@timestamp": "2026-02-09T15:52:38.390393+00:00", "service": "dummy-backend", "level": "INFO", "route": "/profile", "status": 200, "latency_ms": 534, "user_id": "u140", "msg": "ok", "trace_id": "95075bad28fd8d2b"}
{"@timestamp": "2026-02-09T15:52:38.899929+00:00", "service": "dummy-backend", "level": "INFO", "route": "/login", "status": 200, "latency_ms": 131, "user_id": "u008", "msg": "ok", "trace_id": "002125460ef125ab"}
{"@timestamp": "2026-02-09T15:52:39.408399+00:00", "service": "dummy-backend", "level": "INFO", "route": "/checkout", "status": 200, "latency_ms": 80, "user_id": "u139", "msg": "ok", "trace_id": "a3e5b932edf0a649"}
{"@timestamp": "2026-02-09T15:52:39.919650+00:00", "service": "dummy-backend", "level": "INFO", "route": "/search", "status": 200, "latency_ms": 623, "user_id": "u165", "msg": "ok", "trace_id": "f9188cb334c1eb56"}
{"@timestamp": "2026-02-09T15:52:40.429076+00:00", "service": "dummy-backend", "level": "INFO", "route": "/profile", "status": 200, "latency_ms": 87, "user_id": "u031", "msg": "ok", "trace_id": "dae2ff7a05296015"}
{"@timestamp": "2026-02-09T15:52:40.936378+00:00", "service": "dummy-backend", "level": "INFO", "route": "/search", "status": 200, "latency_ms": 812, "user_id": "u095", "msg": "ok", "trace_id": "9e085487ad70ab7c"}
{"@timestamp": "2026-02-09T15:52:41.444717+00:00", "service": "dummy-backend", "level": "INFO", "route": "/checkout", "status": 200, "latency_ms": 34, "user_id": "u054", "msg": "ok", "trace_id": "20480c97d06f7d1c"}
{"@timestamp": "2026-02-09T15:52:41.949287+00:00", "service": "dummy-backend", "level": "INFO", "route": "/profile", "status": 200, "latency_ms": 84, "user_id": "u068", "msg": "ok", "trace_id": "efd190eb1c9be392"}
{"@timestamp": "2026-02-09T15:52:42.453034+00:00", "service": "dummy-backend", "level": "ERROR", "route": "/logout", "status": 200, "latency_ms": 1139, "user_id": "u023", "msg": "ok", "trace_id": "2b02f7bc10856e47"}
{"@timestamp": "2026-02-09T15:52:42.972954+00:00", "service": "dummy-backend", "level": "INFO", "route": "/logout", "status": 200, "latency_ms": 454, "user_id": "u170", "msg": "ok", "trace_id": "7fc760018b79cba3"}
{"@timestamp": "2026-02-09T15:52:43.477720+00:00", "service": "dummy-backend", "level": "INFO", "route": "/login", "status": 200, "latency_ms": 717, "user_id": "u164", "msg": "ok", "trace_id": "800929020368c112"}
{"@timestamp": "2026-02-09T15:52:43.981633+00:00", "service": "dummy-backend", "level": "INFO", "route": "/login", "status": 200, "latency_ms": 135, "user_id": "u065", "msg": "ok", "trace_id": "d6d778dd798da4fc"}
{"@timestamp": "2026-02-09T15:52:44.485738+00:00", "service": "dummy-backend", "level": "WARN", "route": "/login", "status": 200, "latency_ms": 153, "user_id": "u063", "msg": "ok", "trace_id": "8d30b35ac0f72191"}
{"@timestamp": "2026-02-09T15:52:44.992214+00:00", "service": "dummy-backend", "level": "ERROR", "route": "/profile", "status": 200, "latency_ms": 1089, "user_id": "u187", "msg": "ok", "trace_id": "ea448925deab4370"}
{"@timestamp": "2026-02-09T15:52:45.497399+00:00", "service": "dummy-backend", "level": "INFO", "route": "/search", "status": 200, "latency_ms": 964, "user_id": "u014", "msg": "ok", "trace_id": "9ad4fc2ef8dc76be"}
{"@timestamp": "2026-02-09T15:52:46.004288+00:00", "service": "dummy-backend", "level": "INFO", "route": "/logout", "status": 200, "latency_ms": 939, "user_id": "u097", "msg": "ok", "trace_id": "df2fabf49df6fdd6"}
{"@timestamp": "2026-02-09T15:52:46.508264+00:00", "service": "dummy-backend", "level": "WARN", "route": "/login", "status": 200, "latency_ms": 762, "user_id": "u192", "msg": "ok", "trace_id": "e12bf06b05e25126"}
{"@timestamp": "2026-02-09T15:52:47.020753+00:00", "service": "dummy-backend", "level": "INFO", "route": "/logout", "status": 200, "latency_ms": 772, "user_id": "u128", "msg": "ok", "trace_id": "0a76a4f9fe920b4a"}
{"@timestamp": "2026-02-09T15:52:47.529770+00:00", "service": "dummy-backend", "level": "INFO", "route": "/checkout", "status": 200, "latency_ms": 204, "user_id": "u104", "msg": "ok", "trace_id": "fe301f9d5bac340d"}
{"@timestamp": "2026-02-09T15:52:48.041377+00:00", "service": "dummy-backend", "level": "INFO", "route": "/login", "status": 200, "latency_ms": 110, "user_id": "u057", "msg": "ok", "trace_id": "1d89e681c5fc5395"}
{"@timestamp": "2026-02-09T15:52:48.550826+00:00", "service": "dummy-backend", "level": "INFO", "route": "/login", "status": 200, "latency_ms": 466, "user_id": "u113", "msg": "ok", "trace_id": "66532703c7939287"}
{"@timestamp": "2026-02-09T15:52:49.055712+00:00", "service": "dummy-backend", "level": "INFO", "route": "/logout", "status": 200, "latency_ms": 580, "user_id": "u198", "msg": "ok", "trace_id": "b158b031ea421935"}
{"@timestamp": "2026-02-09T15:52:49.560717+00:00", "service": "dummy-backend", "level": "ERROR", "route": "/login", "status": 500, "latency_ms": 556, "user_id": "u109", "msg": "token_expired", "trace_id": "90e4be71134b0dd0"}
{"@timestamp": "2026-02-09T15:52:50.065682+00:00", "service": "dummy-backend", "level": "INFO", "route": "/checkout", "status": 200, "latency_ms": 154, "user_id": "u028", "msg": "ok", "trace_id": "c8a49177586f8063"}
{"@timestamp": "2026-02-09T15:52:50.570069+00:00", "service": "dummy-backend", "level": "INFO", "route": "/checkout", "status": 200, "latency_ms": 136, "user_id": "u192", "msg": "ok", "trace_id": "3ffdba113bd5992c"}
{"@timestamp": "2026-02-09T15:52:51.074086+00:00", "service": "dummy-backend", "level": "ERROR", "route": "/logout", "status": 200, "latency_ms": 485, "user_id": "u030", "msg": "ok", "trace_id": "dc22e65f5eb3e7a4"}
{"@timestamp": "2026-02-09T15:52:51.582526+00:00", "service": "dummy-backend", "level": "INFO", "route": "/login", "status": 200, "latency_ms": 977, "user_id": "u105", "msg": "ok", "trace_id": "0f6afaacdeb44213"}
{"@timestamp": "2026-02-09T15:52:52.087124+00:00", "service": "dummy-backend", "level": "INFO", "route": "/login", "status": 200, "latency_ms": 237, "user_id": "u171", "msg": "ok", "trace_id": "d1848df580f15585"}
{"@timestamp": "2026-02-09T15:52:52.595879+00:00", "service": "dummy-backend", "level": "INFO", "route": "/search", "status": 200, "latency_ms": 433, "user_id": "u043", "msg": "ok", "trace_id": "2427598c416f68e2"}
{"@timestamp": "2026-02-09T15:52:53.099930+00:00", "service": "dummy-backend", "level": "INFO", "route": "/checkout", "status": 200, "latency_ms": 195, "user_id": "u020", "msg": "ok", "trace_id": "45c09b9319ddf797"}
{"@timestamp": "2026-02-09T15:52:53.604562+00:00", "service": "dummy-backend", "level": "INFO", "route": "/login", "status": 200, "latency_ms": 406, "user_id": "u191", "msg": "ok", "trace_id": "49029142be19a728"}
{"@timestamp": "2026-02-09T15:52:54.108309+00:00", "service": "dummy-backend", "level": "INFO", "route": "/search", "status": 200, "latency_ms": 639, "user_id": "u026", "msg": "ok", "trace_id": "fbfa975fdbd90143"}
{"@timestamp": "2026-02-09T15:52:54.612097+00:00", "service": "dummy-backend", "level": "INFO", "route": "/logout", "status": 200, "latency_ms": 703, "user_id": "u093", "msg": "ok", "trace_id": "6a0713625869073b"}
{"@timestamp": "2026-02-09T15:52:55.111675+00:00", "service": "dummy-backend", "level": "INFO", "route": "/checkout", "status": 200, "latency_ms": 147, "user_id": "u014", "msg": "ok", "trace_id": "02e18aee37867440"}
{"@timestamp": "2026-02-09T15:52:55.615647+00:00", "service": "dummy-backend", "level": "ERROR", "route": "/login", "status": 500, "latency_ms": 123, "user_id": "u093", "msg": "token_expired", "trace_id": "3454cbf39b33399d"}
{"@timestamp": "2026-02-09T15:52:56.119733+00:00", "service": "dummy-backend", "level": "INFO", "route": "/profile", "status": 200, "latency_ms": 261, "user_id": "u094", "msg": "ok", "trace_id": "224864b1f33e2a1e"}
{"@timestamp": "2026-02-09T15:52:56.627390+00:00", "service": "dummy-backend", "level": "WARN", "route": "/checkout", "status": 422, "latency_ms": 581, "user_id": "u032", "msg": "gateway_error", "trace_id": "9abc7838a17b594d"}
{"@timestamp": "2026-02-09T15:52:57.130969+00:00", "service": "dummy-backend", "level": "INFO", "route": "/checkout", "status": 200, "latency_ms": 383, "user_id": "u030", "msg": "ok", "trace_id": "ccb9c564f55ddeed"}
{"@timestamp": "2026-02-09T15:52:57.635622+00:00", "service": "dummy-backend", "level": "INFO", "route": "/search", "status": 200, "latency_ms": 333, "user_id": "u061", "msg": "ok", "trace_id": "f2e99665f2709165"}
{"@timestamp": "2026-02-09T15:52:58.143622+00:00", "service": "dummy-backend", "level": "INFO", "route": "/login", "status": 200, "latency_ms": 969, "user_id": "u164", "msg": "ok", "trace_id": "48ce9f2889694077"}
{"@timestamp": "2026-02-09T15:52:58.648176+00:00", "service": "dummy-backend", "level": "INFO", "route": "/search", "status": 200, "latency_ms": 1193, "user_id": "u040", "msg": "ok", "trace_id": "1b878963b60a6cd5"}
{"@timestamp": "2026-02-09T15:52:59.153764+00:00", "service": "dummy-backend", "level": "INFO", "route": "/checkout", "status": 200, "latency_ms": 418, "user_id": "u140", "msg": "ok", "trace_id": "b7f901534dc5f413"}
{"@timestamp": "2026-02-09T15:52:59.663022+00:00", "service": "dummy-backend", "level": "INFO", "route": "/profile", "status": 200, "latency_ms": 222, "user_id": "u011", "msg": "ok", "trace_id": "23e972e0d3172832"}
{"@timestamp": "2026-02-09T15:53:00.167604+00:00", "service": "dummy-backend", "level": "INFO", "route": "/profile", "status": 200, "latency_ms": 417, "user_id": "u084", "msg": "ok", "trace_id": "caba7d7bedf5ed16"}
{"@timestamp": "2026-02-09T15:53:00.671993+00:00", "service": "dummy-backend", "level": "ERROR", "route": "/checkout", "status": 500, "latency_ms": 802, "user_id": "u132", "msg": "gateway_error", "trace_id": "1dbe370d2d7bafc9"}
{"@timestamp": "2026-02-09T15:53:01.179642+00:00", "service": "dummy-backend", "level": "INFO", "route": "/profile", "status": 200, "latency_ms": 86, "user_id": "u103", "msg": "ok", "trace_id": "334bcbf1603fa0fe"}
{"@timestamp": "2026-02-09T15:53:01.683805+00:00", "service": "dummy-backend", "level": "INFO", "route": "/login", "status": 200, "latency_ms": 49, "user_id": "u030", "msg": "ok", "trace_id": "5218d5c16d19a0e8"}
{"@timestamp": "2026-02-09T15:53:02.187770+00:00", "service": "dummy-backend", "level": "INFO", "route": "/checkout", "status": 200, "latency_ms": 955, "user_id": "u004", "msg": "ok", "trace_id": "91738fda1ca7c4e1"}
{"@timestamp": "2026-02-09T15:53:02.691485+00:00", "service": "dummy-backend", "level": "INFO", "route": "/logout", "status": 200, "latency_ms": 320, "user_id": "u104", "msg": "ok", "trace_id": "4f3ac955cb626c25"}
{"@timestamp": "2026-02-09T15:53:03.194878+00:00", "service": "dummy-backend", "level": "INFO", "route": "/checkout", "status": 200, "latency_ms": 560, "user_id": "u106", "msg": "ok", "trace_id": "08eae61367d699bc"}
{"@timestamp": "2026-02-09T15:53:03.698566+00:00", "service": "dummy-backend", "level": "ERROR", "route": "/profile", "status": 200, "latency_ms": 845, "user_id": "u132", "msg": "ok", "trace_id": "a614da1aa43f6401"}
{"@timestamp": "2026-02-09T15:53:04.202305+00:00", "service": "dummy-backend", "level": "INFO", "route": "/checkout", "status": 200, "latency_ms": 1123, "user_id": "u144", "msg": "ok", "trace_id": "a0205fdb166f9fa5"}
{"@timestamp": "2026-02-09T15:53:04.706338+00:00", "service": "dummy-backend", "level": "INFO", "route": "/login", "status": 200, "latency_ms": 820, "user_id": "u136", "msg": "ok", "trace_id": "292c438e701530f9"}
{"@timestamp": "2026-02-09T15:53:05.210578+00:00", "service": "dummy-backend", "level": "INFO", "route": "/login", "status": 200, "latency_ms": 888, "user_id": "u195", "msg": "ok", "trace_id": "42ea8eb03bf3c2bf"}
{"@timestamp": "2026-02-09T15:53:05.715046+00:00", "service": "dummy-backend", "level": "INFO", "route": "/logout", "status": 200, "latency_ms": 1127, "user_id": "u002", "msg": "ok", "trace_id": "d8ed1a5ddfd9fa6a"}
{"@timestamp": "2026-02-09T15:53:06.219023+00:00", "service": "dummy-backend", "level": "INFO", "route": "/profile", "status": 200, "latency_ms": 210, "user_id": "u132", "msg": "ok", "trace_id": "ccaa71a7aaaa3b76"}
{"@timestamp": "2026-02-09T15:53:06.722845+00:00", "service": "dummy-backend", "level": "INFO", "route": "/checkout", "status": 200, "latency_ms": 517, "user_id": "u167", "msg": "ok", "trace_id": "d9a2e00b279c8738"}
{"@timestamp": "2026-02-09T15:53:07.234614+00:00", "service": "dummy-backend", "level": "INFO", "route": "/logout", "status": 200, "latency_ms": 709, "user_id": "u110", "msg": "ok", "trace_id": "411eeb86f3fbc521"}
{"@timestamp": "2026-02-09T15:53:07.740764+00:00", "service": "dummy-backend", "level": "INFO", "route": "/login", "status": 200, "latency_ms": 179, "user_id": "u081", "msg": "ok", "trace_id": "fa4821c484f0e922"}
{"@timestamp": "2026-02-09T15:53:08.244767+00:00", "service": "dummy-backend", "level": "INFO", "route": "/checkout", "status": 200, "latency_ms": 833, "user_id": "u182", "msg": "ok", "trace_id": "40800ac0c179add2"}
{"@timestamp": "2026-02-09T15:53:08.748734+00:00", "service": "dummy-backend", "level": "INFO", "route": "/checkout", "status": 200, "latency_ms": 415, "user_id": "u036", "msg": "ok", "trace_id": "e6523bd5895f018a"}
{"@timestamp": "2026-02-09T15:53:09.254943+00:00", "service": "dummy-backend", "level": "ERROR", "route": "/logout", "status": 200, "latency_ms": 976, "user_id": "u102", "msg": "ok", "trace_id": "be39d75626bb9ba8"}
{"@timestamp": "2026-02-09T15:53:09.759502+00:00", "service": "dummy-backend", "level": "WARN", "route": "/profile", "status": 200, "latency_ms": 234, "user_id": "u132", "msg": "ok", "trace_id": "daea3eee6db1f6c0"}
{"@timestamp": "2026-02-09T15:53:10.264400+00:00", "service": "dummy-backend", "level": "WARN", "route": "/checkout", "status": 422, "latency_ms": 501, "user_id": "u199", "msg": "gateway_error", "trace_id": "d1a7dcca1af52ec0"}
{"@timestamp": "2026-02-09T15:53:10.768630+00:00", "service": "dummy-backend", "level": "INFO", "route": "/profile", "status": 200, "latency_ms": 134, "user_id": "u025", "msg": "ok", "trace_id": "f577a9b0ad86118b"}
{"@timestamp": "2026-02-09T15:53:11.272196+00:00", "service": "dummy-backend", "level": "WARN", "route": "/logout", "status": 200, "latency_ms": 843, "user_id": "u158", "msg": "ok", "trace_id": "9c20225e9db3265c"}
{"@timestamp": "2026-02-09T15:53:11.775855+00:00", "service": "dummy-backend", "level": "INFO", "route": "/search", "status": 200, "latency_ms": 104, "user_id": "u030", "msg": "ok", "trace_id": "f327c13ce4e5eb81"}
{"@timestamp": "2026-02-09T15:53:12.280889+00:00", "service": "dummy-backend", "level": "INFO", "route": "/logout", "status": 200, "latency_ms": 573, "user_id": "u176", "msg": "ok", "trace_id": "48140b523a3a89ec"}
{"@timestamp": "2026-02-09T15:53:12.784363+00:00", "service": "dummy-backend", "level": "INFO", "route": "/profile", "status": 200, "latency_ms": 666, "user_id": "u171", "msg": "ok", "trace_id": "f281af1926e69548"}
{"@timestamp": "2026-02-09T15:53:13.297408+00:00", "service": "dummy-backend", "level": "INFO", "route": "/checkout", "status": 200, "latency_ms": 1173, "user_id": "u119", "msg": "ok", "trace_id": "9eaa1425dff06e6a"}
{"@timestamp": "2026-02-09T15:53:13.801860+00:00", "service": "dummy-backend", "level": "INFO", "route": "/logout", "status": 200, "latency_ms": 992, "user_id": "u095", "msg": "ok", "trace_id": "0b2bdb03f181e944"}
{"@timestamp": "2026-02-09T15:53:14.310961+00:00", "service": "dummy-backend", "level": "WARN", "route": "/checkout", "status": 409, "latency_ms": 598, "user_id": "u060", "msg": "insufficient_stock", "trace_id": "937f7fe9ae43efb1"}
{"@timestamp": "2026-02-09T15:53:14.820387+00:00", "service": "dummy-backend", "level": "INFO", "route": "/checkout", "status": 200, "latency_ms": 881, "user_id": "u004", "msg": "ok", "trace_id": "1318671613655497"}
{"@timestamp": "2026-02-09T15:53:15.325116+00:00", "service": "dummy-backend", "level": "INFO", "route": "/login", "status": 200, "latency_ms": 910, "user_id": "u139", "msg": "ok", "trace_id": "39f60e92dacb277c"}
{"@timestamp": "2026-02-09T15:53:15.829821+00:00", "service": "dummy-backend", "level": "INFO", "route": "/profile", "status": 200, "latency_ms": 63, "user_id": "u186", "msg": "ok", "trace_id": "6244ecc23118bcd2"}
{"@timestamp": "2026-02-09T15:53:16.334188+00:00", "service": "dummy-backend", "level": "INFO", "route": "/login", "status": 200, "latency_ms": 540, "user_id": "u164", "msg": "ok", "trace_id": "492228b1dc2ebdd3"}
{"@timestamp": "2026-02-09T15:53:16.848670+00:00", "service": "dummy-backend", "level": "INFO", "route": "/login", "status": 200, "latency_ms": 91, "user_id": "u032", "msg": "ok", "trace_id": "d4c7d593c5a6f6c3"}
{"@timestamp": "2026-02-09T15:53:17.353590+00:00", "service": "dummy-backend", "level": "INFO", "route": "/profile", "status": 200, "latency_ms": 229, "user_id": "u004", "msg": "ok", "trace_id": "5722119e4eed8b88"}
{"@timestamp": "2026-02-09T15:53:17.861471+00:00", "service": "dummy-backend", "level": "WARN", "route": "/profile", "status": 200, "latency_ms": 586, "user_id": "u180", "msg": "ok", "trace_id": "2d316c897f6d6fb3"}
{"@timestamp": "2026-02-09T15:53:18.368155+00:00", "service": "dummy-backend", "level": "INFO", "route": "/login", "status": 200, "latency_ms": 557, "user_id": "u114", "msg": "ok", "trace_id": "8315693ff9b5d7fa"}
{"@timestamp": "2026-02-09T15:53:18.872891+00:00", "service": "dummy-backend", "level": "INFO", "route": "/profile", "status": 200, "latency_ms": 494, "user_id": "u163", "msg": "ok", "trace_id": "72ab7f9fa65a1322"}
{"@timestamp": "2026-02-09T15:53:19.377744+00:00", "service": "dummy-backend", "level": "INFO", "route": "/profile", "status": 200, "latency_ms": 123, "user_id": "u189", "msg": "ok", "trace_id": "c59d9b9f3708d176"}
{"@timestamp": "2026-02-09T15:53:19.885874+00:00", "service": "dummy-backend", "level": "INFO", "route": "/checkout", "status": 200, "latency_ms": 413, "user_id": "u114", "msg": "ok", "trace_id": "43a8d60feffb4c97"}
{"@timestamp": "2026-02-09T15:53:20.389819+00:00", "service": "dummy-backend", "level": "INFO", "route": "/checkout", "status": 200, "latency_ms": 207, "user_id": "u146", "msg": "ok", "trace_id": "6142e8a4ed296217"}
{"@timestamp": "2026-02-09T15:53:20.893519+00:00", "service": "dummy-backend", "level": "INFO", "route": "/profile", "status": 200, "latency_ms": 1106, "user_id": "u051", "msg": "ok", "trace_id": "b93e1b7946a9a0fd"}
{"@timestamp": "2026-02-09T15:53:21.401550+00:00", "service": "dummy-backend", "level": "ERROR", "route": "/profile", "status": 200, "latency_ms": 780, "user_id": "u162", "msg": "ok", "trace_id": "3129a0c9b4323766"}
{"@timestamp": "2026-02-09T15:53:21.906279+00:00", "service": "dummy-backend", "level": "INFO", "route": "/logout", "status": 200, "latency_ms": 138, "user_id": "u195", "msg": "ok", "trace_id": "9f3d58756d58b7d5"}
{"@timestamp": "2026-02-09T15:53:22.410660+00:00", "service": "dummy-backend", "level": "INFO", "route": "/login", "status": 200, "latency_ms": 374, "user_id": "u024", "msg": "ok", "trace_id": "ebc2b6bf5a36753a"}
{"@timestamp": "2026-02-09T15:53:22.921712+00:00", "service": "dummy-backend", "level": "WARN", "route": "/logout", "status": 200, "latency_ms": 571, "user_id": "u167", "msg": "ok", "trace_id": "fb5bddf913d0d1f5"}
{"@timestamp": "2026-02-09T15:53:23.434953+00:00", "service": "dummy-backend", "level": "WARN", "route": "/login", "status": 200, "latency_ms": 956, "user_id": "u192", "msg": "ok", "trace_id": "5a4e14dfc563a52e"}
{"@timestamp": "2026-02-09T15:53:23.949956+00:00", "service": "dummy-backend", "level": "INFO", "route": "/logout", "status": 200, "latency_ms": 804, "user_id": "u054", "msg": "ok", "trace_id": "e09e745bcdfb4cd3"}
{"@timestamp": "2026-02-09T15:53:24.458797+00:00", "service": "dummy-backend", "level": "INFO", "route": "/login", "status": 200, "latency_ms": 889, "user_id": "u132", "msg": "ok", "trace_id": "84dfd1a0c08ead93"}
{"@timestamp": "2026-02-09T15:53:24.958123+00:00", "service": "dummy-backend", "level": "INFO", "route": "/login", "status": 200, "latency_ms": 1184, "user_id": "u026", "msg": "ok", "trace_id": "25dd4380fad0de04"}
{"@timestamp": "2026-02-09T15:53:25.462157+00:00", "service": "dummy-backend", "level": "INFO", "route": "/logout", "status": 200, "latency_ms": 290, "user_id": "u072", "msg": "ok", "trace_id": "a79a02df13488ad5"}
{"@timestamp": "2026-02-09T15:53:25.975850+00:00", "service": "dummy-backend", "level": "INFO", "route": "/profile", "status": 200, "latency_ms": 880, "user_id": "u199", "msg": "ok", "trace_id": "dd905bc92f9c737e"}
{"@timestamp": "2026-02-09T15:53:26.491421+00:00", "service": "dummy-backend", "level": "INFO", "route": "/login", "status": 200, "latency_ms": 267, "user_id": "u199", "msg": "ok", "trace_id": "bf66b453c2eb4c4a"}
{"@timestamp": "2026-02-09T15:53:26.997701+00:00", "service": "dummy-backend", "level": "INFO", "route": "/checkout", "status": 200, "latency_ms": 934, "user_id": "u135", "msg": "ok", "trace_id": "afeb3ec819761285"}
{"@timestamp": "2026-02-09T15:53:27.501336+00:00", "service": "dummy-backend", "level": "INFO", "route": "/checkout", "status": 200, "latency_ms": 355, "user_id": "u163", "msg": "ok", "trace_id": "2dd138d1bab84f5f"}
{"@timestamp": "2026-02-09T15:53:28.006300+00:00", "service": "dummy-backend", "level": "INFO", "route": "/logout", "status": 200, "latency_ms": 430, "user_id": "u141", "msg": "ok", "trace_id": "f70ec313c9e26c0c"}
{"@timestamp": "2026-02-09T15:53:28.510319+00:00", "service": "dummy-backend", "level": "WARN", "route": "/profile", "status": 200, "latency_ms": 141, "user_id": "u047", "msg": "ok", "trace_id": "6f08dc50026cf964"}
{"@timestamp": "2026-02-09T15:53:29.014763+00:00", "service": "dummy-backend", "level": "INFO", "route": "/login", "status": 200, "latency_ms": 576, "user_id": "u178", "msg": "ok", "trace_id": "d963e5a437c4dd88"}
{"@timestamp": "2026-02-09T15:53:29.518673+00:00", "service": "dummy-backend", "level": "INFO", "route": "/profile", "status": 200, "latency_ms": 133, "user_id": "u185", "msg": "ok", "trace_id": "b80dc906f774ce0b"}
{"@timestamp": "2026-02-09T15:53:30.030565+00:00", "service": "dummy-backend", "level": "INFO", "route": "/search", "status": 200, "latency_ms": 830, "user_id": "u138", "msg": "ok", "trace_id": "f0ccc3e45fdc2d26"}
{"@timestamp": "2026-02-09T15:53:30.545435+00:00", "service": "dummy-backend", "level": "INFO", "route": "/checkout", "status": 200, "latency_ms": 296, "user_id": "u150", "msg": "ok", "trace_id": "096fb2ec1f7cf064"}
{"@timestamp": "2026-02-09T15:53:31.049038+00:00", "service": "dummy-backend", "level": "INFO", "route": "/search", "status": 200, "latency_ms": 885, "user_id": "u078", "msg": "ok", "trace_id": "badf871f9d51d563"}
{"@timestamp": "2026-02-09T15:53:31.553543+00:00", "service": "dummy-backend", "level": "INFO", "route": "/login", "status": 200, "latency_ms": 185, "user_id": "u110", "msg": "ok", "trace_id": "3bf892e1629f6eb0"}
{"@timestamp": "2026-02-09T15:53:32.057419+00:00", "service": "dummy-backend", "level": "INFO", "route": "/login", "status": 200, "latency_ms": 1162, "user_id": "u079", "msg": "ok", "trace_id": "b75b27a4f84401e3"}
{"@timestamp": "2026-02-09T15:53:32.562271+00:00", "service": "dummy-backend", "level": "INFO", "route": "/profile", "status": 200, "latency_ms": 984, "user_id": "u062", "msg": "ok", "trace_id": "93d7878e217aa3ef"}
{"@timestamp": "2026-02-09T15:53:33.066135+00:00", "service": "dummy-backend", "level": "INFO", "route": "/checkout", "status": 200, "latency_ms": 486, "user_id": "u044", "msg": "ok", "trace_id": "3cb7cd459ed87c93"}
{"@timestamp": "2026-02-09T15:53:33.571841+00:00", "service": "dummy-backend", "level": "INFO", "route": "/checkout", "status": 200, "latency_ms": 248, "user_id": "u146", "msg": "ok", "trace_id": "1b95476ee5f52b2a"}
{"@timestamp": "2026-02-09T15:53:34.084174+00:00", "service": "dummy-backend", "level": "INFO", "route": "/login", "status": 200, "latency_ms": 205, "user_id": "u006", "msg": "ok", "trace_id": "e5330d157a9be821"}
{"@timestamp": "2026-02-09T15:53:34.591261+00:00", "service": "dummy-backend", "level": "INFO", "route": "/profile", "status": 200, "latency_ms": 25, "user_id": "u150", "msg": "ok", "trace_id": "cde2477540f21858"}
{"@timestamp": "2026-02-09T15:53:35.108947+00:00", "service": "dummy-backend", "level": "WARN", "route": "/login", "status": 200, "latency_ms": 831, "user_id": "u105", "msg": "ok", "trace_id": "07f599c121754943"}
{"@timestamp": "2026-02-09T15:53:35.612829+00:00", "service": "dummy-backend", "level": "INFO", "route": "/checkout", "status": 200, "latency_ms": 665, "user_id": "u113", "msg": "ok", "trace_id": "1f791f80ba9fb907"}
{"@timestamp": "2026-02-09T15:53:36.129276+00:00", "service": "dummy-backend", "level": "INFO", "route": "/checkout", "status": 200, "latency_ms": 1195, "user_id": "u032", "msg": "ok", "trace_id": "ff656f8e4f0d5ebd"}
{"@timestamp": "2026-02-09T15:53:36.634745+00:00", "service": "dummy-backend", "level": "INFO", "route": "/checkout", "status": 200, "latency_ms": 724, "user_id": "u051", "msg": "ok", "trace_id": "df3c95a49919ddae"}
{"@timestamp": "2026-02-09T15:53:37.148623+00:00", "service": "dummy-backend", "level": "INFO", "route": "/profile", "status": 200, "latency_ms": 965, "user_id": "u062", "msg": "ok", "trace_id": "008354ef35136743"}
{"@timestamp": "2026-02-09T15:53:37.652556+00:00", "service": "dummy-backend", "level": "INFO", "route": "/login", "status": 200, "latency_ms": 352, "user_id": "u149", "msg": "ok", "trace_id": "b02685a7c4e40f10"}
{"@timestamp": "2026-02-09T15:53:38.167060+00:00", "service": "dummy-backend", "level": "INFO", "route": "/checkout", "status": 200, "latency_ms": 1046, "user_id": "u189", "msg": "ok", "trace_id": "67ee7d80248e2e24"}
{"@timestamp": "2026-02-09T15:53:38.671772+00:00", "service": "dummy-backend", "level": "ERROR", "route": "/logout", "status": 200, "latency_ms": 353, "user_id": "u193", "msg": "ok", "trace_id": "74107923e681aa9e"}
{"@timestamp": "2026-02-09T15:53:39.180339+00:00", "service": "dummy-backend", "level": "INFO", "route": "/search", "status": 200, "latency_ms": 1069, "user_id": "u138", "msg": "ok", "trace_id": "70dd21d0b69f96eb"}
{"@timestamp": "2026-02-09T15:53:39.684514+00:00", "service": "dummy-backend", "level": "INFO", "route": "/profile", "status": 200, "latency_ms": 316, "user_id": "u054", "msg": "ok", "trace_id": "0211db933d7cc702"}
{"@timestamp": "2026-02-09T15:53:40.189077+00:00", "service": "dummy-backend", "level": "INFO", "route": "/login", "status": 200, "latency_ms": 164, "user_id": "u120", "msg": "ok", "trace_id": "07e4fe63331a6347"}
{"@timestamp": "2026-02-09T15:53:40.692478+00:00", "service": "dummy-backend", "level": "INFO", "route": "/checkout", "status": 200, "latency_ms": 347, "user_id": "u034", "msg": "ok", "trace_id": "772283c594c2965e"}
{"@timestamp": "2026-02-09T15:53:41.202261+00:00", "service": "dummy-backend", "level": "INFO", "route": "/login", "status": 200, "latency_ms": 747, "user_id": "u150", "msg": "ok", "trace_id": "ca609590e2914672"}
{"@timestamp": "2026-02-09T15:53:41.716879+00:00", "service": "dummy-backend", "level": "INFO", "route": "/login", "status": 200, "latency_ms": 305, "user_id": "u050", "msg": "ok", "trace_id": "41ef36f8a7d99b96"}
{"@timestamp": "2026-02-09T15:53:42.220881+00:00", "service": "dummy-backend", "level": "INFO", "route": "/checkout", "status": 200, "latency_ms": 686, "user_id": "u057", "msg": "ok", "trace_id": "b128af6f6edbce7a"}
{"@timestamp": "2026-02-09T15:53:42.724907+00:00", "service": "dummy-backend", "level": "INFO", "route": "/logout", "status": 200, "latency_ms": 603, "user_id": "u160", "msg": "ok", "trace_id": "6ea1f009c25baf6a"}
{"@timestamp": "2026-02-09T15:53:43.229657+00:00", "service": "dummy-backend", "level": "INFO", "route": "/profile", "status": 200, "latency_ms": 1119, "user_id": "u007", "msg": "ok", "trace_id": "896210094ab131cf"}
{"@timestamp": "2026-02-09T15:53:43.733846+00:00", "service": "dummy-backend", "level": "INFO", "route": "/checkout", "status": 200, "latency_ms": 327, "user_id": "u160", "msg": "ok", "trace_id": "2bcf21b93e79b952"}
{"@timestamp": "2026-02-09T15:53:44.238171+00:00", "service": "dummy-backend", "level": "ERROR", "route": "/profile", "status": 200, "latency_ms": 95, "user_id": "u164", "msg": "ok", "trace_id": "ea7093abaaf2413c"}
{"@timestamp": "2026-02-09T15:53:44.741924+00:00", "service": "dummy-backend", "level": "INFO", "route": "/checkout", "status": 200, "latency_ms": 778, "user_id": "u103", "msg": "ok", "trace_id": "17ae4765a7714fb4"}
{"@timestamp": "2026-02-09T15:53:45.246184+00:00", "service": "dummy-backend", "level": "INFO", "route": "/profile", "status": 200, "latency_ms": 512, "user_id": "u039", "msg": "ok", "trace_id": "f09f5dceefecb5ca"}
{"@timestamp": "2026-02-09T15:53:45.751044+00:00", "service": "dummy-backend", "level": "INFO", "route": "/logout", "status": 200, "latency_ms": 30, "user_id": "u126", "msg": "ok", "trace_id": "8c38086b16f283fe"}
{"@timestamp": "2026-02-09T15:53:46.256144+00:00", "service": "dummy-backend", "level": "INFO", "route": "/login", "status": 200, "latency_ms": 1097, "user_id": "u143", "msg": "ok", "trace_id": "3b79dadd791c7970"}
{"@timestamp": "2026-02-09T15:53:46.761383+00:00", "service": "dummy-backend", "level": "INFO", "route": "/profile", "status": 200, "latency_ms": 120, "user_id": "u079", "msg": "ok", "trace_id": "b32c8cbf6e240090"}
{"@timestamp": "2026-02-09T15:53:47.266090+00:00", "service": "dummy-backend", "level": "INFO", "route": "/search", "status": 200, "latency_ms": 509, "user_id": "u199", "msg": "ok", "trace_id": "0ee584cf993b97ac"}
{"@timestamp": "2026-02-09T15:53:47.771100+00:00", "service": "dummy-backend", "level": "INFO", "route": "/login", "status": 200, "latency_ms": 6, "user_id": "u044", "msg": "ok", "trace_id": "baa948a10beb93b3"}
{"@timestamp": "2026-02-09T15:53:48.276199+00:00", "service": "dummy-backend", "level": "INFO", "route": "/login", "status": 200, "latency_ms": 277, "user_id": "u174", "msg": "ok", "trace_id": "69581d92928f8318"}
{"@timestamp": "2026-02-09T15:53:48.783999+00:00", "service": "dummy-backend", "level": "INFO", "route": "/login", "status": 200, "latency_ms": 1000, "user_id": "u181", "msg": "ok", "trace_id": "6771d040f6272b00"}
{"@timestamp": "2026-02-09T15:53:49.288654+00:00", "service": "dummy-backend", "level": "INFO", "route": "/search", "status": 200, "latency_ms": 833, "user_id": "u127", "msg": "ok", "trace_id": "6308041a8cc5a125"}
{"@timestamp": "2026-02-09T15:53:49.793309+00:00", "service": "dummy-backend", "level": "INFO", "route": "/search", "status": 200, "latency_ms": 64, "user_id": "u054", "msg": "ok", "trace_id": "d3292eb33eaa0fab"}
{"@timestamp": "2026-02-09T15:53:50.297667+00:00", "service": "dummy-backend", "level": "ERROR", "route": "/profile", "status": 200, "latency_ms": 656, "user_id": "u183", "msg": "ok", "trace_id": "d0eab9f6c1f69434"}
{"@timestamp": "2026-02-09T15:53:50.802257+00:00", "service": "dummy-backend", "level": "INFO", "route": "/checkout", "status": 200, "latency_ms": 777, "user_id": "u024", "msg": "ok", "trace_id": "b0fa1358d974e3d9"}
{"@timestamp": "2026-02-09T15:53:51.307000+00:00", "service": "dummy-backend", "level": "INFO", "route": "/logout", "status": 200, "latency_ms": 1043, "user_id": "u124", "msg": "ok", "trace_id": "8e6c69fb223c54ce"}
{"@timestamp": "2026-02-09T15:53:51.811734+00:00", "service": "dummy-backend", "level": "INFO", "route": "/search", "status": 200, "latency_ms": 817, "user_id": "u008", "msg": "ok", "trace_id": "f465a43590812a9a"}
{"@timestamp": "2026-02-09T15:53:52.315942+00:00", "service": "dummy-backend", "level": "INFO", "route": "/profile", "status": 200, "latency_ms": 626, "user_id": "u054", "msg": "ok", "trace_id": "b8d6499b296b3700"}
{"@timestamp": "2026-02-09T15:53:52.820459+00:00", "service": "dummy-backend", "level": "INFO", "route": "/checkout", "status": 200, "latency_ms": 1087, "user_id": "u037", "msg": "ok", "trace_id": "8d2b29cce70d348d"}
{"@timestamp": "2026-02-09T15:53:53.324536+00:00", "service": "dummy-backend", "level": "INFO", "route": "/search", "status": 200, "latency_ms": 502, "user_id": "u123", "msg": "ok", "trace_id": "a067afe9d69c3856"}
{"@timestamp": "2026-02-09T15:53:53.829042+00:00", "service": "dummy-backend", "level": "INFO", "route": "/profile", "status": 200, "latency_ms": 242, "user_id": "u184", "msg": "ok", "trace_id": "ad555a9337d19fed"}
{"@timestamp": "2026-02-09T15:53:54.334494+00:00", "service": "dummy-backend", "level": "INFO", "route": "/logout", "status": 200, "latency_ms": 255, "user_id": "u182", "msg": "ok", "trace_id": "53f5bffa9bb42a58"}
{"@timestamp": "2026-02-09T15:53:54.838442+00:00", "service": "dummy-backend", "level": "INFO", "route": "/logout", "status": 200, "latency_ms": 59, "user_id": "u159", "msg": "ok", "trace_id": "d178649c72190af6"}
{"@timestamp": "2026-02-09T15:53:55.337077+00:00", "service": "dummy-backend", "level": "INFO", "route": "/checkout", "status": 200, "latency_ms": 432, "user_id": "u150", "msg": "ok", "trace_id": "d0d1fac5392a7644"}
{"@timestamp": "2026-02-09T15:53:55.841133+00:00", "service": "dummy-backend", "level": "INFO", "route": "/search", "status": 200, "latency_ms": 499, "user_id": "u147", "msg": "ok", "trace_id": "fb14a8aabb9bf525"}
{"@timestamp": "2026-02-09T15:53:56.345260+00:00", "service": "dummy-backend", "level": "INFO", "route": "/logout", "status": 200, "latency_ms": 601, "user_id": "u154", "msg": "ok", "trace_id": "f57f1547efed523e"}
{"@timestamp": "2026-02-09T15:53:56.849302+00:00", "service": "dummy-backend", "level": "INFO", "route": "/login", "status": 200, "latency_ms": 927, "user_id": "u055", "msg": "ok", "trace_id": "bbbac65064d0a152"}
{"@timestamp": "2026-02-09T15:53:57.353059+00:00", "service": "dummy-backend", "level": "INFO", "route": "/logout", "status": 200, "latency_ms": 767, "user_id": "u039", "msg": "ok", "trace_id": "14f05d7b0173d750"}
{"@timestamp": "2026-02-09T15:53:57.857619+00:00", "service": "dummy-backend", "level": "INFO", "route": "/checkout", "status": 200, "latency_ms": 762, "user_id": "u114", "msg": "ok", "trace_id": "fde0e25427094573"}
{"@timestamp": "2026-02-09T15:53:58.361955+00:00", "service": "dummy-backend", "level": "INFO", "route": "/search", "status": 200, "latency_ms": 974, "user_id": "u198", "msg": "ok", "trace_id": "e276d1c54be276fb"}
{"@timestamp": "2026-02-09T15:53:58.866341+00:00", "service": "dummy-backend", "level": "INFO", "route": "/checkout", "status": 200, "latency_ms": 224, "user_id": "u075", "msg": "ok", "trace_id": "3e5954beba937849"}
{"@timestamp": "2026-02-09T15:53:59.370756+00:00", "service": "dummy-backend", "level": "ERROR", "route": "/profile", "status": 200, "latency_ms": 832, "user_id": "u069", "msg": "ok", "trace_id": "d4f19ed0d51aabca"}
{"@timestamp": "2026-02-09T15:53:59.874822+00:00", "service": "dummy-backend", "level": "INFO", "route": "/login", "status": 200, "latency_ms": 1075, "user_id": "u195", "msg": "ok", "trace_id": "cfdd60c67dc72fee"}
{"@timestamp": "2026-02-09T15:54:00.378897+00:00", "service": "dummy-backend", "level": "INFO", "route": "/checkout", "status": 200, "latency_ms": 1017, "user_id": "u062", "msg": "ok", "trace_id": "a2221df2a2557873"}
{"@timestamp": "2026-02-09T15:54:00.883834+00:00", "service": "dummy-backend", "level": "WARN", "route": "/search", "status": 200, "latency_ms": 1015, "user_id": "u186", "msg": "ok", "trace_id": "544f057135aa8213"}
{"@timestamp": "2026-02-09T15:54:01.388315+00:00", "service": "dummy-backend", "level": "INFO", "route": "/logout", "status": 200, "latency_ms": 215, "user_id": "u081", "msg": "ok", "trace_id": "5e1e249340c1a1b2"}
{"@timestamp": "2026-02-09T15:54:01.892151+00:00", "service": "dummy-backend", "level": "INFO", "route": "/search", "status": 200, "latency_ms": 147, "user_id": "u147", "msg": "ok", "trace_id": "5ac6b004e228d295"}
{"@timestamp": "2026-02-09T15:54:02.396951+00:00", "service": "dummy-backend", "level": "INFO", "route": "/search", "status": 200, "latency_ms": 288, "user_id": "u187", "msg": "ok", "trace_id": "aee8454c64920963"}
{"@timestamp": "2026-02-09T15:54:02.901168+00:00", "service": "dummy-backend", "level": "INFO", "route": "/checkout", "status": 200, "latency_ms": 317, "user_id": "u166", "msg": "ok", "trace_id": "cfb2c0943bee5dfb"}
{"@timestamp": "2026-02-09T15:54:03.405317+00:00", "service": "dummy-backend", "level": "INFO", "route": "/search", "status": 200, "latency_ms": 918, "user_id": "u174", "msg": "ok", "trace_id": "0884358a0951e3db"}
{"@timestamp": "2026-02-09T15:54:03.909347+00:00", "service": "dummy-backend", "level": "WARN", "route": "/login", "status": 200, "latency_ms": 792, "user_id": "u103", "msg": "ok", "trace_id": "6d1ce09d0e2c6107"}
{"@timestamp": "2026-02-09T15:54:04.413750+00:00", "service": "dummy-backend", "level": "INFO", "route": "/logout", "status": 200, "latency_ms": 1148, "user_id": "u017", "msg": "ok", "trace_id": "5884b5e2244fd956"}
{"@timestamp": "2026-02-09T15:54:04.917487+00:00", "service": "dummy-backend", "level": "INFO", "route": "/search", "status": 200, "latency_ms": 324, "user_id": "u047", "msg": "ok", "trace_id": "8bacfccc3b4d5a8a"}
{"@timestamp": "2026-02-09T15:54:05.422018+00:00", "service": "dummy-backend", "level": "INFO", "route": "/login", "status": 200, "latency_ms": 1062, "user_id": "u181", "msg": "ok", "trace_id": "951960f808e976df"}
{"@timestamp": "2026-02-09T15:54:05.926480+00:00", "service": "dummy-backend", "level": "INFO", "route": "/logout", "status": 200, "latency_ms": 1113, "user_id": "u103", "msg": "ok", "trace_id": "e40c73cf7a721b36"}
{"@timestamp": "2026-02-09T15:54:06.432091+00:00", "service": "dummy-backend", "level": "INFO", "route": "/logout", "status": 200, "latency_ms": 817, "user_id": "u141", "msg": "ok", "trace_id": "9218cb7180ca8b93"}
{"@timestamp": "2026-02-09T15:54:06.936602+00:00", "service": "dummy-backend", "level": "INFO", "route": "/search", "status": 200, "latency_ms": 39, "user_id": "u119", "msg": "ok", "trace_id": "6f7557baf91dc033"}
{"@timestamp": "2026-02-09T15:54:07.440543+00:00", "service": "dummy-backend", "level": "INFO", "route": "/checkout", "status": 200, "latency_ms": 1117, "user_id": "u166", "msg": "ok", "trace_id": "8dbc0e538319d731"}
{"@timestamp": "2026-02-09T15:54:07.945014+00:00", "service": "dummy-backend", "level": "INFO", "route": "/logout", "status": 200, "latency_ms": 700, "user_id": "u192", "msg": "ok", "trace_id": "ed6ad3a68acb53ab"}
{"@timestamp": "2026-02-09T15:54:08.449442+00:00", "service": "dummy-backend", "level": "INFO", "route": "/login", "status": 200, "latency_ms": 75, "user_id": "u190", "msg": "ok", "trace_id": "6d728645b9b08153"}
{"@timestamp": "2026-02-09T15:54:08.963117+00:00", "service": "dummy-backend", "level": "WARN", "route": "/logout", "status": 200, "latency_ms": 265, "user_id": "u163", "msg": "ok", "trace_id": "7d8c4e2f6d2b6e9e"}
{"@timestamp": "2026-02-09T15:54:09.467358+00:00", "service": "dummy-backend", "level": "INFO", "route": "/login", "status": 200, "latency_ms": 449, "user_id": "u065", "msg": "ok", "trace_id": "69c4969b8da040ec"}
{"@timestamp": "2026-02-09T15:54:09.972776+00:00", "service": "dummy-backend", "level": "WARN", "route": "/profile", "status": 200, "latency_ms": 20, "user_id": "u107", "msg": "ok", "trace_id": "4396da47f4cba4f1"}
{"@timestamp": "2026-02-09T15:54:10.477570+00:00", "service": "dummy-backend", "level": "INFO", "route": "/login", "status": 200, "latency_ms": 545, "user_id": "u181", "msg": "ok", "trace_id": "50da7f1cb937a929"}
{"@timestamp": "2026-02-09T15:54:10.981807+00:00", "service": "dummy-backend", "level": "INFO", "route": "/checkout", "status": 200, "latency_ms": 616, "user_id": "u028", "msg": "ok", "trace_id": "39d381877a549e09"}
{"@timestamp": "2026-02-09T15:54:11.486283+00:00", "service": "dummy-backend", "level": "INFO", "route": "/logout", "status": 200, "latency_ms": 314, "user_id": "u015", "msg": "ok", "trace_id": "3eaca3e92d3297ce"}
{"@timestamp": "2026-02-09T15:54:11.990076+00:00", "service": "dummy-backend", "level": "INFO", "route": "/checkout", "status": 200, "latency_ms": 619, "user_id": "u016", "msg": "ok", "trace_id": "8968a076e3956a5f"}
{"@timestamp": "2026-02-09T15:54:12.494568+00:00", "service": "dummy-backend", "level": "INFO", "route": "/search", "status": 200, "latency_ms": 263, "user_id": "u166", "msg": "ok", "trace_id": "4f6e16f576742282"}
{"@timestamp": "2026-02-09T15:54:12.999210+00:00", "service": "dummy-backend", "level": "INFO", "route": "/login", "status": 200, "latency_ms": 78, "user_id": "u053", "msg": "ok", "trace_id": "38396806ff899faf"}
{"@timestamp": "2026-02-09T15:54:13.502534+00:00", "service": "dummy-backend", "level": "INFO", "route": "/profile", "status": 200, "latency_ms": 137, "user_id": "u158", "msg": "ok", "trace_id": "cec4e7bc2884e52f"}
{"@timestamp": "2026-02-09T15:54:14.005948+00:00", "service": "dummy-backend", "level": "INFO", "route": "/login", "status": 200, "latency_ms": 734, "user_id": "u161", "msg": "ok", "trace_id": "ae06f26f4c96a000"}
{"@timestamp": "2026-02-09T15:54:14.509921+00:00", "service": "dummy-backend", "level": "INFO", "route": "/checkout", "status": 200, "latency_ms": 464, "user_id": "u177", "msg": "ok", "trace_id": "82cd9ac76e397439"}
{"@timestamp": "2026-02-09T15:54:15.014316+00:00", "service": "dummy-backend", "level": "INFO", "route": "/search", "status": 200, "latency_ms": 118, "user_id": "u053", "msg": "ok", "trace_id": "374efc1aec670f94"}
{"@timestamp": "2026-02-09T15:54:15.519563+00:00", "service": "dummy-backend", "level": "INFO", "route": "/search", "status": 200, "latency_ms": 592, "user_id": "u069", "msg": "ok", "trace_id": "b333b60e7dca4d18"}
{"@timestamp": "2026-02-09T15:54:16.024156+00:00", "service": "dummy-backend", "level": "INFO", "route": "/profile", "status": 200, "latency_ms": 1109, "user_id": "u065", "msg": "ok", "trace_id": "fd1c768f45a1a50c"}
{"@timestamp": "2026-02-09T15:54:16.529665+00:00", "service": "dummy-backend", "level": "INFO", "route": "/checkout", "status": 200, "latency_ms": 1093, "user_id": "u029", "msg": "ok", "trace_id": "06599c71ddc7ee5e"}
{"@timestamp": "2026-02-09T15:54:17.036711+00:00", "service": "dummy-backend", "level": "ERROR", "route": "/login", "status": 500, "latency_ms": 426, "user_id": "u199", "msg": "token_expired", "trace_id": "204745a861c3e94a"}
{"@timestamp": "2026-02-09T15:54:17.541038+00:00", "service": "dummy-backend", "level": "INFO", "route": "/logout", "status": 200, "latency_ms": 721, "user_id": "u075", "msg": "ok", "trace_id": "b0e0649156330b96"}
{"@timestamp": "2026-02-09T15:54:18.045757+00:00", "service": "dummy-backend", "level": "INFO", "route": "/logout", "status": 200, "latency_ms": 865, "user_id": "u084", "msg": "ok", "trace_id": "9fa5353d031f41b8"}
{"@timestamp": "2026-02-09T15:54:18.550831+00:00", "service": "dummy-backend", "level": "WARN", "route": "/search", "status": 200, "latency_ms": 217, "user_id": "u051", "msg": "ok", "trace_id": "9cc5af28418a72bd"}
{"@timestamp": "2026-02-09T15:54:19.055083+00:00", "service": "dummy-backend", "level": "INFO", "route": "/search", "status": 200, "latency_ms": 1060, "user_id": "u080", "msg": "ok", "trace_id": "ad651d5f952a6804"}
{"@timestamp": "2026-02-09T15:54:19.559489+00:00", "service": "dummy-backend", "level": "ERROR", "route": "/search", "status": 200, "latency_ms": 823, "user_id": "u159", "msg": "ok", "trace_id": "212a087efd088528"}
{"@timestamp": "2026-02-09T15:54:20.064731+00:00", "service": "dummy-backend", "level": "INFO", "route": "/profile", "status": 200, "latency_ms": 346, "user_id": "u100", "msg": "ok", "trace_id": "435ec4def004ade7"}
{"@timestamp": "2026-02-09T15:54:20.569190+00:00", "service": "dummy-backend", "level": "INFO", "route": "/checkout", "status": 200, "latency_ms": 486, "user_id": "u155", "msg": "ok", "trace_id": "b640b4bb1b95ab21"}
{"@timestamp": "2026-02-09T15:54:21.073278+00:00", "service": "dummy-backend", "level": "INFO", "route": "/search", "status": 200, "latency_ms": 107, "user_id": "u147", "msg": "ok", "trace_id": "fc9352f4a5371934"}
{"@timestamp": "2026-02-09T15:54:21.577092+00:00", "service": "dummy-backend", "level": "WARN", "route": "/login", "status": 200, "latency_ms": 1048, "user_id": "u168", "msg": "ok", "trace_id": "a5c682f0c1813027"}
{"@timestamp": "2026-02-09T15:54:22.082767+00:00", "service": "dummy-backend", "level": "INFO", "route": "/checkout", "status": 200, "latency_ms": 1072, "user_id": "u130", "msg": "ok", "trace_id": "fc8288c0a4c69f7a"}
{"@timestamp": "2026-02-09T15:54:22.587068+00:00", "service": "dummy-backend", "level": "INFO", "route": "/profile", "status": 200, "latency_ms": 256, "user_id": "u166", "msg": "ok", "trace_id": "1888573877eb258f"}
{"@timestamp": "2026-02-09T15:54:23.092992+00:00", "service": "dummy-backend", "level": "INFO", "route": "/login", "status": 200, "latency_ms": 542, "user_id": "u022", "msg": "ok", "trace_id": "6b9bf97420930ffe"}
{"@timestamp": "2026-02-09T15:54:23.598591+00:00", "service": "dummy-backend", "level": "INFO", "route": "/profile", "status": 200, "latency_ms": 999, "user_id": "u121", "msg": "ok", "trace_id": "2dff8d9b06c0c207"}
{"@timestamp": "2026-02-09T15:54:24.103293+00:00", "service": "dummy-backend", "level": "INFO", "route": "/logout", "status": 200, "latency_ms": 51, "user_id": "u141", "msg": "ok", "trace_id": "2fb8ea9e73b9d284"}
{"@timestamp": "2026-02-09T15:54:24.609234+00:00", "service": "dummy-backend", "level": "WARN", "route": "/checkout", "status": 422, "latency_ms": 551, "user_id": "u041", "msg": "gateway_error", "trace_id": "971895e4da186afa"}
{"@timestamp": "2026-02-09T15:54:25.102020+00:00", "service": "dummy-backend", "level": "INFO", "route": "/checkout", "status": 200, "latency_ms": 975, "user_id": "u026", "msg": "ok", "trace_id": "4e092741e42343c7"}
{"@timestamp": "2026-02-09T15:54:25.607216+00:00", "service": "dummy-backend", "level": "WARN", "route": "/profile", "status": 200, "latency_ms": 958, "user_id": "u007", "msg": "ok", "trace_id": "deb08b93c778b7c6"}
{"@timestamp": "2026-02-09T15:54:26.113979+00:00", "service": "dummy-backend", "level": "INFO", "route": "/profile", "status": 200, "latency_ms": 120, "user_id": "u131", "msg": "ok", "trace_id": "24583db95284c36b"}
{"@timestamp": "2026-02-09T15:54:26.618613+00:00", "service": "dummy-backend", "level": "INFO", "route": "/logout", "status": 200, "latency_ms": 1090, "user_id": "u143", "msg": "ok", "trace_id": "4aeae0b70ab9fd3c"}
{"@timestamp": "2026-02-09T15:54:27.122730+00:00", "service": "dummy-backend", "level": "INFO", "route": "/profile", "status": 200, "latency_ms": 1096, "user_id": "u021", "msg": "ok", "trace_id": "c7885673c2b55976"}
{"@timestamp": "2026-02-09T15:54:27.629067+00:00", "service": "dummy-backend", "level": "INFO", "route": "/search", "status": 200, "latency_ms": 332, "user_id": "u032", "msg": "ok", "trace_id": "db0fc1957bc53cd5"}
{"@timestamp": "2026-02-09T15:54:28.133200+00:00", "service": "dummy-backend", "level": "INFO", "route": "/login", "status": 200, "latency_ms": 542, "user_id": "u048", "msg": "ok", "trace_id": "0dc8637ca5c9d582"}
{"@timestamp": "2026-02-09T15:54:28.638023+00:00", "service": "dummy-backend", "level": "WARN", "route": "/search", "status": 200, "latency_ms": 761, "user_id": "u181", "msg": "ok", "trace_id": "e59c36fc87a7f565"}
{"@timestamp": "2026-02-09T15:54:29.142531+00:00", "service": "dummy-backend", "level": "INFO", "route": "/checkout", "status": 200, "latency_ms": 807, "user_id": "u121", "msg": "ok", "trace_id": "ab1aa5d0ad71d273"}
{"@timestamp": "2026-02-09T15:54:29.648496+00:00", "service": "dummy-backend", "level": "WARN", "route": "/login", "status": 200, "latency_ms": 6, "user_id": "u056", "msg": "ok", "trace_id": "ac199b75fce49bf9"}
{"@timestamp": "2026-02-09T15:54:30.154474+00:00", "service": "dummy-backend", "level": "INFO", "route": "/login", "status": 200, "latency_ms": 305, "user_id": "u115", "msg": "ok", "trace_id": "54881daba6d0f7bb"}
{"@timestamp": "2026-02-09T15:54:30.660466+00:00", "service": "dummy-backend", "level": "INFO", "route": "/logout", "status": 200, "latency_ms": 951, "user_id": "u055", "msg": "ok", "trace_id": "5181384d92705af5"}
{"@timestamp": "2026-02-09T15:54:31.167651+00:00", "service": "dummy-backend", "level": "INFO", "route": "/logout", "status": 200, "latency_ms": 849, "user_id": "u142", "msg": "ok", "trace_id": "3236744f960b933e"}
{"@timestamp": "2026-02-09T15:54:31.674132+00:00", "service": "dummy-backend", "level": "INFO", "route": "/checkout", "status": 200, "latency_ms": 469, "user_id": "u137", "msg": "ok", "trace_id": "16c7e78249ddfc85"}
{"@timestamp": "2026-02-09T15:54:32.180516+00:00", "service": "dummy-backend", "level": "WARN", "route": "/search", "status": 200, "latency_ms": 1190, "user_id": "u040", "msg": "ok", "trace_id": "9a10a18bc18ee895"}
{"@timestamp": "2026-02-09T15:54:32.686566+00:00", "service": "dummy-backend", "level": "INFO", "route": "/logout", "status": 200, "latency_ms": 351, "user_id": "u189", "msg": "ok", "trace_id": "7733ec47428f2d6d"}
{"@timestamp": "2026-02-09T15:54:33.193102+00:00", "service": "dummy-backend", "level": "INFO", "route": "/search", "status": 200, "latency_ms": 8, "user_id": "u076", "msg": "ok", "trace_id": "d226fa937c2ebe2e"}
{"@timestamp": "2026-02-09T15:54:33.699339+00:00", "service": "dummy-backend", "level": "INFO", "route": "/login", "status": 200, "latency_ms": 983, "user_id": "u095", "msg": "ok", "trace_id": "a9c5792f73d2806a"}
{"@timestamp": "2026-02-09T15:54:34.203244+00:00", "service": "dummy-backend", "level": "INFO", "route": "/search", "status": 200, "latency_ms": 323, "user_id": "u085", "msg": "ok", "trace_id": "845656445412d727"}
{"@timestamp": "2026-02-09T15:54:34.706680+00:00", "service": "dummy-backend", "level": "INFO", "route": "/search", "status": 200, "latency_ms": 423, "user_id": "u138", "msg": "ok", "trace_id": "e3c8ceac72d35e33"}
{"@timestamp": "2026-02-09T15:54:35.212112+00:00", "service": "dummy-backend", "level": "INFO", "route": "/login", "status": 200, "latency_ms": 708, "user_id": "u193", "msg": "ok", "trace_id": "43011d08a0e8f55c"}
{"@timestamp": "2026-02-09T15:54:35.716477+00:00", "service": "dummy-backend", "level": "INFO", "route": "/logout", "status": 200, "latency_ms": 955, "user_id": "u094", "msg": "ok", "trace_id": "32d567c9c36499c8"}
{"@timestamp": "2026-02-09T15:54:36.220731+00:00", "service": "dummy-backend", "level": "INFO", "route": "/checkout", "status": 200, "latency_ms": 83, "user_id": "u172", "msg": "ok", "trace_id": "e89386a76a933287"}
{"@timestamp": "2026-02-09T15:54:36.726602+00:00", "service": "dummy-backend", "level": "INFO", "route": "/logout", "status": 200, "latency_ms": 536, "user_id": "u003", "msg": "ok", "trace_id": "46b8c5061f85c68e"}
{"@timestamp": "2026-02-09T15:54:37.231194+00:00", "service": "dummy-backend", "level": "WARN", "route": "/checkout", "status": 500, "latency_ms": 171, "user_id": "u057", "msg": "insufficient_stock", "trace_id": "92d0f9ec426ad078"}
{"@timestamp": "2026-02-09T15:54:37.735511+00:00", "service": "dummy-backend", "level": "INFO", "route": "/profile", "status": 200, "latency_ms": 660, "user_id": "u025", "msg": "ok", "trace_id": "fd847cdc1d5eaffa"}
{"@timestamp": "2026-02-09T15:54:38.240540+00:00", "service": "dummy-backend", "level": "INFO", "route": "/profile", "status": 200, "latency_ms": 335, "user_id": "u117", "msg": "ok", "trace_id": "c38a43c25e401815"}
{"@timestamp": "2026-02-09T15:54:38.745490+00:00", "service": "dummy-backend", "level": "INFO", "route": "/login", "status": 200, "latency_ms": 230, "user_id": "u027", "msg": "ok", "trace_id": "47bff39383a2a4e3"}
{"@timestamp": "2026-02-09T15:54:39.249690+00:00", "service": "dummy-backend", "level": "INFO", "route": "/checkout", "status": 200, "latency_ms": 444, "user_id": "u028", "msg": "ok", "trace_id": "29c7fa785b6b7475"}
{"@timestamp": "2026-02-09T15:54:39.754962+00:00", "service": "dummy-backend", "level": "INFO", "route": "/profile", "status": 200, "latency_ms": 213, "user_id": "u142", "msg": "ok", "trace_id": "be5a5ea53b924372"}
{"@timestamp": "2026-02-09T15:54:40.260746+00:00", "service": "dummy-backend", "level": "INFO", "route": "/search", "status": 200, "latency_ms": 382, "user_id": "u004", "msg": "ok", "trace_id": "4d3c77841349fabd"}
{"@timestamp": "2026-02-09T15:54:40.765686+00:00", "service": "dummy-backend", "level": "ERROR", "route": "/login", "status": 500, "latency_ms": 557, "user_id": "u200", "msg": "db_timeout", "trace_id": "abeb7b3836b7eb4b"}
{"@timestamp": "2026-02-09T15:54:41.272637+00:00", "service": "dummy-backend", "level": "INFO", "route": "/search", "status": 200, "latency_ms": 15, "user_id": "u026", "msg": "ok", "trace_id": "d9a784841cb91cd3"}
{"@timestamp": "2026-02-09T15:54:41.778062+00:00", "service": "dummy-backend", "level": "INFO", "route": "/profile", "status": 200, "latency_ms": 576, "user_id": "u063", "msg": "ok", "trace_id": "fafc99c3a8b5b4f4"}
{"@timestamp": "2026-02-09T15:54:42.282570+00:00", "service": "dummy-backend", "level": "INFO", "route": "/checkout", "status": 200, "latency_ms": 749, "user_id": "u018", "msg": "ok", "trace_id": "bb8ac098a57714f1"}
{"@timestamp": "2026-02-09T15:54:42.787227+00:00", "service": "dummy-backend", "level": "INFO", "route": "/login", "status": 200, "latency_ms": 911, "user_id": "u148", "msg": "ok", "trace_id": "52b4b40831965cbd"}
{"@timestamp": "2026-02-09T15:54:43.292385+00:00", "service": "dummy-backend", "level": "INFO", "route": "/login", "status": 200, "latency_ms": 162, "user_id": "u141", "msg": "ok", "trace_id": "7f68ef3b47ed7c39"}
{"@timestamp": "2026-02-09T15:54:43.796911+00:00", "service": "dummy-backend", "level": "INFO", "route": "/login", "status": 200, "latency_ms": 1181, "user_id": "u144", "msg": "ok", "trace_id": "9fe2e58468cc10fb"}
{"@timestamp": "2026-02-09T15:54:44.301503+00:00", "service": "dummy-backend", "level": "INFO", "route": "/search", "status": 200, "latency_ms": 1146, "user_id": "u198", "msg": "ok", "trace_id": "11f6e47442513982"}
{"@timestamp": "2026-02-09T15:54:44.808054+00:00", "service": "dummy-backend", "level": "INFO", "route": "/search", "status": 200, "latency_ms": 269, "user_id": "u082", "msg": "ok", "trace_id": "c0a77e67260f3273"}
{"@timestamp": "2026-02-09T15:54:45.314223+00:00", "service": "dummy-backend", "level": "INFO", "route": "/logout", "status": 200, "latency_ms": 359, "user_id": "u133", "msg": "ok", "trace_id": "ecca45e853f20fd9"}
{"@timestamp": "2026-02-09T15:54:45.819264+00:00", "service": "dummy-backend", "level": "INFO", "route": "/login", "status": 200, "latency_ms": 764, "user_id": "u066", "msg": "ok", "trace_id": "0393780ddb8458fc"}
{"@timestamp": "2026-02-09T15:54:46.324953+00:00", "service": "dummy-backend", "level": "INFO", "route": "/profile", "status": 200, "latency_ms": 249, "user_id": "u084", "msg": "ok", "trace_id": "46dfbad735f599a2"}
{"@timestamp": "2026-02-09T15:54:46.829183+00:00", "service": "dummy-backend", "level": "INFO", "route": "/checkout", "status": 200, "latency_ms": 619, "user_id": "u040", "msg": "ok", "trace_id": "afba42bb13a603c8"}
{"@timestamp": "2026-02-09T15:54:47.333470+00:00", "service": "dummy-backend", "level": "INFO", "route": "/login", "status": 200, "latency_ms": 601, "user_id": "u042", "msg": "ok", "trace_id": "2ad68dd63060d636"}
{"@timestamp": "2026-02-09T15:54:47.839768+00:00", "service": "dummy-backend", "level": "INFO", "route": "/logout", "status": 200, "latency_ms": 1090, "user_id": "u099", "msg": "ok", "trace_id": "58e81d43a130fb2e"}
{"@timestamp": "2026-02-09T15:54:48.346286+00:00", "service": "dummy-backend", "level": "INFO", "route": "/profile", "status": 200, "latency_ms": 996, "user_id": "u005", "msg": "ok", "trace_id": "603b96ffb578a353"}
{"@timestamp": "2026-02-09T15:54:48.851782+00:00", "service": "dummy-backend", "level": "INFO", "route": "/login", "status": 200, "latency_ms": 616, "user_id": "u177", "msg": "ok", "trace_id": "e22ff805e67edaac"}
{"@timestamp": "2026-02-09T15:54:49.357261+00:00", "service": "dummy-backend", "level": "INFO", "route": "/search", "status": 200, "latency_ms": 1014, "user_id": "u129", "msg": "ok", "trace_id": "77ebec922aa065d3"}
{"@timestamp": "2026-02-09T15:54:49.863862+00:00", "service": "dummy-backend", "level": "INFO", "route": "/login", "status": 200, "latency_ms": 991, "user_id": "u195", "msg": "ok", "trace_id": "f3dd0dc404bf7d48"}
{"@timestamp": "2026-02-09T15:54:50.368719+00:00", "service": "dummy-backend", "level": "INFO", "route": "/login", "status": 200, "latency_ms": 500, "user_id": "u028", "msg": "ok", "trace_id": "c637fc8a8fb4b93c"}
{"@timestamp": "2026-02-09T15:54:50.872988+00:00", "service": "dummy-backend", "level": "INFO", "route": "/search", "status": 200, "latency_ms": 445, "user_id": "u195", "msg": "ok", "trace_id": "7b88d1d6d5d3d256"}
{"@timestamp": "2026-02-09T15:54:51.378718+00:00", "service": "dummy-backend", "level": "INFO", "route": "/profile", "status": 200, "latency_ms": 1194, "user_id": "u159", "msg": "ok", "trace_id": "51e2ff014a750ae8"}
{"@timestamp": "2026-02-09T15:54:51.883767+00:00", "service": "dummy-backend", "level": "INFO", "route": "/profile", "status": 200, "latency_ms": 181, "user_id": "u200", "msg": "ok", "trace_id": "f854039c064fa5da"}
{"@timestamp": "2026-02-09T15:54:52.389843+00:00", "service": "dummy-backend", "level": "INFO", "route": "/logout", "status": 200, "latency_ms": 1080, "user_id": "u163", "msg": "ok", "trace_id": "602e87779a40d266"}
{"@timestamp": "2026-02-09T15:54:52.894956+00:00", "service": "dummy-backend", "level": "INFO", "route": "/logout", "status": 200, "latency_ms": 1148, "user_id": "u097", "msg": "ok", "trace_id": "62a32a590c70de5f"}
{"@timestamp": "2026-02-09T15:54:53.399258+00:00", "service": "dummy-backend", "level": "INFO", "route": "/profile", "status": 200, "latency_ms": 704, "user_id": "u025", "msg": "ok", "trace_id": "9327a08b5d671db6"}
{"@timestamp": "2026-02-09T15:54:53.903775+00:00", "service": "dummy-backend", "level": "INFO", "route": "/checkout", "status": 200, "latency_ms": 261, "user_id": "u030", "msg": "ok", "trace_id": "5d403a78ee3e627b"}
{"@timestamp": "2026-02-09T15:54:54.408717+00:00", "service": "dummy-backend", "level": "INFO", "route": "/profile", "status": 200, "latency_ms": 132, "user_id": "u054", "msg": "ok", "trace_id": "f1a859b687212d8b"}
{"@timestamp": "2026-02-09T15:54:54.914476+00:00", "service": "dummy-backend", "level": "INFO", "route": "/checkout", "status": 200, "latency_ms": 195, "user_id": "u155", "msg": "ok", "trace_id": "981c6f40ac953df8"}
{"@timestamp": "2026-02-09T15:54:55.419040+00:00", "service": "dummy-backend", "level": "INFO", "route": "/login", "status": 200, "latency_ms": 344, "user_id": "u027", "msg": "ok", "trace_id": "89f1bf7e148fadf0"}
{"@timestamp": "2026-02-09T15:54:55.922867+00:00", "service": "dummy-backend", "level": "INFO", "route": "/login", "status": 200, "latency_ms": 141, "user_id": "u056", "msg": "ok", "trace_id": "5b4199160b9ed2b2"}
{"@timestamp": "2026-02-09T15:54:56.428121+00:00", "service": "dummy-backend", "level": "WARN", "route": "/profile", "status": 200, "latency_ms": 1017, "user_id": "u103", "msg": "ok", "trace_id": "76ff805ed4eccc42"}
{"@timestamp": "2026-02-09T15:54:56.933870+00:00", "service": "dummy-backend", "level": "INFO", "route": "/checkout", "status": 200, "latency_ms": 478, "user_id": "u154", "msg": "ok", "trace_id": "1549716827e86320"}
{"@timestamp": "2026-02-09T15:54:57.439567+00:00", "service": "dummy-backend", "level": "INFO", "route": "/profile", "status": 200, "latency_ms": 136, "user_id": "u054", "msg": "ok", "trace_id": "b355030e57db9828"}
{"@timestamp": "2026-02-09T15:54:57.944678+00:00", "service": "dummy-backend", "level": "INFO", "route": "/logout", "status": 200, "latency_ms": 57, "user_id": "u126", "msg": "ok", "trace_id": "ba7ab8d6f9d49dfb"}
{"@timestamp": "2026-02-09T15:54:58.449584+00:00", "service": "dummy-backend", "level": "INFO", "route": "/login", "status": 200, "latency_ms": 899, "user_id": "u153", "msg": "ok", "trace_id": "8bc26a928d603b3c"}
{"@timestamp": "2026-02-09T15:54:58.954691+00:00", "service": "dummy-backend", "level": "INFO", "route": "/checkout", "status": 200, "latency_ms": 133, "user_id": "u194", "msg": "ok", "trace_id": "be5af01bc29173e8"}
{"@timestamp": "2026-02-09T15:54:59.459834+00:00", "service": "dummy-backend", "level": "INFO", "route": "/search", "status": 200, "latency_ms": 945, "user_id": "u152", "msg": "ok", "trace_id": "cb5a46bbc6451f3a"}
{"@timestamp": "2026-02-09T15:54:59.964958+00:00", "service": "dummy-backend", "level": "INFO", "route": "/search", "status": 200, "latency_ms": 425, "user_id": "u122", "msg": "ok", "trace_id": "64952150363d591b"}
{"@timestamp": "2026-02-09T15:55:00.470290+00:00", "service": "dummy-backend", "level": "INFO", "route": "/profile", "status": 200, "latency_ms": 326, "user_id": "u033", "msg": "ok", "trace_id": "37582e33c234f50d"}
{"@timestamp": "2026-02-09T15:55:00.974111+00:00", "service": "dummy-backend", "level": "INFO", "route": "/checkout", "status": 200, "latency_ms": 1086, "user_id": "u155", "msg": "ok", "trace_id": "d3735fb4e07165a9"}
{"@timestamp": "2026-02-09T15:55:01.478587+00:00", "service": "dummy-backend", "level": "INFO", "route": "/profile", "status": 200, "latency_ms": 57, "user_id": "u151", "msg": "ok", "trace_id": "af0f4be719352324"}
{"@timestamp": "2026-02-09T15:55:01.982252+00:00", "service": "dummy-backend", "level": "INFO", "route": "/logout", "status": 200, "latency_ms": 949, "user_id": "u010", "msg": "ok", "trace_id": "92d9d59bd0c798ef"}
{"@timestamp": "2026-02-09T15:55:02.486568+00:00", "service": "dummy-backend", "level": "INFO", "route": "/logout", "status": 200, "latency_ms": 923, "user_id": "u045", "msg": "ok", "trace_id": "b5fa46ed47137a69"}
{"@timestamp": "2026-02-09T15:55:02.991014+00:00", "service": "dummy-backend", "level": "INFO", "route": "/search", "status": 200, "latency_ms": 731, "user_id": "u157", "msg": "ok", "trace_id": "3e1823bf25c1556c"}
{"@timestamp": "2026-02-09T15:55:03.495241+00:00", "service": "dummy-backend", "level": "INFO", "route": "/profile", "status": 200, "latency_ms": 1105, "user_id": "u142", "msg": "ok", "trace_id": "1fe2400a9e041851"}
{"@timestamp": "2026-02-09T15:55:03.999871+00:00", "service": "dummy-backend", "level": "INFO", "route": "/logout", "status": 200, "latency_ms": 959, "user_id": "u196", "msg": "ok", "trace_id": "19e593c1b59952c0"}
{"@timestamp": "2026-02-09T15:55:04.503642+00:00", "service": "dummy-backend", "level": "WARN", "route": "/search", "status": 200, "latency_ms": 1020, "user_id": "u086", "msg": "ok", "trace_id": "ab0aadbe2f9b76cc"}
{"@timestamp": "2026-02-09T15:55:05.007670+00:00", "service": "dummy-backend", "level": "INFO", "route": "/search", "status": 200, "latency_ms": 27, "user_id": "u116", "msg": "ok", "trace_id": "055edd2179690df3"}
{"@timestamp": "2026-02-09T15:55:05.511880+00:00", "service": "dummy-backend", "level": "INFO", "route": "/logout", "status": 200, "latency_ms": 963, "user_id": "u080", "msg": "ok", "trace_id": "afabeb9aa7c4d6d4"}
{"@timestamp": "2026-02-09T15:55:06.017689+00:00", "service": "dummy-backend", "level": "WARN", "route": "/profile", "status": 200, "latency_ms": 221, "user_id": "u152", "msg": "ok", "trace_id": "ed37204e3fd332ad"}
{"@timestamp": "2026-02-09T15:55:06.524504+00:00", "service": "dummy-backend", "level": "INFO", "route": "/logout", "status": 200, "latency_ms": 705, "user_id": "u081", "msg": "ok", "trace_id": "26c90d673a7a387c"}
{"@timestamp": "2026-02-09T15:55:07.031800+00:00", "service": "dummy-backend", "level": "INFO", "route": "/checkout", "status": 200, "latency_ms": 547, "user_id": "u059", "msg": "ok", "trace_id": "6c3a60f6dfe2e417"}
{"@timestamp": "2026-02-09T15:55:07.536605+00:00", "service": "dummy-backend", "level": "INFO", "route": "/login", "status": 200, "latency_ms": 979, "user_id": "u128", "msg": "ok", "trace_id": "8bc6ee6008e64570"}
{"@timestamp": "2026-02-09T15:55:08.062998+00:00", "service": "dummy-backend", "level": "INFO", "route": "/logout", "status": 200, "latency_ms": 53, "user_id": "u196", "msg": "ok", "trace_id": "3921df3864d95b12"}
{"@timestamp": "2026-02-09T15:55:08.566595+00:00", "service": "dummy-backend", "level": "INFO", "route": "/logout", "status": 200, "latency_ms": 1055, "user_id": "u013", "msg": "ok", "trace_id": "cac5b6f083ec7daf"}
{"@timestamp": "2026-02-09T15:55:09.070906+00:00", "service": "dummy-backend", "level": "INFO", "route": "/logout", "status": 200, "latency_ms": 474, "user_id": "u142", "msg": "ok", "trace_id": "9365a300d8b7ffa9"}
{"@timestamp": "2026-02-09T15:55:09.575173+00:00", "service": "dummy-backend", "level": "INFO", "route": "/search", "status": 200, "latency_ms": 226, "user_id": "u027", "msg": "ok", "trace_id": "17b4d2f11bcc2bf6"}
{"@timestamp": "2026-02-09T15:55:10.079556+00:00", "service": "dummy-backend", "level": "INFO", "route": "/login", "status": 200, "latency_ms": 983, "user_id": "u047", "msg": "ok", "trace_id": "26df5dbeab27de57"}
{"@timestamp": "2026-02-09T15:55:10.583996+00:00", "service": "dummy-backend", "level": "INFO", "route": "/search", "status": 200, "latency_ms": 608, "user_id": "u175", "msg": "ok", "trace_id": "2df43edb806b15a9"}
{"@timestamp": "2026-02-09T15:55:11.088010+00:00", "service": "dummy-backend", "level": "INFO", "route": "/search", "status": 200, "latency_ms": 315, "user_id": "u195", "msg": "ok", "trace_id": "6545e3a3d4503bd8"}
{"@timestamp": "2026-02-09T15:55:11.591691+00:00", "service": "dummy-backend", "level": "INFO", "route": "/search", "status": 200, "latency_ms": 811, "user_id": "u136", "msg": "ok", "trace_id": "6b2010377ee428b7"}
{"@timestamp": "2026-02-09T15:55:12.095728+00:00", "service": "dummy-backend", "level": "INFO", "route": "/profile", "status": 200, "latency_ms": 974, "user_id": "u016", "msg": "ok", "trace_id": "33eff1a5b559d9e5"}
{"@timestamp": "2026-02-09T15:55:12.600964+00:00", "service": "dummy-backend", "level": "INFO", "route": "/checkout", "status": 200, "latency_ms": 493, "user_id": "u029", "msg": "ok", "trace_id": "637c1109c801e898"}
{"@timestamp": "2026-02-09T15:55:13.105226+00:00", "service": "dummy-backend", "level": "INFO", "route": "/login", "status": 200, "latency_ms": 514, "user_id": "u099", "msg": "ok", "trace_id": "18c9aa72f2b0dde0"}
{"@timestamp": "2026-02-09T15:55:13.609218+00:00", "service": "dummy-backend", "level": "INFO", "route": "/login", "status": 200, "latency_ms": 1114, "user_id": "u165", "msg": "ok", "trace_id": "e89c799e8afbfa93"}
{"@timestamp": "2026-02-09T15:55:14.112890+00:00", "service": "dummy-backend", "level": "INFO", "route": "/logout", "status": 200, "latency_ms": 915, "user_id": "u015", "msg": "ok", "trace_id": "40f32554ad94dd40"}
{"@timestamp": "2026-02-09T15:55:14.617001+00:00", "service": "dummy-backend", "level": "INFO", "route": "/logout", "status": 200, "latency_ms": 364, "user_id": "u160", "msg": "ok", "trace_id": "f6c9f456b95b4b31"}
{"@timestamp": "2026-02-09T15:55:15.120973+00:00", "service": "dummy-backend", "level": "INFO", "route": "/login", "status": 200, "latency_ms": 825, "user_id": "u186", "msg": "ok", "trace_id": "73f5d64a2f986148"}
{"@timestamp": "2026-02-09T15:55:15.625148+00:00", "service": "dummy-backend", "level": "WARN", "route": "/search", "status": 200, "latency_ms": 195, "user_id": "u106", "msg": "ok", "trace_id": "88e7eb309673ff09"}
{"@timestamp": "2026-02-09T15:55:16.129589+00:00", "service": "dummy-backend", "level": "INFO", "route": "/login", "status": 200, "latency_ms": 966, "user_id": "u048", "msg": "ok", "trace_id": "01f924e72f709da0"}
{"@timestamp": "2026-02-09T15:55:16.635392+00:00", "service": "dummy-backend", "level": "INFO", "route": "/logout", "status": 200, "latency_ms": 1172, "user_id": "u141", "msg": "ok", "trace_id": "5216f9babf34e24d"}
{"@timestamp": "2026-02-09T15:55:17.141751+00:00", "service": "dummy-backend", "level": "WARN", "route": "/search", "status": 200, "latency_ms": 885, "user_id": "u078", "msg": "ok", "trace_id": "8a0b72a06d32669c"}
{"@timestamp": "2026-02-09T15:55:17.646777+00:00", "service": "dummy-backend", "level": "INFO", "route": "/checkout", "status": 200, "latency_ms": 188, "user_id": "u162", "msg": "ok", "trace_id": "b64907123b338429"}
{"@timestamp": "2026-02-09T15:55:18.151199+00:00", "service": "dummy-backend", "level": "INFO", "route": "/checkout", "status": 200, "latency_ms": 627, "user_id": "u025", "msg": "ok", "trace_id": "f4b809b6522eb004"}
{"@timestamp": "2026-02-09T15:55:18.655550+00:00", "service": "dummy-backend", "level": "INFO", "route": "/login", "status": 200, "latency_ms": 884, "user_id": "u130", "msg": "ok", "trace_id": "e0e89c42b709f92d"}
{"@timestamp": "2026-02-09T15:55:19.160013+00:00", "service": "dummy-backend", "level": "INFO", "route": "/logout", "status": 200, "latency_ms": 106, "user_id": "u189", "msg": "ok", "trace_id": "ec337e5ba106ede0"}
{"@timestamp": "2026-02-09T15:55:19.665982+00:00", "service": "dummy-backend", "level": "INFO", "route": "/search", "status": 200, "latency_ms": 691, "user_id": "u117", "msg": "ok", "trace_id": "f7945b8c648c1173"}
{"@timestamp": "2026-02-09T15:55:20.171662+00:00", "service": "dummy-backend", "level": "INFO", "route": "/profile", "status": 200, "latency_ms": 141, "user_id": "u060", "msg": "ok", "trace_id": "a70acd3a3a3af606"}
{"@timestamp": "2026-02-09T15:55:20.676154+00:00", "service": "dummy-backend", "level": "WARN", "route": "/login", "status": 200, "latency_ms": 214, "user_id": "u032", "msg": "ok", "trace_id": "7255b666b37f49f3"}
{"@timestamp": "2026-02-09T15:55:21.180864+00:00", "service": "dummy-backend", "level": "INFO", "route": "/logout", "status": 200, "latency_ms": 724, "user_id": "u059", "msg": "ok", "trace_id": "45fabadc08dc8485"}
{"@timestamp": "2026-02-09T15:55:21.684744+00:00", "service": "dummy-backend", "level": "ERROR", "route": "/login", "status": 500, "latency_ms": 153, "user_id": "u085", "msg": "invalid_password", "trace_id": "4ca00afa6c402825"}
{"@timestamp": "2026-02-09T15:55:22.190469+00:00", "service": "dummy-backend", "level": "INFO", "route": "/logout", "status": 200, "latency_ms": 1143, "user_id": "u104", "msg": "ok", "trace_id": "cf3b50f208acc94c"}
{"@timestamp": "2026-02-09T15:55:22.694631+00:00", "service": "dummy-backend", "level": "INFO", "route": "/checkout", "status": 200, "latency_ms": 1129, "user_id": "u155", "msg": "ok", "trace_id": "5ff222d33b4583ee"}
{"@timestamp": "2026-02-09T15:55:23.199121+00:00", "service": "dummy-backend", "level": "INFO", "route": "/profile", "status": 200, "latency_ms": 947, "user_id": "u008", "msg": "ok", "trace_id": "b9ae3435ff355fb4"}
{"@timestamp": "2026-02-09T15:55:23.702505+00:00", "service": "dummy-backend", "level": "INFO", "route": "/logout", "status": 200, "latency_ms": 617, "user_id": "u052", "msg": "ok", "trace_id": "e86cce47fefc1a35"}
{"@timestamp": "2026-02-09T15:55:24.210485+00:00", "service": "dummy-backend", "level": "INFO", "route": "/logout", "status": 200, "latency_ms": 407, "user_id": "u080", "msg": "ok", "trace_id": "8a32cd507b5e5bf2"}
{"@timestamp": "2026-02-09T15:55:24.714594+00:00", "service": "dummy-backend", "level": "WARN", "route": "/profile", "status": 200, "latency_ms": 792, "user_id": "u124", "msg": "ok", "trace_id": "1c14c34c413a23a1"}
{"@timestamp": "2026-02-09T15:55:25.204570+00:00", "service": "dummy-backend", "level": "INFO", "route": "/logout", "status": 200, "latency_ms": 464, "user_id": "u080", "msg": "ok", "trace_id": "fee17505aaf4f79e"}
{"@timestamp": "2026-02-09T15:55:25.709260+00:00", "service": "dummy-backend", "level": "INFO", "route": "/logout", "status": 200, "latency_ms": 871, "user_id": "u067", "msg": "ok", "trace_id": "a865a3d240cdd0c7"}
{"@timestamp": "2026-02-09T15:55:26.213349+00:00", "service": "dummy-backend", "level": "INFO", "route": "/search", "status": 200, "latency_ms": 1050, "user_id": "u082", "msg": "ok", "trace_id": "56d753d95364d197"}
{"@timestamp": "2026-02-09T15:55:26.718068+00:00", "service": "dummy-backend", "level": "INFO", "route": "/profile", "status": 200, "latency_ms": 584, "user_id": "u035", "msg": "ok", "trace_id": "b3e8aece103f3b27"}
{"@timestamp": "2026-02-09T15:55:27.226707+00:00", "service": "dummy-backend", "level": "INFO", "route": "/search", "status": 200, "latency_ms": 104, "user_id": "u131", "msg": "ok", "trace_id": "1802e63545a955d5"}
{"@timestamp": "2026-02-09T15:55:27.730481+00:00", "service": "dummy-backend", "level": "INFO", "route": "/checkout", "status": 200, "latency_ms": 1074, "user_id": "u078", "msg": "ok", "trace_id": "1a4ba4e5dbd8c93c"}
{"@timestamp": "2026-02-09T15:55:28.234356+00:00", "service": "dummy-backend", "level": "INFO", "route": "/search", "status": 200, "latency_ms": 1109, "user_id": "u111", "msg": "ok", "trace_id": "e8a8b683d83c9f98"}
{"@timestamp": "2026-02-09T15:55:28.738553+00:00", "service": "dummy-backend", "level": "INFO", "route": "/search", "status": 200, "latency_ms": 95, "user_id": "u156", "msg": "ok", "trace_id": "b90434898fcddccf"}
{"@timestamp": "2026-02-09T15:55:29.242550+00:00", "service": "dummy-backend", "level": "INFO", "route": "/login", "status": 200, "latency_ms": 552, "user_id": "u116", "msg": "ok", "trace_id": "fb4431ea62b842d3"}
{"@timestamp": "2026-02-09T15:55:29.748647+00:00", "service": "dummy-backend", "level": "INFO", "route": "/logout", "status": 200, "latency_ms": 250, "user_id": "u044", "msg": "ok", "trace_id": "cd5c4bceca039206"}
{"@timestamp": "2026-02-09T15:55:30.254568+00:00", "service": "dummy-backend", "level": "INFO", "route": "/search", "status": 200, "latency_ms": 108, "user_id": "u111", "msg": "ok", "trace_id": "e8e4b9cc40601263"}
{"@timestamp": "2026-02-09T15:55:30.760832+00:00", "service": "dummy-backend", "level": "INFO", "route": "/profile", "status": 200, "latency_ms": 716, "user_id": "u139", "msg": "ok", "trace_id": "868b05b8dae9b2de"}
{"@timestamp": "2026-02-09T15:55:31.267133+00:00", "service": "dummy-backend", "level": "INFO", "route": "/login", "status": 200, "latency_ms": 448, "user_id": "u168", "msg": "ok", "trace_id": "16a061216ea85caf"}
{"@timestamp": "2026-02-09T15:55:31.773312+00:00", "service": "dummy-backend", "level": "INFO", "route": "/profile", "status": 200, "latency_ms": 644, "user_id": "u079", "msg": "ok", "trace_id": "fcf8d98ba9b1dc63"}
{"@timestamp": "2026-02-09T15:55:32.279719+00:00", "service": "dummy-backend", "level": "INFO", "route": "/logout", "status": 200, "latency_ms": 1108, "user_id": "u044", "msg": "ok", "trace_id": "67942d926594f125"}
{"@timestamp": "2026-02-09T15:55:32.788612+00:00", "service": "dummy-backend", "level": "INFO", "route": "/login", "status": 200, "latency_ms": 694, "user_id": "u096", "msg": "ok", "trace_id": "48b1776448f039d1"}
{"@timestamp": "2026-02-09T15:55:33.294552+00:00", "service": "dummy-backend", "level": "INFO", "route": "/profile", "status": 200, "latency_ms": 580, "user_id": "u184", "msg": "ok", "trace_id": "4058fa84a0525bde"}
{"@timestamp": "2026-02-09T15:55:33.800452+00:00", "service": "dummy-backend", "level": "INFO", "route": "/login", "status": 200, "latency_ms": 152, "user_id": "u002", "msg": "ok", "trace_id": "ac4493082525a425"}
{"@timestamp": "2026-02-09T15:55:34.306424+00:00", "service": "dummy-backend", "level": "INFO", "route": "/profile", "status": 200, "latency_ms": 709, "user_id": "u126", "msg": "ok", "trace_id": "8e615d699e70bb38"}
{"@timestamp": "2026-02-09T15:55:34.813270+00:00", "service": "dummy-backend", "level": "INFO", "route": "/profile", "status": 200, "latency_ms": 351, "user_id": "u193", "msg": "ok", "trace_id": "b41c38dd18dd4017"}
{"@timestamp": "2026-02-09T15:55:35.317304+00:00", "service": "dummy-backend", "level": "INFO", "route": "/login", "status": 200, "latency_ms": 831, "user_id": "u034", "msg": "ok", "trace_id": "614c72a01d9dc577"}
{"@timestamp": "2026-02-09T15:55:35.822756+00:00", "service": "dummy-backend", "level": "INFO", "route": "/login", "status": 200, "latency_ms": 25, "user_id": "u004", "msg": "ok", "trace_id": "4de0b1347f8f9e32"}
{"@timestamp": "2026-02-09T15:55:36.328696+00:00", "service": "dummy-backend", "level": "INFO", "route": "/login", "status": 200, "latency_ms": 603, "user_id": "u092", "msg": "ok", "trace_id": "2507344b9c32ecae"}
{"@timestamp": "2026-02-09T15:55:36.834418+00:00", "service": "dummy-backend", "level": "ERROR", "route": "/logout", "status": 200, "latency_ms": 906, "user_id": "u095", "msg": "ok", "trace_id": "31728bc0bef9985c"}
{"@timestamp": "2026-02-09T15:55:37.340817+00:00", "service": "dummy-backend", "level": "INFO", "route": "/profile", "status": 200, "latency_ms": 1187, "user_id": "u174", "msg": "ok", "trace_id": "08011a2863c5b671"}
{"@timestamp": "2026-02-09T15:55:37.846915+00:00", "service": "dummy-backend", "level": "INFO", "route": "/profile", "status": 200, "latency_ms": 557, "user_id": "u119", "msg": "ok", "trace_id": "0aad7416a38f4808"}
{"@timestamp": "2026-02-09T15:55:38.353220+00:00", "service": "dummy-backend", "level": "INFO", "route": "/login", "status": 200, "latency_ms": 14, "user_id": "u087", "msg": "ok", "trace_id": "b29f31330d968f03"}
{"@timestamp": "2026-02-09T15:55:38.857264+00:00", "service": "dummy-backend", "level": "INFO", "route": "/checkout", "status": 200, "latency_ms": 885, "user_id": "u031", "msg": "ok", "trace_id": "b243e5fb1e4fbac0"}
{"@timestamp": "2026-02-09T15:55:39.363905+00:00", "service": "dummy-backend", "level": "ERROR", "route": "/login", "status": 401, "latency_ms": 127, "user_id": "u157", "msg": "db_timeout", "trace_id": "96c77da7ec7c59c3"}
{"@timestamp": "2026-02-09T15:55:39.869463+00:00", "service": "dummy-backend", "level": "INFO", "route": "/logout", "status": 200, "latency_ms": 482, "user_id": "u177", "msg": "ok", "trace_id": "0e4dfc4292291b69"}
{"@timestamp": "2026-02-09T15:55:40.376203+00:00", "service": "dummy-backend", "level": "INFO", "route": "/profile", "status": 200, "latency_ms": 889, "user_id": "u030", "msg": "ok", "trace_id": "e4e55416e7032c9d"}
{"@timestamp": "2026-02-09T15:55:40.882704+00:00", "service": "dummy-backend", "level": "INFO", "route": "/logout", "status": 200, "latency_ms": 1195, "user_id": "u080", "msg": "ok", "trace_id": "6cbaa8f1ff8896e4"}
{"@timestamp": "2026-02-09T15:55:41.389140+00:00", "service": "dummy-backend", "level": "INFO", "route": "/profile", "status": 200, "latency_ms": 879, "user_id": "u062", "msg": "ok", "trace_id": "b698ae69558ac30c"}
{"@timestamp": "2026-02-09T15:55:41.896000+00:00", "service": "dummy-backend", "level": "INFO", "route": "/logout", "status": 200, "latency_ms": 372, "user_id": "u042", "msg": "ok", "trace_id": "3e5b16e3bb4a3beb"}
{"@timestamp": "2026-02-09T15:55:42.401636+00:00", "service": "dummy-backend", "level": "INFO", "route": "/checkout", "status": 200, "latency_ms": 201, "user_id": "u111", "msg": "ok", "trace_id": "52cbcbe3569872b2"}
{"@timestamp": "2026-02-09T15:55:42.907417+00:00", "service": "dummy-backend", "level": "WARN", "route": "/login", "status": 200, "latency_ms": 113, "user_id": "u108", "msg": "ok", "trace_id": "d28b892e482440ee"}
{"@timestamp": "2026-02-09T15:55:43.412619+00:00", "service": "dummy-backend", "level": "INFO", "route": "/profile", "status": 200, "latency_ms": 464, "user_id": "u129", "msg": "ok", "trace_id": "2c8a650ffe77d28a"}
{"@timestamp": "2026-02-09T15:55:43.918178+00:00", "service": "dummy-backend", "level": "INFO", "route": "/checkout", "status": 200, "latency_ms": 488, "user_id": "u085", "msg": "ok", "trace_id": "fc92d71d25ed42a8"}
{"@timestamp": "2026-02-09T15:55:44.422547+00:00", "service": "dummy-backend", "level": "INFO", "route": "/logout", "status": 200, "latency_ms": 680, "user_id": "u022", "msg": "ok", "trace_id": "e1446b1b43b1d3a6"}
{"@timestamp": "2026-02-09T15:55:44.926732+00:00", "service": "dummy-backend", "level": "INFO", "route": "/search", "status": 200, "latency_ms": 518, "user_id": "u076", "msg": "ok", "trace_id": "e13705c0a1b97b35"}
{"@timestamp": "2026-02-09T15:55:45.431140+00:00", "service": "dummy-backend", "level": "INFO", "route": "/logout", "status": 200, "latency_ms": 1060, "user_id": "u075", "msg": "ok", "trace_id": "fb446fca700e1e74"}
{"@timestamp": "2026-02-09T15:55:45.936972+00:00", "service": "dummy-backend", "level": "INFO", "route": "/profile", "status": 200, "latency_ms": 639, "user_id": "u180", "msg": "ok", "trace_id": "a30957e0773b2423"}
{"@timestamp": "2026-02-09T15:55:46.442690+00:00", "service": "dummy-backend", "level": "INFO", "route": "/logout", "status": 200, "latency_ms": 838, "user_id": "u180", "msg": "ok", "trace_id": "a95c0c385272fd8f"}
{"@timestamp": "2026-02-09T15:55:46.946959+00:00", "service": "dummy-backend", "level": "ERROR", "route": "/search", "status": 200, "latency_ms": 501, "user_id": "u189", "msg": "ok", "trace_id": "81931dc301b17a6b"}
{"@timestamp": "2026-02-09T15:55:47.450600+00:00", "service": "dummy-backend", "level": "INFO", "route": "/logout", "status": 200, "latency_ms": 921, "user_id": "u182", "msg": "ok", "trace_id": "2a40186dff1bb68c"}
{"@timestamp": "2026-02-09T15:55:47.955919+00:00", "service": "dummy-backend", "level": "INFO", "route": "/login", "status": 200, "latency_ms": 1120, "user_id": "u042", "msg": "ok", "trace_id": "79e390d479507dcc"}
{"@timestamp": "2026-02-09T15:55:48.460700+00:00", "service": "dummy-backend", "level": "INFO", "route": "/checkout", "status": 200, "latency_ms": 63, "user_id": "u054", "msg": "ok", "trace_id": "d412e992f6b47f37"}
{"@timestamp": "2026-02-09T15:55:48.964629+00:00", "service": "dummy-backend", "level": "INFO", "route": "/search", "status": 200, "latency_ms": 945, "user_id": "u085", "msg": "ok", "trace_id": "58ab3f4ae76b7eb8"}
{"@timestamp": "2026-02-09T15:55:49.468840+00:00", "service": "dummy-backend", "level": "INFO", "route": "/checkout", "status": 200, "latency_ms": 106, "user_id": "u190", "msg": "ok", "trace_id": "92e6f13d4a59cfb4"}
{"@timestamp": "2026-02-09T15:55:49.972402+00:00", "service": "dummy-backend", "level": "INFO", "route": "/logout", "status": 200, "latency_ms": 934, "user_id": "u102", "msg": "ok", "trace_id": "f30a45dadc64873c"}
{"@timestamp": "2026-02-09T15:55:50.476489+00:00", "service": "dummy-backend", "level": "INFO", "route": "/logout", "status": 200, "latency_ms": 30, "user_id": "u154", "msg": "ok", "trace_id": "90bc3751b4b8a75e"}
{"@timestamp": "2026-02-09T15:55:50.980997+00:00", "service": "dummy-backend", "level": "INFO", "route": "/login", "status": 200, "latency_ms": 50, "user_id": "u115", "msg": "ok", "trace_id": "e6f128cae0cd39ad"}
{"@timestamp": "2026-02-09T15:55:51.486526+00:00", "service": "dummy-backend", "level": "WARN", "route": "/logout", "status": 200, "latency_ms": 664, "user_id": "u085", "msg": "ok", "trace_id": "6d0f23d48c304cfa"}
{"@timestamp": "2026-02-09T15:55:51.992142+00:00", "service": "dummy-backend", "level": "INFO", "route": "/checkout", "status": 200, "latency_ms": 816, "user_id": "u006", "msg": "ok", "trace_id": "cb47d1530cc50388"}
{"@timestamp": "2026-02-09T15:55:52.498159+00:00", "service": "dummy-backend", "level": "INFO", "route": "/checkout", "status": 200, "latency_ms": 446, "user_id": "u038", "msg": "ok", "trace_id": "886e9d011a0bc2ca"}
{"@timestamp": "2026-02-09T15:55:53.003687+00:00", "service": "dummy-backend", "level": "INFO", "route": "/login", "status": 200, "latency_ms": 787, "user_id": "u123", "msg": "ok", "trace_id": "caab6b7dabab82fa"}
{"@timestamp": "2026-02-09T15:55:53.509324+00:00", "service": "dummy-backend", "level": "INFO", "route": "/login", "status": 200, "latency_ms": 29, "user_id": "u087", "msg": "ok", "trace_id": "caf19c63ce2fa60b"}
{"@timestamp": "2026-02-09T15:55:54.014674+00:00", "service": "dummy-backend", "level": "INFO", "route": "/profile", "status": 200, "latency_ms": 67, "user_id": "u055", "msg": "ok", "trace_id": "1b152953e2022978"}
{"@timestamp": "2026-02-09T15:55:54.519761+00:00", "service": "dummy-backend", "level": "ERROR", "route": "/profile", "status": 200, "latency_ms": 899, "user_id": "u164", "msg": "ok", "trace_id": "c93d46c9a26b334c"}
{"@timestamp": "2026-02-09T15:55:55.019463+00:00", "service": "dummy-backend", "level": "INFO", "route": "/logout", "status": 200, "latency_ms": 68, "user_id": "u100", "msg": "ok", "trace_id": "89e4471ddf771c4d"}
{"@timestamp": "2026-02-09T15:55:55.525653+00:00", "service": "dummy-backend", "level": "INFO", "route": "/search", "status": 200, "latency_ms": 892, "user_id": "u178", "msg": "ok", "trace_id": "6691e55a96b880ca"}
{"@timestamp": "2026-02-09T15:55:56.031988+00:00", "service": "dummy-backend", "level": "INFO", "route": "/logout", "status": 200, "latency_ms": 865, "user_id": "u001", "msg": "ok", "trace_id": "77d05254e6992eeb"}
{"@timestamp": "2026-02-09T15:55:56.538067+00:00", "service": "dummy-backend", "level": "INFO", "route": "/profile", "status": 200, "latency_ms": 419, "user_id": "u089", "msg": "ok", "trace_id": "7b2e6403c3dab2fa"}
{"@timestamp": "2026-02-09T15:55:57.042178+00:00", "service": "dummy-backend", "level": "INFO", "route": "/search", "status": 200, "latency_ms": 331, "user_id": "u048", "msg": "ok", "trace_id": "571314965ccbf8ac"}
{"@timestamp": "2026-02-09T15:55:57.548053+00:00", "service": "dummy-backend", "level": "INFO", "route": "/search", "status": 200, "latency_ms": 829, "user_id": "u158", "msg": "ok", "trace_id": "f83d998153380bb6"}
{"@timestamp": "2026-02-09T15:55:58.052554+00:00", "service": "dummy-backend", "level": "INFO", "route": "/profile", "status": 200, "latency_ms": 753, "user_id": "u188", "msg": "ok", "trace_id": "9858ac43135c1568"}
{"@timestamp": "2026-02-09T15:55:58.558892+00:00", "service": "dummy-backend", "level": "WARN", "route": "/login", "status": 200, "latency_ms": 527, "user_id": "u173", "msg": "ok", "trace_id": "3937cf5e198c494b"}
{"@timestamp": "2026-02-09T15:55:59.064224+00:00", "service": "dummy-backend", "level": "INFO", "route": "/logout", "status": 200, "latency_ms": 687, "user_id": "u029", "msg": "ok", "trace_id": "a30639d5222e79ab"}
{"@timestamp": "2026-02-09T15:55:59.569919+00:00", "service": "dummy-backend", "level": "INFO", "route": "/checkout", "status": 200, "latency_ms": 17, "user_id": "u103", "msg": "ok", "trace_id": "036a92be0a8eb067"}
{"@timestamp": "2026-02-09T15:56:00.076055+00:00", "service": "dummy-backend", "level": "INFO", "route": "/profile", "status": 200, "latency_ms": 796, "user_id": "u026", "msg": "ok", "trace_id": "439b4ac9154c7892"}
{"@timestamp": "2026-02-09T15:56:00.582242+00:00", "service": "dummy-backend", "level": "INFO", "route": "/profile", "status": 200, "latency_ms": 86, "user_id": "u058", "msg": "ok", "trace_id": "e3b1aef8e942e5c4"}
{"@timestamp": "2026-02-09T15:56:01.087511+00:00", "service": "dummy-backend", "level": "INFO", "route": "/login", "status": 200, "latency_ms": 781, "user_id": "u055", "msg": "ok", "trace_id": "3487e82abc2c7ab7"}
{"@timestamp": "2026-02-09T15:56:01.593555+00:00", "service": "dummy-backend", "level": "WARN", "route": "/search", "status": 200, "latency_ms": 1123, "user_id": "u183", "msg": "ok", "trace_id": "f99906fa75ce8d1f"}
{"@timestamp": "2026-02-09T15:56:02.099680+00:00", "service": "dummy-backend", "level": "INFO", "route": "/login", "status": 200, "latency_ms": 804, "user_id": "u179", "msg": "ok", "trace_id": "b2c86d780a94843b"}
{"@timestamp": "2026-02-09T15:56:02.606131+00:00", "service": "dummy-backend", "level": "WARN", "route": "/profile", "status": 200, "latency_ms": 132, "user_id": "u047", "msg": "ok", "trace_id": "236522e318bd84c2"}
{"@timestamp": "2026-02-09T15:56:03.112105+00:00", "service": "dummy-backend", "level": "INFO", "route": "/login", "status": 200, "latency_ms": 685, "user_id": "u147", "msg": "ok", "trace_id": "6b3fd56930de4829"}
{"@timestamp": "2026-02-09T15:56:03.618202+00:00", "service": "dummy-backend", "level": "INFO", "route": "/profile", "status": 200, "latency_ms": 961, "user_id": "u151", "msg": "ok", "trace_id": "5bf65eef0973b643"}
{"@timestamp": "2026-02-09T15:56:04.124828+00:00", "service": "dummy-backend", "level": "INFO", "route": "/checkout", "status": 200, "latency_ms": 789, "user_id": "u129", "msg": "ok", "trace_id": "e18c55e82e659cda"}
{"@timestamp": "2026-02-09T15:56:04.631495+00:00", "service": "dummy-backend", "level": "INFO", "route": "/logout", "status": 200, "latency_ms": 1085, "user_id": "u113", "msg": "ok", "trace_id": "4ad6582afeb16efd"}
{"@timestamp": "2026-02-09T15:56:05.137785+00:00", "service": "dummy-backend", "level": "WARN", "route": "/search", "status": 200, "latency_ms": 614, "user_id": "u155", "msg": "ok", "trace_id": "083af620b216e48e"}
{"@timestamp": "2026-02-09T15:56:05.643050+00:00", "service": "dummy-backend", "level": "INFO", "route": "/logout", "status": 200, "latency_ms": 323, "user_id": "u182", "msg": "ok", "trace_id": "707c03d366b977a7"}
{"@timestamp": "2026-02-09T15:56:06.149351+00:00", "service": "dummy-backend", "level": "ERROR", "route": "/profile", "status": 200, "latency_ms": 262, "user_id": "u184", "msg": "ok", "trace_id": "0673cd39812254a1"}
{"@timestamp": "2026-02-09T15:56:06.655473+00:00", "service": "dummy-backend", "level": "INFO", "route": "/login", "status": 200, "latency_ms": 717, "user_id": "u041", "msg": "ok", "trace_id": "7362f7e8d05eb0b1"}
{"@timestamp": "2026-02-09T15:56:07.160984+00:00", "service": "dummy-backend", "level": "INFO", "route": "/logout", "status": 200, "latency_ms": 510, "user_id": "u140", "msg": "ok", "trace_id": "df897428695e90b6"}
{"@timestamp": "2026-02-09T15:56:07.667653+00:00", "service": "dummy-backend", "level": "INFO", "route": "/logout", "status": 200, "latency_ms": 404, "user_id": "u127", "msg": "ok", "trace_id": "a862bc3cf08b6c43"}
{"@timestamp": "2026-02-09T15:56:08.174191+00:00", "service": "dummy-backend", "level": "ERROR", "route": "/logout", "status": 200, "latency_ms": 1086, "user_id": "u022", "msg": "ok", "trace_id": "59bdb82ba908f0f4"}
{"@timestamp": "2026-02-09T15:56:08.680336+00:00", "service": "dummy-backend", "level": "INFO", "route": "/profile", "status": 200, "latency_ms": 1112, "user_id": "u148", "msg": "ok", "trace_id": "8f346731b7e453f9"}
{"@timestamp": "2026-02-09T15:56:09.185843+00:00", "service": "dummy-backend", "level": "INFO", "route": "/login", "status": 200, "latency_ms": 169, "user_id": "u095", "msg": "ok", "trace_id": "393d75dbdfa84bf4"}
{"@timestamp": "2026-02-09T15:56:09.690052+00:00", "service": "dummy-backend", "level": "INFO", "route": "/login", "status": 200, "latency_ms": 957, "user_id": "u047", "msg": "ok", "trace_id": "11807622d2ac0d74"}
{"@timestamp": "2026-02-09T15:56:10.195257+00:00", "service": "dummy-backend", "level": "INFO", "route": "/profile", "status": 200, "latency_ms": 757, "user_id": "u196", "msg": "ok", "trace_id": "915877dd52d2e680"}
{"@timestamp": "2026-02-09T15:56:10.701663+00:00", "service": "dummy-backend", "level": "INFO", "route": "/logout", "status": 200, "latency_ms": 965, "user_id": "u052", "msg": "ok", "trace_id": "47992cb2719332ef"}
{"@timestamp": "2026-02-09T15:56:11.207589+00:00", "service": "dummy-backend", "level": "INFO", "route": "/profile", "status": 200, "latency_ms": 728, "user_id": "u176", "msg": "ok", "trace_id": "84ec9c26d98c6a19"}
{"@timestamp": "2026-02-09T15:56:11.713602+00:00", "service": "dummy-backend", "level": "INFO", "route": "/profile", "status": 200, "latency_ms": 422, "user_id": "u167", "msg": "ok", "trace_id": "e697a351145360e0"}
{"@timestamp": "2026-02-09T15:56:12.219291+00:00", "service": "dummy-backend", "level": "INFO", "route": "/search", "status": 200, "latency_ms": 965, "user_id": "u039", "msg": "ok", "trace_id": "cc358d37c6eb3000"}
{"@timestamp": "2026-02-09T15:56:12.722969+00:00", "service": "dummy-backend", "level": "INFO", "route": "/login", "status": 200, "latency_ms": 1157, "user_id": "u003", "msg": "ok", "trace_id": "cad002cd81ac9e16"}
{"@timestamp": "2026-02-09T15:56:13.228625+00:00", "service": "dummy-backend", "level": "INFO", "route": "/checkout", "status": 200, "latency_ms": 93, "user_id": "u159", "msg": "ok", "trace_id": "d09d5ea334b54af6"}
{"@timestamp": "2026-02-09T15:56:13.733587+00:00", "service": "dummy-backend", "level": "INFO", "route": "/search", "status": 200, "latency_ms": 306, "user_id": "u031", "msg": "ok", "trace_id": "4afab80716a720ef"}
{"@timestamp": "2026-02-09T15:56:14.240434+00:00", "service": "dummy-backend", "level": "INFO", "route": "/search", "status": 200, "latency_ms": 1036, "user_id": "u091", "msg": "ok", "trace_id": "6be17ff96f6a5fb1"}
{"@timestamp": "2026-02-09T15:56:14.746628+00:00", "service": "dummy-backend", "level": "INFO", "route": "/checkout", "status": 200, "latency_ms": 822, "user_id": "u116", "msg": "ok", "trace_id": "fc31fd87f58e0389"}
{"@timestamp": "2026-02-09T15:56:15.253330+00:00", "service": "dummy-backend", "level": "INFO", "route": "/logout", "status": 200, "latency_ms": 411, "user_id": "u088", "msg": "ok", "trace_id": "a2a8ff510c31608d"}
{"@timestamp": "2026-02-09T15:56:15.759022+00:00", "service": "dummy-backend", "level": "INFO", "route": "/logout", "status": 200, "latency_ms": 391, "user_id": "u086", "msg": "ok", "trace_id": "65bec247ade4bad2"}
{"@timestamp": "2026-02-09T15:56:16.264929+00:00", "service": "dummy-backend", "level": "INFO", "route": "/search", "status": 200, "latency_ms": 941, "user_id": "u200", "msg": "ok", "trace_id": "0a49a4735eb33055"}
{"@timestamp": "2026-02-09T15:56:16.771146+00:00", "service": "dummy-backend", "level": "INFO", "route": "/logout", "status": 200, "latency_ms": 270, "user_id": "u173", "msg": "ok", "trace_id": "055261dc84b98ef1"}
{"@timestamp": "2026-02-09T15:56:17.275604+00:00", "service": "dummy-backend", "level": "INFO", "route": "/checkout", "status": 200, "latency_ms": 185, "user_id": "u077", "msg": "ok", "trace_id": "bbea16d2d61b49ee"}
{"@timestamp": "2026-02-09T15:56:17.782497+00:00", "service": "dummy-backend", "level": "INFO", "route": "/profile", "status": 200, "latency_ms": 465, "user_id": "u060", "msg": "ok", "trace_id": "c6ef13e944590d96"}
{"@timestamp": "2026-02-09T15:56:18.289153+00:00", "service": "dummy-backend", "level": "INFO", "route": "/search", "status": 200, "latency_ms": 695, "user_id": "u153", "msg": "ok", "trace_id": "c969bb2bb3e47e9c"}
{"@timestamp": "2026-02-09T15:56:18.795407+00:00", "service": "dummy-backend", "level": "WARN", "route": "/search", "status": 200, "latency_ms": 42, "user_id": "u038", "msg": "ok", "trace_id": "adde27d22a5cdcd6"}
{"@timestamp": "2026-02-09T15:56:19.301755+00:00", "service": "dummy-backend", "level": "INFO", "route": "/checkout", "status": 200, "latency_ms": 658, "user_id": "u094", "msg": "ok", "trace_id": "3a53b14a7d5da6f0"}
{"@timestamp": "2026-02-09T15:56:19.807917+00:00", "service": "dummy-backend", "level": "INFO", "route": "/login", "status": 200, "latency_ms": 620, "user_id": "u011", "msg": "ok", "trace_id": "5a28f8e9d6c0778a"}
{"@timestamp": "2026-02-09T15:56:20.313764+00:00", "service": "dummy-backend", "level": "INFO", "route": "/checkout", "status": 200, "latency_ms": 430, "user_id": "u147", "msg": "ok", "trace_id": "f0d7d1db0f729931"}
{"@timestamp": "2026-02-09T15:56:20.818833+00:00", "service": "dummy-backend", "level": "INFO", "route": "/login", "status": 200, "latency_ms": 614, "user_id": "u097", "msg": "ok", "trace_id": "0ad1ca1e6d4a904b"}
{"@timestamp": "2026-02-09T15:56:21.324410+00:00", "service": "dummy-backend", "level": "INFO", "route": "/profile", "status": 200, "latency_ms": 85, "user_id": "u155", "msg": "ok", "trace_id": "606ecbe7c9f4be61"}
{"@timestamp": "2026-02-09T15:56:21.829120+00:00", "service": "dummy-backend", "level": "INFO", "route": "/checkout", "status": 200, "latency_ms": 529, "user_id": "u086", "msg": "ok", "trace_id": "cbcb5cf94faca8eb"}
{"@timestamp": "2026-02-09T15:56:22.335422+00:00", "service": "dummy-backend", "level": "INFO", "route": "/checkout", "status": 200, "latency_ms": 882, "user_id": "u020", "msg": "ok", "trace_id": "5c8d861a22c1a169"}
{"@timestamp": "2026-02-09T15:56:22.840896+00:00", "service": "dummy-backend", "level": "INFO", "route": "/profile", "status": 200, "latency_ms": 397, "user_id": "u038", "msg": "ok", "trace_id": "de85ce4a5295222e"}
{"@timestamp": "2026-02-09T15:56:23.347199+00:00", "service": "dummy-backend", "level": "INFO", "route": "/checkout", "status": 200, "latency_ms": 1182, "user_id": "u019", "msg": "ok", "trace_id": "5eea7795af684658"}
{"@timestamp": "2026-02-09T15:56:23.853416+00:00", "service": "dummy-backend", "level": "INFO", "route": "/login", "status": 200, "latency_ms": 1084, "user_id": "u039", "msg": "ok", "trace_id": "38007779c2abbf3e"}
{"@timestamp": "2026-02-09T15:56:24.359710+00:00", "service": "dummy-backend", "level": "ERROR", "route": "/logout", "status": 200, "latency_ms": 432, "user_id": "u105", "msg": "ok", "trace_id": "834ba28c6f821070"}
{"@timestamp": "2026-02-09T15:56:24.862469+00:00", "service": "dummy-backend", "level": "INFO", "route": "/search", "status": 200, "latency_ms": 1114, "user_id": "u175", "msg": "ok", "trace_id": "ae71d963bd5e58db"}
{"@timestamp": "2026-02-09T15:56:25.366958+00:00", "service": "dummy-backend", "level": "INFO", "route": "/checkout", "status": 200, "latency_ms": 778, "user_id": "u168", "msg": "ok", "trace_id": "36d7a2bc1f1330f5"}
{"@timestamp": "2026-02-09T15:56:25.873799+00:00", "service": "dummy-backend", "level": "INFO", "route": "/checkout", "status": 200, "latency_ms": 1077, "user_id": "u103", "msg": "ok", "trace_id": "448ecf3c647611b8"}
{"@timestamp": "2026-02-09T15:56:26.380169+00:00", "service": "dummy-backend", "level": "INFO", "route": "/profile", "status": 200, "latency_ms": 628, "user_id": "u103", "msg": "ok", "trace_id": "72a48e2576b9d2f5"}
{"@timestamp": "2026-02-09T15:56:26.886708+00:00", "service": "dummy-backend", "level": "INFO", "route": "/logout", "status": 200, "latency_ms": 582, "user_id": "u181", "msg": "ok", "trace_id": "51f7ea591e305d48"}
{"@timestamp": "2026-02-09T15:56:27.393061+00:00", "service": "dummy-backend", "level": "INFO", "route": "/search", "status": 200, "latency_ms": 91, "user_id": "u129", "msg": "ok", "trace_id": "5654bbbc5aae561f"}
{"@timestamp": "2026-02-09T15:56:27.898147+00:00", "service": "dummy-backend", "level": "INFO", "route": "/profile", "status": 200, "latency_ms": 468, "user_id": "u198", "msg": "ok", "trace_id": "196f1dfaafab5856"}
{"@timestamp": "2026-02-09T15:56:28.404219+00:00", "service": "dummy-backend", "level": "WARN", "route": "/checkout", "status": 500, "latency_ms": 509, "user_id": "u043", "msg": "payment_retry", "trace_id": "9305f00f92160f60"}
{"@timestamp": "2026-02-09T15:56:28.910325+00:00", "service": "dummy-backend", "level": "INFO", "route": "/search", "status": 200, "latency_ms": 359, "user_id": "u079", "msg": "ok", "trace_id": "c78d8b8a55f60974"}
{"@timestamp": "2026-02-09T15:56:29.415228+00:00", "service": "dummy-backend", "level": "INFO", "route": "/logout", "status": 200, "latency_ms": 771, "user_id": "u154", "msg": "ok", "trace_id": "daaf8f230d85ec2b"}
{"@timestamp": "2026-02-09T15:56:29.921864+00:00", "service": "dummy-backend", "level": "INFO", "route": "/checkout", "status": 200, "latency_ms": 273, "user_id": "u055", "msg": "ok", "trace_id": "9babb92ec0acabe4"}
{"@timestamp": "2026-02-09T15:56:30.428513+00:00", "service": "dummy-backend", "level": "INFO", "route": "/checkout", "status": 200, "latency_ms": 235, "user_id": "u120", "msg": "ok", "trace_id": "c3f02dc25fbc4a55"}
{"@timestamp": "2026-02-09T15:56:30.934778+00:00", "service": "dummy-backend", "level": "INFO", "route": "/search", "status": 200, "latency_ms": 710, "user_id": "u102", "msg": "ok", "trace_id": "e7360115fb6aa65a"}
{"@timestamp": "2026-02-09T15:56:31.440373+00:00", "service": "dummy-backend", "level": "INFO", "route": "/profile", "status": 200, "latency_ms": 694, "user_id": "u035", "msg": "ok", "trace_id": "f7ba10588955013d"}
{"@timestamp": "2026-02-09T15:56:31.945466+00:00", "service": "dummy-backend", "level": "INFO", "route": "/logout", "status": 200, "latency_ms": 1115, "user_id": "u182", "msg": "ok", "trace_id": "34871bac58545c52"}
{"@timestamp": "2026-02-09T15:56:32.451810+00:00", "service": "dummy-backend", "level": "INFO", "route": "/checkout", "status": 200, "latency_ms": 67, "user_id": "u114", "msg": "ok", "trace_id": "fa09e95c851e1a1f"}
{"@timestamp": "2026-02-09T15:56:32.958350+00:00", "service": "dummy-backend", "level": "INFO", "route": "/search", "status": 200, "latency_ms": 1193, "user_id": "u073", "msg": "ok", "trace_id": "614e69d391fc53ad"}
{"@timestamp": "2026-02-09T15:56:33.464922+00:00", "service": "dummy-backend", "level": "WARN", "route": "/login", "status": 200, "latency_ms": 584, "user_id": "u073", "msg": "ok", "trace_id": "6e23cb1ee53785a3"}
{"@timestamp": "2026-02-09T15:56:33.970067+00:00", "service": "dummy-backend", "level": "INFO", "route": "/login", "status": 200, "latency_ms": 579, "user_id": "u106", "msg": "ok", "trace_id": "296786a6f1a3c7b9"}
{"@timestamp": "2026-02-09T15:56:34.476441+00:00", "service": "dummy-backend", "level": "INFO", "route": "/checkout", "status": 200, "latency_ms": 564, "user_id": "u042", "msg": "ok", "trace_id": "24a49a43935a78ce"}
{"@timestamp": "2026-02-09T15:56:34.982365+00:00", "service": "dummy-backend", "level": "INFO", "route": "/login", "status": 200, "latency_ms": 403, "user_id": "u078", "msg": "ok", "trace_id": "587af76e4215704d"}
{"@timestamp": "2026-02-09T15:56:35.486791+00:00", "service": "dummy-backend", "level": "WARN", "route": "/profile", "status": 200, "latency_ms": 126, "user_id": "u014", "msg": "ok", "trace_id": "285d22c9cd3d5eee"}
{"@timestamp": "2026-02-09T15:56:35.990591+00:00", "service": "dummy-backend", "level": "INFO", "route": "/checkout", "status": 200, "latency_ms": 1064, "user_id": "u008", "msg": "ok", "trace_id": "6ce09b441ccb6bb6"}
{"@timestamp": "2026-02-09T15:56:36.495148+00:00", "service": "dummy-backend", "level": "INFO", "route": "/search", "status": 200, "latency_ms": 1089, "user_id": "u119", "msg": "ok", "trace_id": "1a70ac77981cb79a"}
{"@timestamp": "2026-02-09T15:56:37.001657+00:00", "service": "dummy-backend", "level": "INFO", "route": "/login", "status": 200, "latency_ms": 602, "user_id": "u138", "msg": "ok", "trace_id": "c8ae2ef1decece3f"}
{"@timestamp": "2026-02-09T15:56:37.508164+00:00", "service": "dummy-backend", "level": "INFO", "route": "/login", "status": 200, "latency_ms": 366, "user_id": "u173", "msg": "ok", "trace_id": "fe212721ff06e158"}
{"@timestamp": "2026-02-09T15:56:38.012790+00:00", "service": "dummy-backend", "level": "INFO", "route": "/logout", "status": 200, "latency_ms": 119, "user_id": "u027", "msg": "ok", "trace_id": "908c4c435e67ebf6"}
{"@timestamp": "2026-02-09T15:56:38.518965+00:00", "service": "dummy-backend", "level": "ERROR", "route": "/profile", "status": 200, "latency_ms": 169, "user_id": "u021", "msg": "ok", "trace_id": "3d096b667d3cd007"}
{"@timestamp": "2026-02-09T15:56:39.024682+00:00", "service": "dummy-backend", "level": "INFO", "route": "/logout", "status": 200, "latency_ms": 265, "user_id": "u074", "msg": "ok", "trace_id": "e16dae6f56df06a4"}
{"@timestamp": "2026-02-09T15:56:39.530888+00:00", "service": "dummy-backend", "level": "INFO", "route": "/search", "status": 200, "latency_ms": 552, "user_id": "u105", "msg": "ok", "trace_id": "178f34231afb7284"}
{"@timestamp": "2026-02-09T15:56:40.036342+00:00", "service": "dummy-backend", "level": "WARN", "route": "/checkout", "status": 500, "latency_ms": 857, "user_id": "u106", "msg": "insufficient_stock", "trace_id": "a57c38ecf6b5db6a"}
{"@timestamp": "2026-02-09T15:56:40.541921+00:00", "service": "dummy-backend", "level": "INFO", "route": "/search", "status": 200, "latency_ms": 718, "user_id": "u093", "msg": "ok", "trace_id": "fcac1fe2396ef3fd"}
{"@timestamp": "2026-02-09T15:56:41.048647+00:00", "service": "dummy-backend", "level": "INFO", "route": "/search", "status": 200, "latency_ms": 475, "user_id": "u040", "msg": "ok", "trace_id": "4206c8fb4b77e319"}
{"@timestamp": "2026-02-09T15:56:41.555605+00:00", "service": "dummy-backend", "level": "INFO", "route": "/login", "status": 200, "latency_ms": 1192, "user_id": "u186", "msg": "ok", "trace_id": "1d08bfef0d8eafe7"}
{"@timestamp": "2026-02-09T15:56:42.061546+00:00", "service": "dummy-backend", "level": "INFO", "route": "/search", "status": 200, "latency_ms": 528, "user_id": "u050", "msg": "ok", "trace_id": "0eff81d1a102d2ae"}
{"@timestamp": "2026-02-09T15:56:42.566935+00:00", "service": "dummy-backend", "level": "INFO", "route": "/login", "status": 200, "latency_ms": 705, "user_id": "u101", "msg": "ok", "trace_id": "625ca05716040465"}
{"@timestamp": "2026-02-09T15:56:43.071683+00:00", "service": "dummy-backend", "level": "INFO", "route": "/search", "status": 200, "latency_ms": 540, "user_id": "u087", "msg": "ok", "trace_id": "8a3c458d34fca1f2"}
{"@timestamp": "2026-02-09T15:56:43.576695+00:00", "service": "dummy-backend", "level": "INFO", "route": "/login", "status": 200, "latency_ms": 416, "user_id": "u003", "msg": "ok", "trace_id": "93dfeb2bb5fa4174"}
{"@timestamp": "2026-02-09T15:56:44.082199+00:00", "service": "dummy-backend", "level": "INFO", "route": "/checkout", "status": 200, "latency_ms": 260, "user_id": "u125", "msg": "ok", "trace_id": "384bcd42e1813fb4"}
{"@timestamp": "2026-02-09T15:56:44.588865+00:00", "service": "dummy-backend", "level": "INFO", "route": "/logout", "status": 200, "latency_ms": 947, "user_id": "u002", "msg": "ok", "trace_id": "07490be556fd4330"}
{"@timestamp": "2026-02-09T15:56:45.094825+00:00", "service": "dummy-backend", "level": "INFO", "route": "/login", "status": 200, "latency_ms": 797, "user_id": "u073", "msg": "ok", "trace_id": "3084584ef0bf93de"}
{"@timestamp": "2026-02-09T15:56:45.600732+00:00", "service": "dummy-backend", "level": "INFO", "route": "/search", "status": 200, "latency_ms": 547, "user_id": "u024", "msg": "ok", "trace_id": "38a33e2b863eefc8"}
{"@timestamp": "2026-02-09T15:56:46.107361+00:00", "service": "dummy-backend", "level": "INFO", "route": "/login", "status": 200, "latency_ms": 94, "user_id": "u014", "msg": "ok", "trace_id": "f11aad858deb4276"}
{"@timestamp": "2026-02-09T15:56:46.614113+00:00", "service": "dummy-backend", "level": "INFO", "route": "/profile", "status": 200, "latency_ms": 146, "user_id": "u196", "msg": "ok", "trace_id": "598aa9898ab8b920"}
{"@timestamp": "2026-02-09T15:56:47.118246+00:00", "service": "dummy-backend", "level": "INFO", "route": "/logout", "status": 200, "latency_ms": 411, "user_id": "u086", "msg": "ok", "trace_id": "9eab210d90c614b7"}
{"@timestamp": "2026-02-09T15:56:47.624343+00:00", "service": "dummy-backend", "level": "INFO", "route": "/search", "status": 200, "latency_ms": 1130, "user_id": "u080", "msg": "ok", "trace_id": "0522224cef6e6661"}
{"@timestamp": "2026-02-09T15:56:48.130495+00:00", "service": "dummy-backend", "level": "INFO", "route": "/profile", "status": 200, "latency_ms": 296, "user_id": "u038", "msg": "ok", "trace_id": "90e1a0c3cb69539d"}
{"@timestamp": "2026-02-09T15:56:48.636559+00:00", "service": "dummy-backend", "level": "INFO", "route": "/login", "status": 200, "latency_ms": 220, "user_id": "u184", "msg": "ok", "trace_id": "2b84a1dbefc9ab40"}
{"@timestamp": "2026-02-09T15:56:49.143001+00:00", "service": "dummy-backend", "level": "INFO", "route": "/logout", "status": 200, "latency_ms": 223, "user_id": "u096", "msg": "ok", "trace_id": "9ade4dc24dc1b69c"}
{"@timestamp": "2026-02-09T15:56:49.649314+00:00", "service": "dummy-backend", "level": "INFO", "route": "/checkout", "status": 200, "latency_ms": 776, "user_id": "u132", "msg": "ok", "trace_id": "6aee237c4220bc2c"}
{"@timestamp": "2026-02-09T15:56:50.155706+00:00", "service": "dummy-backend", "level": "INFO", "route": "/logout", "status": 200, "latency_ms": 950, "user_id": "u171", "msg": "ok", "trace_id": "0f9ae9e1eb34ff86"}
{"@timestamp": "2026-02-09T15:56:50.662234+00:00", "service": "dummy-backend", "level": "INFO", "route": "/logout", "status": 200, "latency_ms": 818, "user_id": "u045", "msg": "ok", "trace_id": "dd8594dff7ca8f50"}
{"@timestamp": "2026-02-09T15:56:51.167381+00:00", "service": "dummy-backend", "level": "INFO", "route": "/checkout", "status": 200, "latency_ms": 1147, "user_id": "u150", "msg": "ok", "trace_id": "b16a7b2ff7064d56"}
{"@timestamp": "2026-02-09T15:56:51.672966+00:00", "service": "dummy-backend", "level": "INFO", "route": "/profile", "status": 200, "latency_ms": 1128, "user_id": "u092", "msg": "ok", "trace_id": "fd309d28826f3891"}
{"@timestamp": "2026-02-09T15:56:52.178659+00:00", "service": "dummy-backend", "level": "INFO", "route": "/profile", "status": 200, "latency_ms": 310, "user_id": "u032", "msg": "ok", "trace_id": "b1b6e6e67e05c927"}
{"@timestamp": "2026-02-09T15:56:52.684420+00:00", "service": "dummy-backend", "level": "INFO", "route": "/checkout", "status": 200, "latency_ms": 128, "user_id": "u180", "msg": "ok", "trace_id": "b564a023593a2c12"}
{"@timestamp": "2026-02-09T15:56:53.190383+00:00", "service": "dummy-backend", "level": "INFO", "route": "/search", "status": 200, "latency_ms": 878, "user_id": "u188", "msg": "ok", "trace_id": "6e339ea6af5ff129"}
{"@timestamp": "2026-02-09T15:56:53.695741+00:00", "service": "dummy-backend", "level": "INFO", "route": "/profile", "status": 200, "latency_ms": 410, "user_id": "u111", "msg": "ok", "trace_id": "cb9f4744b5cadfa1"}
{"@timestamp": "2026-02-09T15:56:54.201934+00:00", "service": "dummy-backend", "level": "INFO", "route": "/profile", "status": 200, "latency_ms": 1193, "user_id": "u087", "msg": "ok", "trace_id": "edf60c7ba008b15d"}
{"@timestamp": "2026-02-09T15:56:54.707653+00:00", "service": "dummy-backend", "level": "INFO", "route": "/profile", "status": 200, "latency_ms": 755, "user_id": "u199", "msg": "ok", "trace_id": "dc1779d08639e693"}
{"@timestamp": "2026-02-09T15:56:55.204811+00:00", "service": "dummy-backend", "level": "INFO", "route": "/logout", "status": 200, "latency_ms": 594, "user_id": "u069", "msg": "ok", "trace_id": "6f874db88c66321e"}
{"@timestamp": "2026-02-09T15:56:55.708403+00:00", "service": "dummy-backend", "level": "INFO", "route": "/login", "status": 200, "latency_ms": 813, "user_id": "u061", "msg": "ok", "trace_id": "da1221f977e75f9d"}
{"@timestamp": "2026-02-09T15:56:56.213996+00:00", "service": "dummy-backend", "level": "INFO", "route": "/checkout", "status": 200, "latency_ms": 20, "user_id": "u038", "msg": "ok", "trace_id": "9f456bce86e110ef"}
{"@timestamp": "2026-02-09T15:56:56.720101+00:00", "service": "dummy-backend", "level": "INFO", "route": "/profile", "status": 200, "latency_ms": 1161, "user_id": "u077", "msg": "ok", "trace_id": "9d630ddace07b0e5"}
{"@timestamp": "2026-02-09T15:56:57.227674+00:00", "service": "dummy-backend", "level": "ERROR", "route": "/search", "status": 200, "latency_ms": 1067, "user_id": "u018", "msg": "ok", "trace_id": "17c72c55c234e4b3"}
{"@timestamp": "2026-02-09T15:56:57.732957+00:00", "service": "dummy-backend", "level": "INFO", "route": "/profile", "status": 200, "latency_ms": 800, "user_id": "u163", "msg": "ok", "trace_id": "09879089814ec9bc"}
{"@timestamp": "2026-02-09T15:56:58.236614+00:00", "service": "dummy-backend", "level": "INFO", "route": "/profile", "status": 200, "latency_ms": 9, "user_id": "u058", "msg": "ok", "trace_id": "60cd4a8f77db0a72"}
{"@timestamp": "2026-02-09T15:56:58.741056+00:00", "service": "dummy-backend", "level": "INFO", "route": "/search", "status": 200, "latency_ms": 954, "user_id": "u019", "msg": "ok", "trace_id": "814f2c65f41242c5"}
{"@timestamp": "2026-02-09T15:56:59.246400+00:00", "service": "dummy-backend", "level": "INFO", "route": "/checkout", "status": 200, "latency_ms": 1186, "user_id": "u057", "msg": "ok", "trace_id": "e5b078c9bbdca583"}
{"@timestamp": "2026-02-09T15:56:59.750683+00:00", "service": "dummy-backend", "level": "WARN", "route": "/checkout", "status": 409, "latency_ms": 801, "user_id": "u030", "msg": "gateway_error", "trace_id": "49a29ad287ea3fc6"}
{"@timestamp": "2026-02-09T15:57:00.255528+00:00", "service": "dummy-backend", "level": "INFO", "route": "/logout", "status": 200, "latency_ms": 1099, "user_id": "u168", "msg": "ok", "trace_id": "6af21d32fbca453a"}
{"@timestamp": "2026-02-09T15:57:00.760632+00:00", "service": "dummy-backend", "level": "INFO", "route": "/profile", "status": 200, "latency_ms": 364, "user_id": "u001", "msg": "ok", "trace_id": "5de665963217e8b9"}
{"@timestamp": "2026-02-09T15:57:01.266419+00:00", "service": "dummy-backend", "level": "INFO", "route": "/logout", "status": 200, "latency_ms": 310, "user_id": "u004", "msg": "ok", "trace_id": "f8d250d8b73f4a35"}
{"@timestamp": "2026-02-09T15:57:01.771795+00:00", "service": "dummy-backend", "level": "INFO", "route": "/login", "status": 200, "latency_ms": 401, "user_id": "u195", "msg": "ok", "trace_id": "02073b95bdcf1cdb"}
{"@timestamp": "2026-02-09T15:57:02.277744+00:00", "service": "dummy-backend", "level": "INFO", "route": "/logout", "status": 200, "latency_ms": 419, "user_id": "u063", "msg": "ok", "trace_id": "fa62feb1f0f06816"}
{"@timestamp": "2026-02-09T15:57:02.784026+00:00", "service": "dummy-backend", "level": "INFO", "route": "/logout", "status": 200, "latency_ms": 225, "user_id": "u091", "msg": "ok", "trace_id": "b5768cab54a59ec2"}
{"@timestamp": "2026-02-09T15:57:03.289455+00:00", "service": "dummy-backend", "level": "INFO", "route": "/profile", "status": 200, "latency_ms": 8, "user_id": "u046", "msg": "ok", "trace_id": "6def2c4c61c10af5"}
{"@timestamp": "2026-02-09T15:57:03.794685+00:00", "service": "dummy-backend", "level": "ERROR", "route": "/logout", "status": 200, "latency_ms": 17, "user_id": "u141", "msg": "ok", "trace_id": "3f7fbfcfc4e2701c"}
{"@timestamp": "2026-02-09T15:57:04.299805+00:00", "service": "dummy-backend", "level": "INFO", "route": "/logout", "status": 200, "latency_ms": 781, "user_id": "u009", "msg": "ok", "trace_id": "b0caf25b12ef6a15"}
{"@timestamp": "2026-02-09T15:57:04.805462+00:00", "service": "dummy-backend", "level": "INFO", "route": "/checkout", "status": 200, "latency_ms": 202, "user_id": "u128", "msg": "ok", "trace_id": "81db9fad6b0b96d6"}
{"@timestamp": "2026-02-09T15:57:05.311759+00:00", "service": "dummy-backend", "level": "WARN", "route": "/login", "status": 200, "latency_ms": 581, "user_id": "u036", "msg": "ok", "trace_id": "39a0dcba322c53d8"}
{"@timestamp": "2026-02-09T15:57:05.817719+00:00", "service": "dummy-backend", "level": "INFO", "route": "/logout", "status": 200, "latency_ms": 854, "user_id": "u137", "msg": "ok", "trace_id": "662c5d33eabbf7ac"}
{"@timestamp": "2026-02-09T15:57:06.321926+00:00", "service": "dummy-backend", "level": "WARN", "route": "/checkout", "status": 422, "latency_ms": 269, "user_id": "u191", "msg": "insufficient_stock", "trace_id": "7cdc53da02f37d65"}
{"@timestamp": "2026-02-09T15:57:06.827966+00:00", "service": "dummy-backend", "level": "INFO", "route": "/profile", "status": 200, "latency_ms": 647, "user_id": "u155", "msg": "ok", "trace_id": "1df4d2c5e34d71e3"}
{"@timestamp": "2026-02-09T15:57:07.334544+00:00", "service": "dummy-backend", "level": "ERROR", "route": "/search", "status": 200, "latency_ms": 602, "user_id": "u017", "msg": "ok", "trace_id": "7675e9d3e5607f6d"}
{"@timestamp": "2026-02-09T15:57:07.840914+00:00", "service": "dummy-backend", "level": "INFO", "route": "/checkout", "status": 200, "latency_ms": 645, "user_id": "u089", "msg": "ok", "trace_id": "b9924d79d4e09662"}
{"@timestamp": "2026-02-09T15:57:08.346885+00:00", "service": "dummy-backend", "level": "INFO", "route": "/logout", "status": 200, "latency_ms": 1095, "user_id": "u109", "msg": "ok", "trace_id": "1a435c3ea0287fe5"}
{"@timestamp": "2026-02-09T15:57:08.852899+00:00", "service": "dummy-backend", "level": "INFO", "route": "/checkout", "status": 200, "latency_ms": 1111, "user_id": "u120", "msg": "ok", "trace_id": "d7f6d235dc3bcd0d"}
{"@timestamp": "2026-02-09T15:57:09.359325+00:00", "service": "dummy-backend", "level": "INFO", "route": "/profile", "status": 200, "latency_ms": 843, "user_id": "u016", "msg": "ok", "trace_id": "c7dcff80e4c132b2"}
{"@timestamp": "2026-02-09T15:57:09.865645+00:00", "service": "dummy-backend", "level": "INFO", "route": "/checkout", "status": 200, "latency_ms": 449, "user_id": "u068", "msg": "ok", "trace_id": "bae0bb30a9337862"}
{"@timestamp": "2026-02-09T15:57:10.372538+00:00", "service": "dummy-backend", "level": "INFO", "route": "/checkout", "status": 200, "latency_ms": 82, "user_id": "u187", "msg": "ok", "trace_id": "f9818f0a739a048d"}
{"@timestamp": "2026-02-09T15:57:10.878181+00:00", "service": "dummy-backend", "level": "INFO", "route": "/logout", "status": 200, "latency_ms": 354, "user_id": "u004", "msg": "ok", "trace_id": "b6717ecaa29d6008"}
{"@timestamp": "2026-02-09T15:57:11.383135+00:00", "service": "dummy-backend", "level": "INFO", "route": "/checkout", "status": 200, "latency_ms": 844, "user_id": "u078", "msg": "ok", "trace_id": "3998ba02c004b631"}
{"@timestamp": "2026-02-09T15:57:11.889185+00:00", "service": "dummy-backend", "level": "INFO", "route": "/search", "status": 200, "latency_ms": 926, "user_id": "u109", "msg": "ok", "trace_id": "80a51226f38f8e38"}
{"@timestamp": "2026-02-09T15:57:12.395171+00:00", "service": "dummy-backend", "level": "INFO", "route": "/checkout", "status": 200, "latency_ms": 1127, "user_id": "u110", "msg": "ok", "trace_id": "8bb8d2e030ea7a98"}
{"@timestamp": "2026-02-09T15:57:12.901099+00:00", "service": "dummy-backend", "level": "INFO", "route": "/logout", "status": 200, "latency_ms": 630, "user_id": "u036", "msg": "ok", "trace_id": "ec897a3007a0d28b"}
{"@timestamp": "2026-02-09T15:57:13.407288+00:00", "service": "dummy-backend", "level": "ERROR", "route": "/search", "status": 200, "latency_ms": 703, "user_id": "u051", "msg": "ok", "trace_id": "9d9ecb0ae31b5b6a"}
{"@timestamp": "2026-02-09T15:57:13.912422+00:00", "service": "dummy-backend", "level": "INFO", "route": "/profile", "status": 200, "latency_ms": 498, "user_id": "u034", "msg": "ok", "trace_id": "aa6fd3ea3c19c61a"}
{"@timestamp": "2026-02-09T15:57:14.418948+00:00", "service": "dummy-backend", "level": "INFO", "route": "/login", "status": 200, "latency_ms": 561, "user_id": "u116", "msg": "ok", "trace_id": "83409640d9cc0609"}
{"@timestamp": "2026-02-09T15:57:14.924541+00:00", "service": "dummy-backend", "level": "INFO", "route": "/logout", "status": 200, "latency_ms": 379, "user_id": "u179", "msg": "ok", "trace_id": "8727649be21161b9"}
{"@timestamp": "2026-02-09T15:57:15.430739+00:00", "service": "dummy-backend", "level": "INFO", "route": "/checkout", "status": 200, "latency_ms": 93, "user_id": "u058", "msg": "ok", "trace_id": "7e0ebe9a68b70e80"}
{"@timestamp": "2026-02-09T15:57:15.935216+00:00", "service": "dummy-backend", "level": "INFO", "route": "/login", "status": 200, "latency_ms": 607, "user_id": "u069", "msg": "ok", "trace_id": "fcf169e2834c762c"}
{"@timestamp": "2026-02-09T15:57:16.441260+00:00", "service": "dummy-backend", "level": "INFO", "route": "/profile", "status": 200, "latency_ms": 846, "user_id": "u100", "msg": "ok", "trace_id": "8f3e93db54fccaf7"}
{"@timestamp": "2026-02-09T15:57:16.947317+00:00", "service": "dummy-backend", "level": "INFO", "route": "/search", "status": 200, "latency_ms": 557, "user_id": "u071", "msg": "ok", "trace_id": "bd25346f21e07353"}
{"@timestamp": "2026-02-09T15:57:17.452858+00:00", "service": "dummy-backend", "level": "INFO", "route": "/search", "status": 200, "latency_ms": 706, "user_id": "u110", "msg": "ok", "trace_id": "ff9b07d38fbe02fe"}
{"@timestamp": "2026-02-09T15:57:17.959300+00:00", "service": "dummy-backend", "level": "INFO", "route": "/logout", "status": 200, "latency_ms": 80, "user_id": "u122", "msg": "ok", "trace_id": "f2803aaf7eecbd57"}
{"@timestamp": "2026-02-09T15:57:18.465006+00:00", "service": "dummy-backend", "level": "WARN", "route": "/search", "status": 200, "latency_ms": 488, "user_id": "u186", "msg": "ok", "trace_id": "33b780096841aecc"}
{"@timestamp": "2026-02-09T15:57:18.970663+00:00", "service": "dummy-backend", "level": "INFO", "route": "/search", "status": 200, "latency_ms": 1050, "user_id": "u061", "msg": "ok", "trace_id": "3e7435f2bec23818"}
{"@timestamp": "2026-02-09T15:57:19.476510+00:00", "service": "dummy-backend", "level": "INFO", "route": "/login", "status": 200, "latency_ms": 803, "user_id": "u053", "msg": "ok", "trace_id": "c828fef56a1407da"}
{"@timestamp": "2026-02-09T15:57:19.982733+00:00", "service": "dummy-backend", "level": "WARN", "route": "/checkout", "status": 409, "latency_ms": 332, "user_id": "u066", "msg": "insufficient_stock", "trace_id": "00af3100fb1447df"}
{"@timestamp": "2026-02-09T15:57:20.489453+00:00", "service": "dummy-backend", "level": "INFO", "route": "/search", "status": 200, "latency_ms": 401, "user_id": "u152", "msg": "ok", "trace_id": "2195f76ebe66086f"}
{"@timestamp": "2026-02-09T15:57:20.995102+00:00", "service": "dummy-backend", "level": "INFO", "route": "/checkout", "status": 200, "latency_ms": 436, "user_id": "u040", "msg": "ok", "trace_id": "923fb2317c0a2baf"}
{"@timestamp": "2026-02-09T15:57:21.500199+00:00", "service": "dummy-backend", "level": "WARN", "route": "/profile", "status": 200, "latency_ms": 72, "user_id": "u172", "msg": "ok", "trace_id": "a99d3bf9c6dc066c"}
{"@timestamp": "2026-02-09T15:57:22.005547+00:00", "service": "dummy-backend", "level": "INFO", "route": "/profile", "status": 200, "latency_ms": 802, "user_id": "u177", "msg": "ok", "trace_id": "67d167f8a2e21ba7"}
{"@timestamp": "2026-02-09T15:57:22.510869+00:00", "service": "dummy-backend", "level": "INFO", "route": "/checkout", "status": 200, "latency_ms": 1192, "user_id": "u041", "msg": "ok", "trace_id": "145622186e9eae1b"}
{"@timestamp": "2026-02-09T15:57:23.017092+00:00", "service": "dummy-backend", "level": "INFO", "route": "/logout", "status": 200, "latency_ms": 1122, "user_id": "u112", "msg": "ok", "trace_id": "95eddb5f6d3f5024"}
{"@timestamp": "2026-02-09T15:57:23.524004+00:00", "service": "dummy-backend", "level": "WARN", "route": "/checkout", "status": 409, "latency_ms": 128, "user_id": "u076", "msg": "gateway_error", "trace_id": "454e47dfc80c2fca"}
{"@timestamp": "2026-02-09T15:57:24.030551+00:00", "service": "dummy-backend", "level": "INFO", "route": "/profile", "status": 200, "latency_ms": 69, "user_id": "u009", "msg": "ok", "trace_id": "ed50ec337a2806e2"}
{"@timestamp": "2026-02-09T15:57:24.536473+00:00", "service": "dummy-backend", "level": "ERROR", "route": "/checkout", "status": 500, "latency_ms": 745, "user_id": "u019", "msg": "gateway_error", "trace_id": "4b48545cae51e6cd"}
{"@timestamp": "2026-02-09T15:57:25.032051+00:00", "service": "dummy-backend", "level": "INFO", "route": "/profile", "status": 200, "latency_ms": 558, "user_id": "u024", "msg": "ok", "trace_id": "918e828d0b604598"}
{"@timestamp": "2026-02-09T15:57:25.537124+00:00", "service": "dummy-backend", "level": "INFO", "route": "/checkout", "status": 200, "latency_ms": 689, "user_id": "u018", "msg": "ok", "trace_id": "a386391ac5c8af30"}
{"@timestamp": "2026-02-09T15:57:26.042957+00:00", "service": "dummy-backend", "level": "INFO", "route": "/logout", "status": 200, "latency_ms": 983, "user_id": "u068", "msg": "ok", "trace_id": "47254c61a909b3c4"}
{"@timestamp": "2026-02-09T15:57:26.549045+00:00", "service": "dummy-backend", "level": "INFO", "route": "/search", "status": 200, "latency_ms": 436, "user_id": "u139", "msg": "ok", "trace_id": "dd69970c6952bbc5"}
{"@timestamp": "2026-02-09T15:57:27.055354+00:00", "service": "dummy-backend", "level": "ERROR", "route": "/profile", "status": 200, "latency_ms": 564, "user_id": "u187", "msg": "ok", "trace_id": "b2cd4a23cd8dabe0"}
{"@timestamp": "2026-02-09T15:57:27.561649+00:00", "service": "dummy-backend", "level": "INFO", "route": "/logout", "status": 200, "latency_ms": 178, "user_id": "u137", "msg": "ok", "trace_id": "2ece13102e773996"}
{"@timestamp": "2026-02-09T15:57:28.066755+00:00", "service": "dummy-backend", "level": "INFO", "route": "/logout", "status": 200, "latency_ms": 854, "user_id": "u067", "msg": "ok", "trace_id": "f5da1da525bf13d6"}
{"@timestamp": "2026-02-09T15:57:28.573046+00:00", "service": "dummy-backend", "level": "INFO", "route": "/checkout", "status": 200, "latency_ms": 812, "user_id": "u158", "msg": "ok", "trace_id": "52490d127ca94183"}
{"@timestamp": "2026-02-09T15:57:29.078710+00:00", "service": "dummy-backend", "level": "INFO", "route": "/profile", "status": 200, "latency_ms": 770, "user_id": "u117", "msg": "ok", "trace_id": "b60110bf1ffa15b1"}
{"@timestamp": "2026-02-09T15:57:29.584630+00:00", "service": "dummy-backend", "level": "INFO", "route": "/logout", "status": 200, "latency_ms": 127, "user_id": "u117", "msg": "ok", "trace_id": "00a911e3ef1277d7"}
{"@timestamp": "2026-02-09T15:57:30.090553+00:00", "service": "dummy-backend", "level": "INFO", "route": "/checkout", "status": 200, "latency_ms": 1095, "user_id": "u094", "msg": "ok", "trace_id": "ceb285571fc50138"}
{"@timestamp": "2026-02-09T15:57:30.594782+00:00", "service": "dummy-backend", "level": "INFO", "route": "/login", "status": 200, "latency_ms": 1103, "user_id": "u045", "msg": "ok", "trace_id": "d7287749ac5a2bed"}
{"@timestamp": "2026-02-09T15:57:31.099843+00:00", "service": "dummy-backend", "level": "INFO", "route": "/search", "status": 200, "latency_ms": 444, "user_id": "u148", "msg": "ok", "trace_id": "9223b8fa327a5aee"}
{"@timestamp": "2026-02-09T15:57:31.607453+00:00", "service": "dummy-backend", "level": "INFO", "route": "/profile", "status": 200, "latency_ms": 567, "user_id": "u081", "msg": "ok", "trace_id": "19101c12b347d96d"}
{"@timestamp": "2026-02-09T15:57:32.111280+00:00", "service": "dummy-backend", "level": "INFO", "route": "/profile", "status": 200, "latency_ms": 531, "user_id": "u197", "msg": "ok", "trace_id": "00efed404d9726b7"}
{"@timestamp": "2026-02-09T15:57:32.617312+00:00", "service": "dummy-backend", "level": "INFO", "route": "/login", "status": 200, "latency_ms": 877, "user_id": "u128", "msg": "ok", "trace_id": "15e01a32d5b0a05a"}
{"@timestamp": "2026-02-09T15:57:33.124159+00:00", "service": "dummy-backend", "level": "INFO", "route": "/login", "status": 200, "latency_ms": 286, "user_id": "u122", "msg": "ok", "trace_id": "f7ef4f9e67805b1d"}
{"@timestamp": "2026-02-09T15:57:33.630490+00:00", "service": "dummy-backend", "level": "INFO", "route": "/search", "status": 200, "latency_ms": 949, "user_id": "u043", "msg": "ok", "trace_id": "bc39a24c33ebec62"}
{"@timestamp": "2026-02-09T15:57:34.137102+00:00", "service": "dummy-backend", "level": "INFO", "route": "/logout", "status": 200, "latency_ms": 329, "user_id": "u174", "msg": "ok", "trace_id": "807da653813c2a6b"}
{"@timestamp": "2026-02-09T15:57:34.643320+00:00", "service": "dummy-backend", "level": "INFO", "route": "/login", "status": 200, "latency_ms": 534, "user_id": "u093", "msg": "ok", "trace_id": "24e16dd99ba15b59"}
{"@timestamp": "2026-02-09T15:57:35.148139+00:00", "service": "dummy-backend", "level": "INFO", "route": "/login", "status": 200, "latency_ms": 888, "user_id": "u192", "msg": "ok", "trace_id": "fec9dc218156985a"}
{"@timestamp": "2026-02-09T15:57:35.654297+00:00", "service": "dummy-backend", "level": "INFO", "route": "/search", "status": 200, "latency_ms": 816, "user_id": "u132", "msg": "ok", "trace_id": "52228894b1154ad6"}
{"@timestamp": "2026-02-09T15:57:36.157890+00:00", "service": "dummy-backend", "level": "INFO", "route": "/login", "status": 200, "latency_ms": 951, "user_id": "u126", "msg": "ok", "trace_id": "c26c7e8f1ef363fe"}
{"@timestamp": "2026-02-09T15:57:36.661788+00:00", "service": "dummy-backend", "level": "INFO", "route": "/login", "status": 200, "latency_ms": 282, "user_id": "u024", "msg": "ok", "trace_id": "d851f0e24ce2bcde"}
{"@timestamp": "2026-02-09T15:57:37.166451+00:00", "service": "dummy-backend", "level": "INFO", "route": "/logout", "status": 200, "latency_ms": 566, "user_id": "u115", "msg": "ok", "trace_id": "5d7c59b57b1de3e1"}
{"@timestamp": "2026-02-09T15:57:37.671389+00:00", "service": "dummy-backend", "level": "INFO", "route": "/logout", "status": 200, "latency_ms": 627, "user_id": "u125", "msg": "ok", "trace_id": "4e2db489680d797c"}
{"@timestamp": "2026-02-09T15:57:38.175879+00:00", "service": "dummy-backend", "level": "INFO", "route": "/search", "status": 200, "latency_ms": 298, "user_id": "u057", "msg": "ok", "trace_id": "72be043d3fd9c71b"}
{"@timestamp": "2026-02-09T15:57:38.681609+00:00", "service": "dummy-backend", "level": "INFO", "route": "/login", "status": 200, "latency_ms": 1082, "user_id": "u192", "msg": "ok", "trace_id": "0778d7bc774ee48a"}
{"@timestamp": "2026-02-09T15:57:39.187726+00:00", "service": "dummy-backend", "level": "INFO", "route": "/login", "status": 200, "latency_ms": 120, "user_id": "u170", "msg": "ok", "trace_id": "c9a6b8811f6d0353"}
{"@timestamp": "2026-02-09T15:57:39.693482+00:00", "service": "dummy-backend", "level": "INFO", "route": "/search", "status": 200, "latency_ms": 563, "user_id": "u164", "msg": "ok", "trace_id": "27fae63f5ba38685"}
{"@timestamp": "2026-02-09T15:57:40.199905+00:00", "service": "dummy-backend", "level": "INFO", "route": "/search", "status": 200, "latency_ms": 123, "user_id": "u064", "msg": "ok", "trace_id": "31312e278751cbdb"}
{"@timestamp": "2026-02-09T15:57:40.706025+00:00", "service": "dummy-backend", "level": "INFO", "route": "/search", "status": 200, "latency_ms": 961, "user_id": "u037", "msg": "ok", "trace_id": "0304da5cbbb0b029"}
{"@timestamp": "2026-02-09T15:57:41.212207+00:00", "service": "dummy-backend", "level": "INFO", "route": "/login", "status": 200, "latency_ms": 875, "user_id": "u132", "msg": "ok", "trace_id": "aa12eb287e8d8b9c"}
{"@timestamp": "2026-02-09T15:57:41.719183+00:00", "service": "dummy-backend", "level": "INFO", "route": "/search", "status": 200, "latency_ms": 410, "user_id": "u141", "msg": "ok", "trace_id": "87c4e90cfbe33b1a"}
{"@timestamp": "2026-02-09T15:57:42.224824+00:00", "service": "dummy-backend", "level": "INFO", "route": "/profile", "status": 200, "latency_ms": 1021, "user_id": "u061", "msg": "ok", "trace_id": "78e895f6e0db0670"}
{"@timestamp": "2026-02-09T15:57:42.729702+00:00", "service": "dummy-backend", "level": "INFO", "route": "/profile", "status": 200, "latency_ms": 258, "user_id": "u130", "msg": "ok", "trace_id": "5e2d6e047171d292"}
{"@timestamp": "2026-02-09T15:57:43.234252+00:00", "service": "dummy-backend", "level": "WARN", "route": "/login", "status": 200, "latency_ms": 917, "user_id": "u174", "msg": "ok", "trace_id": "ed93d485ed66180d"}
{"@timestamp": "2026-02-09T15:57:43.739918+00:00", "service": "dummy-backend", "level": "INFO", "route": "/checkout", "status": 200, "latency_ms": 535, "user_id": "u162", "msg": "ok", "trace_id": "3835704f1e226c46"}
{"@timestamp": "2026-02-09T15:57:44.246110+00:00", "service": "dummy-backend", "level": "INFO", "route": "/profile", "status": 200, "latency_ms": 525, "user_id": "u101", "msg": "ok", "trace_id": "435fba6edf0d51cc"}
{"@timestamp": "2026-02-09T15:57:44.752209+00:00", "service": "dummy-backend", "level": "INFO", "route": "/logout", "status": 200, "latency_ms": 1175, "user_id": "u178", "msg": "ok", "trace_id": "8b60fdc5cb296678"}
{"@timestamp": "2026-02-09T15:57:45.258376+00:00", "service": "dummy-backend", "level": "INFO", "route": "/checkout", "status": 200, "latency_ms": 271, "user_id": "u178", "msg": "ok", "trace_id": "52e39f70fb34f9a2"}
{"@timestamp": "2026-02-09T15:57:45.764168+00:00", "service": "dummy-backend", "level": "INFO", "route": "/search", "status": 200, "latency_ms": 72, "user_id": "u110", "msg": "ok", "trace_id": "b53ee95577d87921"}
{"@timestamp": "2026-02-09T15:57:46.270240+00:00", "service": "dummy-backend", "level": "WARN", "route": "/search", "status": 200, "latency_ms": 255, "user_id": "u098", "msg": "ok", "trace_id": "601bc59204f55838"}
{"@timestamp": "2026-02-09T15:57:46.776241+00:00", "service": "dummy-backend", "level": "INFO", "route": "/profile", "status": 200, "latency_ms": 208, "user_id": "u031", "msg": "ok", "trace_id": "d8faf610c9bb41f9"}
{"@timestamp": "2026-02-09T15:57:47.283402+00:00", "service": "dummy-backend", "level": "INFO", "route": "/profile", "status": 200, "latency_ms": 544, "user_id": "u190", "msg": "ok", "trace_id": "39084b8ef6fab845"}
{"@timestamp": "2026-02-09T15:57:47.788844+00:00", "service": "dummy-backend", "level": "WARN", "route": "/logout", "status": 200, "latency_ms": 934, "user_id": "u063", "msg": "ok", "trace_id": "05d6b884ebb6a302"}
{"@timestamp": "2026-02-09T15:57:48.292627+00:00", "service": "dummy-backend", "level": "INFO", "route": "/logout", "status": 200, "latency_ms": 957, "user_id": "u004", "msg": "ok", "trace_id": "c59f2afe245c4580"}
{"@timestamp": "2026-02-09T15:57:48.796608+00:00", "service": "dummy-backend", "level": "INFO", "route": "/profile", "status": 200, "latency_ms": 118, "user_id": "u062", "msg": "ok", "trace_id": "373c06e84533d38a"}
{"@timestamp": "2026-02-09T15:57:49.301918+00:00", "service": "dummy-backend", "level": "INFO", "route": "/search", "status": 200, "latency_ms": 641, "user_id": "u149", "msg": "ok", "trace_id": "14031d5bf02b469b"}
{"@timestamp": "2026-02-09T15:57:49.807380+00:00", "service": "dummy-backend", "level": "INFO", "route": "/search", "status": 200, "latency_ms": 758, "user_id": "u102", "msg": "ok", "trace_id": "c05a47ca9a0a9455"}
{"@timestamp": "2026-02-09T15:57:50.311116+00:00", "service": "dummy-backend", "level": "INFO", "route": "/profile", "status": 200, "latency_ms": 842, "user_id": "u059", "msg": "ok", "trace_id": "108c673e8334991b"}
{"@timestamp": "2026-02-09T15:57:50.816383+00:00", "service": "dummy-backend", "level": "INFO", "route": "/checkout", "status": 200, "latency_ms": 429, "user_id": "u079", "msg": "ok", "trace_id": "61c9ae56bd5591d6"}
{"@timestamp": "2026-02-09T15:57:51.321714+00:00", "service": "dummy-backend", "level": "WARN", "route": "/profile", "status": 200, "latency_ms": 184, "user_id": "u057", "msg": "ok", "trace_id": "fba447ed7bffb450"}
{"@timestamp": "2026-02-09T15:57:51.826667+00:00", "service": "dummy-backend", "level": "INFO", "route": "/checkout", "status": 200, "latency_ms": 848, "user_id": "u023", "msg": "ok", "trace_id": "b009816a2812f5d2"}
{"@timestamp": "2026-02-09T15:57:52.333210+00:00", "service": "dummy-backend", "level": "ERROR", "route": "/profile", "status": 200, "latency_ms": 1140, "user_id": "u086", "msg": "ok", "trace_id": "66bccace1a0aefc2"}
{"@timestamp": "2026-02-09T15:57:52.839258+00:00", "service": "dummy-backend", "level": "INFO", "route": "/checkout", "status": 200, "latency_ms": 1100, "user_id": "u064", "msg": "ok", "trace_id": "d8daaeaf98915630"}
{"@timestamp": "2026-02-09T15:57:53.343480+00:00", "service": "dummy-backend", "level": "INFO", "route": "/logout", "status": 200, "latency_ms": 593, "user_id": "u123", "msg": "ok", "trace_id": "8f07dd8efbaa7b7d"}
{"@timestamp": "2026-02-09T15:57:53.848484+00:00", "service": "dummy-backend", "level": "INFO", "route": "/logout", "status": 200, "latency_ms": 485, "user_id": "u037", "msg": "ok", "trace_id": "f10222c6eed71595"}
{"@timestamp": "2026-02-09T15:57:54.353880+00:00", "service": "dummy-backend", "level": "INFO", "route": "/logout", "status": 200, "latency_ms": 364, "user_id": "u048", "msg": "ok", "trace_id": "7355b3d2556795ac"}
{"@timestamp": "2026-02-09T15:57:54.851746+00:00", "service": "dummy-backend", "level": "INFO", "route": "/login", "status": 200, "latency_ms": 277, "user_id": "u182", "msg": "ok", "trace_id": "2296f34d894c8b5b"}
{"@timestamp": "2026-02-09T15:57:55.356075+00:00", "service": "dummy-backend", "level": "INFO", "route": "/profile", "status": 200, "latency_ms": 253, "user_id": "u136", "msg": "ok", "trace_id": "60fe0ab9b7ef00ee"}
{"@timestamp": "2026-02-09T15:57:55.862551+00:00", "service": "dummy-backend", "level": "INFO", "route": "/search", "status": 200, "latency_ms": 789, "user_id": "u066", "msg": "ok", "trace_id": "9ec5a78eba0fca74"}
{"@timestamp": "2026-02-09T15:57:56.368123+00:00", "service": "dummy-backend", "level": "INFO", "route": "/logout", "status": 200, "latency_ms": 1140, "user_id": "u055", "msg": "ok", "trace_id": "afbb99094f24d292"}
{"@timestamp": "2026-02-09T15:57:56.874042+00:00", "service": "dummy-backend", "level": "INFO", "route": "/search", "status": 200, "latency_ms": 301, "user_id": "u031", "msg": "ok", "trace_id": "3a18a2497bda2fad"}
{"@timestamp": "2026-02-09T15:57:57.379611+00:00", "service": "dummy-backend", "level": "WARN", "route": "/logout", "status": 200, "latency_ms": 383, "user_id": "u083", "msg": "ok", "trace_id": "d5bb5e2167c4baa3"}
{"@timestamp": "2026-02-09T15:57:57.884441+00:00", "service": "dummy-backend", "level": "WARN", "route": "/search", "status": 200, "latency_ms": 832, "user_id": "u030", "msg": "ok", "trace_id": "7613d65870ab1181"}
{"@timestamp": "2026-02-09T15:57:58.390493+00:00", "service": "dummy-backend", "level": "ERROR", "route": "/search", "status": 200, "latency_ms": 289, "user_id": "u187", "msg": "ok", "trace_id": "9d32e5500e2147f2"}
{"@timestamp": "2026-02-09T15:57:58.894555+00:00", "service": "dummy-backend", "level": "INFO", "route": "/login", "status": 200, "latency_ms": 75, "user_id": "u148", "msg": "ok", "trace_id": "f8f1d03453808808"}
{"@timestamp": "2026-02-09T15:57:59.398605+00:00", "service": "dummy-backend", "level": "INFO", "route": "/logout", "status": 200, "latency_ms": 711, "user_id": "u084", "msg": "ok", "trace_id": "b3074872d3725538"}
{"@timestamp": "2026-02-09T15:57:59.903641+00:00", "service": "dummy-backend", "level": "INFO", "route": "/profile", "status": 200, "latency_ms": 392, "user_id": "u021", "msg": "ok", "trace_id": "cd1fcee25dfe40f0"}
{"@timestamp": "2026-02-09T15:58:00.409456+00:00", "service": "dummy-backend", "level": "WARN", "route": "/search", "status": 200, "latency_ms": 470, "user_id": "u032", "msg": "ok", "trace_id": "649d90bc429ebb87"}
{"@timestamp": "2026-02-09T15:58:00.914449+00:00", "service": "dummy-backend", "level": "INFO", "route": "/search", "status": 200, "latency_ms": 790, "user_id": "u195", "msg": "ok", "trace_id": "e1bd5d819dd9bb3a"}
{"@timestamp": "2026-02-09T15:58:01.418968+00:00", "service": "dummy-backend", "level": "INFO", "route": "/search", "status": 200, "latency_ms": 871, "user_id": "u092", "msg": "ok", "trace_id": "e8b3b0177ccb9a21"}
{"@timestamp": "2026-02-09T15:58:01.925055+00:00", "service": "dummy-backend", "level": "INFO", "route": "/login", "status": 200, "latency_ms": 975, "user_id": "u176", "msg": "ok", "trace_id": "a983a6c0ae2611ce"}
{"@timestamp": "2026-02-09T15:58:02.431138+00:00", "service": "dummy-backend", "level": "INFO", "route": "/checkout", "status": 200, "latency_ms": 297, "user_id": "u080", "msg": "ok", "trace_id": "0e9538abeea57b47"}
{"@timestamp": "2026-02-09T15:58:02.937901+00:00", "service": "dummy-backend", "level": "INFO", "route": "/profile", "status": 200, "latency_ms": 395, "user_id": "u160", "msg": "ok", "trace_id": "e93bc827b3ba797d"}
{"@timestamp": "2026-02-09T15:58:03.444019+00:00", "service": "dummy-backend", "level": "INFO", "route": "/logout", "status": 200, "latency_ms": 979, "user_id": "u050", "msg": "ok", "trace_id": "2147cae66bc35655"}
{"@timestamp": "2026-02-09T15:58:03.950655+00:00", "service": "dummy-backend", "level": "INFO", "route": "/profile", "status": 200, "latency_ms": 526, "user_id": "u036", "msg": "ok", "trace_id": "48e7a8c29806368e"}
{"@timestamp": "2026-02-09T15:58:04.456821+00:00", "service": "dummy-backend", "level": "INFO", "route": "/login", "status": 200, "latency_ms": 928, "user_id": "u098", "msg": "ok", "trace_id": "e8ae5f43c57f060a"}
{"@timestamp": "2026-02-09T15:58:04.962788+00:00", "service": "dummy-backend", "level": "INFO", "route": "/logout", "status": 200, "latency_ms": 472, "user_id": "u111", "msg": "ok", "trace_id": "d7daf48f8bad79b5"}
{"@timestamp": "2026-02-09T15:58:05.468235+00:00", "service": "dummy-backend", "level": "INFO", "route": "/logout", "status": 200, "latency_ms": 565, "user_id": "u130", "msg": "ok", "trace_id": "dafdd891e20d8e98"}
{"@timestamp": "2026-02-09T15:58:05.974515+00:00", "service": "dummy-backend", "level": "WARN", "route": "/logout", "status": 200, "latency_ms": 639, "user_id": "u068", "msg": "ok", "trace_id": "25655503c86ecc2f"}
{"@timestamp": "2026-02-09T15:58:06.480691+00:00", "service": "dummy-backend", "level": "INFO", "route": "/search", "status": 200, "latency_ms": 577, "user_id": "u089", "msg": "ok", "trace_id": "925394fd172507c3"}
{"@timestamp": "2026-02-09T15:58:06.986987+00:00", "service": "dummy-backend", "level": "INFO", "route": "/checkout", "status": 200, "latency_ms": 111, "user_id": "u122", "msg": "ok", "trace_id": "c1e1fc29aa0400f9"}
{"@timestamp": "2026-02-09T15:58:07.492279+00:00", "service": "dummy-backend", "level": "INFO", "route": "/logout", "status": 200, "latency_ms": 442, "user_id": "u132", "msg": "ok", "trace_id": "2d0020d727ffde9d"}
{"@timestamp": "2026-02-09T15:58:07.999433+00:00", "service": "dummy-backend", "level": "INFO", "route": "/search", "status": 200, "latency_ms": 759, "user_id": "u164", "msg": "ok", "trace_id": "56950129d8dde337"}
{"@timestamp": "2026-02-09T15:58:08.505763+00:00", "service": "dummy-backend", "level": "INFO", "route": "/checkout", "status": 200, "latency_ms": 949, "user_id": "u117", "msg": "ok", "trace_id": "29f7954b818086a8"}
{"@timestamp": "2026-02-09T15:58:09.012079+00:00", "service": "dummy-backend", "level": "INFO", "route": "/search", "status": 200, "latency_ms": 224, "user_id": "u090", "msg": "ok", "trace_id": "81e5437e3d6d9171"}
{"@timestamp": "2026-02-09T15:58:09.517125+00:00", "service": "dummy-backend", "level": "INFO", "route": "/login", "status": 200, "latency_ms": 794, "user_id": "u108", "msg": "ok", "trace_id": "f458a35bdd441f3a"}
{"@timestamp": "2026-02-09T15:58:10.021867+00:00", "service": "dummy-backend", "level": "WARN", "route": "/login", "status": 200, "latency_ms": 649, "user_id": "u169", "msg": "ok", "trace_id": "61d579960fb8c957"}
{"@timestamp": "2026-02-09T15:58:10.526850+00:00", "service": "dummy-backend", "level": "INFO", "route": "/login", "status": 200, "latency_ms": 886, "user_id": "u178", "msg": "ok", "trace_id": "f105da83cf582821"}
{"@timestamp": "2026-02-09T15:58:11.030794+00:00", "service": "dummy-backend", "level": "INFO", "route": "/profile", "status": 200, "latency_ms": 955, "user_id": "u162", "msg": "ok", "trace_id": "404419074b482633"}
{"@timestamp": "2026-02-09T15:58:11.534770+00:00", "service": "dummy-backend", "level": "INFO", "route": "/search", "status": 200, "latency_ms": 119, "user_id": "u034", "msg": "ok", "trace_id": "3465aa00d4a5a755"}
{"@timestamp": "2026-02-09T15:58:12.038394+00:00", "service": "dummy-backend", "level": "INFO", "route": "/logout", "status": 200, "latency_ms": 983, "user_id": "u004", "msg": "ok", "trace_id": "0992cc5565afe3aa"}
{"@timestamp": "2026-02-09T15:58:12.542505+00:00", "service": "dummy-backend", "level": "INFO", "route": "/search", "status": 200, "latency_ms": 698, "user_id": "u032", "msg": "ok", "trace_id": "3fd6b7fc7c9c5df5"}
{"@timestamp": "2026-02-09T15:58:13.046151+00:00", "service": "dummy-backend", "level": "WARN", "route": "/checkout", "status": 409, "latency_ms": 839, "user_id": "u004", "msg": "gateway_error", "trace_id": "6568cbf353f2f02d"}
{"@timestamp": "2026-02-09T15:58:13.550468+00:00", "service": "dummy-backend", "level": "INFO", "route": "/login", "status": 200, "latency_ms": 688, "user_id": "u096", "msg": "ok", "trace_id": "38061b731898bf3f"}
{"@timestamp": "2026-02-09T15:58:14.054666+00:00", "service": "dummy-backend", "level": "INFO", "route": "/search", "status": 200, "latency_ms": 786, "user_id": "u081", "msg": "ok", "trace_id": "d3b6c5235fd1dcf1"}
{"@timestamp": "2026-02-09T15:58:14.558644+00:00", "service": "dummy-backend", "level": "INFO", "route": "/checkout", "status": 200, "latency_ms": 893, "user_id": "u051", "msg": "ok", "trace_id": "f979cbc6d9f4a7d5"}
{"@timestamp": "2026-02-09T15:58:15.062886+00:00", "service": "dummy-backend", "level": "INFO", "route": "/login", "status": 200, "latency_ms": 127, "user_id": "u044", "msg": "ok", "trace_id": "12e6c7af3f4f4e3a"}
{"@timestamp": "2026-02-09T15:58:15.566958+00:00", "service": "dummy-backend", "level": "INFO", "route": "/checkout", "status": 200, "latency_ms": 566, "user_id": "u191", "msg": "ok", "trace_id": "bca36a02a5350132"}
{"@timestamp": "2026-02-09T15:58:16.071478+00:00", "service": "dummy-backend", "level": "ERROR", "route": "/search", "status": 200, "latency_ms": 1016, "user_id": "u014", "msg": "ok", "trace_id": "5a8817a50587648a"}
{"@timestamp": "2026-02-09T15:58:16.574869+00:00", "service": "dummy-backend", "level": "INFO", "route": "/profile", "status": 200, "latency_ms": 27, "user_id": "u175", "msg": "ok", "trace_id": "91eba345cac99e3a"}
{"@timestamp": "2026-02-09T15:58:17.078875+00:00", "service": "dummy-backend", "level": "INFO", "route": "/profile", "status": 200, "latency_ms": 297, "user_id": "u082", "msg": "ok", "trace_id": "fd208cfda25471d0"}
{"@timestamp": "2026-02-09T15:58:17.583879+00:00", "service": "dummy-backend", "level": "INFO", "route": "/login", "status": 200, "latency_ms": 592, "user_id": "u146", "msg": "ok", "trace_id": "3761d23657c6e1ed"}
{"@timestamp": "2026-02-09T15:58:18.087592+00:00", "service": "dummy-backend", "level": "INFO", "route": "/search", "status": 200, "latency_ms": 12, "user_id": "u170", "msg": "ok", "trace_id": "0a6c3d59e63cc1ea"}
{"@timestamp": "2026-02-09T15:58:18.591662+00:00", "service": "dummy-backend", "level": "INFO", "route": "/logout", "status": 200, "latency_ms": 1096, "user_id": "u043", "msg": "ok", "trace_id": "ea2969a6b09bb9f3"}
{"@timestamp": "2026-02-09T15:58:19.096530+00:00", "service": "dummy-backend", "level": "INFO", "route": "/logout", "status": 200, "latency_ms": 604, "user_id": "u093", "msg": "ok", "trace_id": "de90f731c97bc380"}
{"@timestamp": "2026-02-09T15:58:19.601125+00:00", "service": "dummy-backend", "level": "INFO", "route": "/login", "status": 200, "latency_ms": 989, "user_id": "u165", "msg": "ok", "trace_id": "cae835250349875e"}
{"@timestamp": "2026-02-09T15:58:20.106187+00:00", "service": "dummy-backend", "level": "INFO", "route": "/logout", "status": 200, "latency_ms": 1075, "user_id": "u194", "msg": "ok", "trace_id": "618f965c198ac4c8"}
{"@timestamp": "2026-02-09T15:58:20.610216+00:00", "service": "dummy-backend", "level": "INFO", "route": "/search", "status": 200, "latency_ms": 1045, "user_id": "u189", "msg": "ok", "trace_id": "d075e81de68cf322"}
{"@timestamp": "2026-02-09T15:58:21.116145+00:00", "service": "dummy-backend", "level": "INFO", "route": "/logout", "status": 200, "latency_ms": 408, "user_id": "u158", "msg": "ok", "trace_id": "9c1ab6539d880818"}
{"@timestamp": "2026-02-09T15:58:21.621885+00:00", "service": "dummy-backend", "level": "INFO", "route": "/search", "status": 200, "latency_ms": 783, "user_id": "u194", "msg": "ok", "trace_id": "dd52c2aed210acd9"}
{"@timestamp": "2026-02-09T15:58:22.127019+00:00", "service": "dummy-backend", "level": "INFO", "route": "/logout", "status": 200, "latency_ms": 11, "user_id": "u042", "msg": "ok", "trace_id": "0d8e8b3f031445e5"}
{"@timestamp": "2026-02-09T15:58:22.631013+00:00", "service": "dummy-backend", "level": "INFO", "route": "/search", "status": 200, "latency_ms": 1044, "user_id": "u180", "msg": "ok", "trace_id": "eb3f97943019faac"}
{"@timestamp": "2026-02-09T15:58:23.135036+00:00", "service": "dummy-backend", "level": "INFO", "route": "/logout", "status": 200, "latency_ms": 163, "user_id": "u089", "msg": "ok", "trace_id": "4dd764f50d738a8c"}
{"@timestamp": "2026-02-09T15:58:23.640048+00:00", "service": "dummy-backend", "level": "INFO", "route": "/profile", "status": 200, "latency_ms": 995, "user_id": "u148", "msg": "ok", "trace_id": "7b20415dca785bcd"}
{"@timestamp": "2026-02-09T15:58:24.143359+00:00", "service": "dummy-backend", "level": "WARN", "route": "/logout", "status": 200, "latency_ms": 85, "user_id": "u126", "msg": "ok", "trace_id": "b75cfa1ca8cd6bd0"}
{"@timestamp": "2026-02-09T15:58:24.648332+00:00", "service": "dummy-backend", "level": "WARN", "route": "/search", "status": 200, "latency_ms": 175, "user_id": "u122", "msg": "ok", "trace_id": "ff72f6fae42130a6"}
{"@timestamp": "2026-02-09T15:58:25.135510+00:00", "service": "dummy-backend", "level": "INFO", "route": "/logout", "status": 200, "latency_ms": 534, "user_id": "u124", "msg": "ok", "trace_id": "aa3a8840b9653a37"}
{"@timestamp": "2026-02-09T15:58:25.640330+00:00", "service": "dummy-backend", "level": "INFO", "route": "/profile", "status": 200, "latency_ms": 534, "user_id": "u074", "msg": "ok", "trace_id": "1993febf94a0ddb1"}
{"@timestamp": "2026-02-09T15:58:26.145667+00:00", "service": "dummy-backend", "level": "INFO", "route": "/search", "status": 200, "latency_ms": 361, "user_id": "u050", "msg": "ok", "trace_id": "1ac68e215ea7a0e2"}
{"@timestamp": "2026-02-09T15:58:26.649591+00:00", "service": "dummy-backend", "level": "INFO", "route": "/logout", "status": 200, "latency_ms": 500, "user_id": "u001", "msg": "ok", "trace_id": "72aca4196ba24818"}
{"@timestamp": "2026-02-09T15:58:27.154105+00:00", "service": "dummy-backend", "level": "INFO", "route": "/login", "status": 200, "latency_ms": 470, "user_id": "u030", "msg": "ok", "trace_id": "5ad14de210688068"}
{"@timestamp": "2026-02-09T15:58:27.658843+00:00", "service": "dummy-backend", "level": "INFO", "route": "/profile", "status": 200, "latency_ms": 473, "user_id": "u074", "msg": "ok", "trace_id": "09450238ff5efd4a"}
{"@timestamp": "2026-02-09T15:58:28.163493+00:00", "service": "dummy-backend", "level": "INFO", "route": "/logout", "status": 200, "latency_ms": 973, "user_id": "u121", "msg": "ok", "trace_id": "12197e52e6da2637"}
{"@timestamp": "2026-02-09T15:58:28.669517+00:00", "service": "dummy-backend", "level": "INFO", "route": "/search", "status": 200, "latency_ms": 172, "user_id": "u123", "msg": "ok", "trace_id": "9fa63f193f24d800"}
{"@timestamp": "2026-02-09T15:58:29.174794+00:00", "service": "dummy-backend", "level": "INFO", "route": "/profile", "status": 200, "latency_ms": 756, "user_id": "u170", "msg": "ok", "trace_id": "9f946015bd41c776"}
{"@timestamp": "2026-02-09T15:58:29.678970+00:00", "service": "dummy-backend", "level": "INFO", "route": "/login", "status": 200, "latency_ms": 244, "user_id": "u060", "msg": "ok", "trace_id": "62b232c798391076"}
{"@timestamp": "2026-02-09T15:58:30.183049+00:00", "service": "dummy-backend", "level": "INFO", "route": "/profile", "status": 200, "latency_ms": 148, "user_id": "u131", "msg": "ok", "trace_id": "be27448528d24264"}
{"@timestamp": "2026-02-09T15:58:30.688967+00:00", "service": "dummy-backend", "level": "INFO", "route": "/logout", "status": 200, "latency_ms": 591, "user_id": "u199", "msg": "ok", "trace_id": "350d1975d206be5c"}
{"@timestamp": "2026-02-09T15:58:31.192475+00:00", "service": "dummy-backend", "level": "WARN", "route": "/logout", "status": 200, "latency_ms": 256, "user_id": "u040", "msg": "ok", "trace_id": "f897389e162219d3"}
{"@timestamp": "2026-02-09T15:58:31.696429+00:00", "service": "dummy-backend", "level": "WARN", "route": "/logout", "status": 200, "latency_ms": 903, "user_id": "u018", "msg": "ok", "trace_id": "ce14000d4c3b267b"}
{"@timestamp": "2026-02-09T15:58:32.201280+00:00", "service": "dummy-backend", "level": "INFO", "route": "/checkout", "status": 200, "latency_ms": 298, "user_id": "u175", "msg": "ok", "trace_id": "cba151f500707550"}
{"@timestamp": "2026-02-09T15:58:32.705033+00:00", "service": "dummy-backend", "level": "INFO", "route": "/checkout", "status": 200, "latency_ms": 564, "user_id": "u040", "msg": "ok", "trace_id": "49b2c86aabfb84da"}
{"@timestamp": "2026-02-09T15:58:33.208979+00:00", "service": "dummy-backend", "level": "INFO", "route": "/login", "status": 200, "latency_ms": 327, "user_id": "u011", "msg": "ok", "trace_id": "fac654e598cb620d"}
{"@timestamp": "2026-02-09T15:58:33.713502+00:00", "service": "dummy-backend", "level": "ERROR", "route": "/profile", "status": 200, "latency_ms": 742, "user_id": "u096", "msg": "ok", "trace_id": "fc993b531ed79d01"}
{"@timestamp": "2026-02-09T15:58:34.218500+00:00", "service": "dummy-backend", "level": "ERROR", "route": "/search", "status": 200, "latency_ms": 512, "user_id": "u068", "msg": "ok", "trace_id": "bf19269d85cde154"}
{"@timestamp": "2026-02-09T15:58:34.723038+00:00", "service": "dummy-backend", "level": "INFO", "route": "/search", "status": 200, "latency_ms": 751, "user_id": "u116", "msg": "ok", "trace_id": "4537d139c331b058"}
{"@timestamp": "2026-02-09T15:58:35.226704+00:00", "service": "dummy-backend", "level": "INFO", "route": "/profile", "status": 200, "latency_ms": 481, "user_id": "u104", "msg": "ok", "trace_id": "d005b6ed18699891"}
{"@timestamp": "2026-02-09T15:58:35.730349+00:00", "service": "dummy-backend", "level": "INFO", "route": "/logout", "status": 200, "latency_ms": 464, "user_id": "u180", "msg": "ok", "trace_id": "fdadacb2b5733eba"}
{"@timestamp": "2026-02-09T15:58:36.234961+00:00", "service": "dummy-backend", "level": "WARN", "route": "/logout", "status": 200, "latency_ms": 612, "user_id": "u106", "msg": "ok", "trace_id": "6efbd359b9315098"}
{"@timestamp": "2026-02-09T15:58:36.738891+00:00", "service": "dummy-backend", "level": "INFO", "route": "/login", "status": 200, "latency_ms": 129, "user_id": "u054", "msg": "ok", "trace_id": "afb8187c7f736c4a"}
{"@timestamp": "2026-02-09T15:58:37.243411+00:00", "service": "dummy-backend", "level": "ERROR", "route": "/logout", "status": 200, "latency_ms": 499, "user_id": "u057", "msg": "ok", "trace_id": "d514e5c80bcd8ebc"}
{"@timestamp": "2026-02-09T15:58:37.748338+00:00", "service": "dummy-backend", "level": "INFO", "route": "/profile", "status": 200, "latency_ms": 766, "user_id": "u145", "msg": "ok", "trace_id": "76ce761352d41c7a"}
{"@timestamp": "2026-02-09T15:58:38.253291+00:00", "service": "dummy-backend", "level": "INFO", "route": "/profile", "status": 200, "latency_ms": 281, "user_id": "u060", "msg": "ok", "trace_id": "af66b1871f7058ad"}
{"@timestamp": "2026-02-09T15:58:38.757401+00:00", "service": "dummy-backend", "level": "INFO", "route": "/login", "status": 200, "latency_ms": 595, "user_id": "u062", "msg": "ok", "trace_id": "c9c8f39ae2fd69c9"}
{"@timestamp": "2026-02-09T15:58:39.261221+00:00", "service": "dummy-backend", "level": "INFO", "route": "/profile", "status": 200, "latency_ms": 948, "user_id": "u177", "msg": "ok", "trace_id": "8f9828714fbdf1f7"}
{"@timestamp": "2026-02-09T15:58:39.765167+00:00", "service": "dummy-backend", "level": "INFO", "route": "/search", "status": 200, "latency_ms": 823, "user_id": "u134", "msg": "ok", "trace_id": "3175bf72b0c925e7"}
{"@timestamp": "2026-02-09T15:58:40.268929+00:00", "service": "dummy-backend", "level": "INFO", "route": "/profile", "status": 200, "latency_ms": 960, "user_id": "u041", "msg": "ok", "trace_id": "5869d7fbceabf985"}
{"@timestamp": "2026-02-09T15:58:40.773072+00:00", "service": "dummy-backend", "level": "WARN", "route": "/profile", "status": 200, "latency_ms": 1074, "user_id": "u168", "msg": "ok", "trace_id": "7971b7e599c58063"}
{"@timestamp": "2026-02-09T15:58:41.276791+00:00", "service": "dummy-backend", "level": "INFO", "route": "/profile", "status": 200, "latency_ms": 282, "user_id": "u189", "msg": "ok", "trace_id": "4f2c938008d09cdd"}
{"@timestamp": "2026-02-09T15:58:41.780491+00:00", "service": "dummy-backend", "level": "INFO", "route": "/search", "status": 200, "latency_ms": 621, "user_id": "u060", "msg": "ok", "trace_id": "35d76bae659cfa38"}
{"@timestamp": "2026-02-09T15:58:42.284218+00:00", "service": "dummy-backend", "level": "INFO", "route": "/search", "status": 200, "latency_ms": 59, "user_id": "u049", "msg": "ok", "trace_id": "c05b8c6deb5200fb"}
{"@timestamp": "2026-02-09T15:58:42.788653+00:00", "service": "dummy-backend", "level": "INFO", "route": "/profile", "status": 200, "latency_ms": 577, "user_id": "u045", "msg": "ok", "trace_id": "17984e09bd138e76"}
{"@timestamp": "2026-02-09T15:58:43.298617+00:00", "service": "dummy-backend", "level": "INFO", "route": "/logout", "status": 200, "latency_ms": 663, "user_id": "u036", "msg": "ok", "trace_id": "9922e7e0679611ef"}
{"@timestamp": "2026-02-09T15:58:43.803087+00:00", "service": "dummy-backend", "level": "INFO", "route": "/checkout", "status": 200, "latency_ms": 1085, "user_id": "u035", "msg": "ok", "trace_id": "464985b7f37369d2"}
{"@timestamp": "2026-02-09T15:58:44.308862+00:00", "service": "dummy-backend", "level": "INFO", "route": "/logout", "status": 200, "latency_ms": 449, "user_id": "u120", "msg": "ok", "trace_id": "3588b8fd73dca51f"}
{"@timestamp": "2026-02-09T15:58:44.813856+00:00", "service": "dummy-backend", "level": "INFO", "route": "/checkout", "status": 200, "latency_ms": 1062, "user_id": "u170", "msg": "ok", "trace_id": "2968d9af4dc15dec"}
{"@timestamp": "2026-02-09T15:58:45.319904+00:00", "service": "dummy-backend", "level": "INFO", "route": "/checkout", "status": 200, "latency_ms": 1156, "user_id": "u084", "msg": "ok", "trace_id": "95bebcf6eccdb4ea"}
{"@timestamp": "2026-02-09T15:58:45.825297+00:00", "service": "dummy-backend", "level": "INFO", "route": "/search", "status": 200, "latency_ms": 1088, "user_id": "u182", "msg": "ok", "trace_id": "64bc19418bec8389"}
{"@timestamp": "2026-02-09T15:58:46.330546+00:00", "service": "dummy-backend", "level": "INFO", "route": "/profile", "status": 200, "latency_ms": 693, "user_id": "u044", "msg": "ok", "trace_id": "96c5a709ee5221b2"}
{"@timestamp": "2026-02-09T15:58:46.835501+00:00", "service": "dummy-backend", "level": "INFO", "route": "/profile", "status": 200, "latency_ms": 829, "user_id": "u004", "msg": "ok", "trace_id": "aac27c36a9dfd171"}
{"@timestamp": "2026-02-09T15:58:47.338358+00:00", "service": "dummy-backend", "level": "ERROR", "route": "/login", "status": 401, "latency_ms": 340, "user_id": "u077", "msg": "db_timeout", "trace_id": "660ac7a0563c597b"}
{"@timestamp": "2026-02-09T15:58:47.841782+00:00", "service": "dummy-backend", "level": "ERROR", "route": "/logout", "status": 200, "latency_ms": 911, "user_id": "u165", "msg": "ok", "trace_id": "e5482d184ee5cd80"}
{"@timestamp": "2026-02-09T15:58:48.345291+00:00", "service": "dummy-backend", "level": "INFO", "route": "/logout", "status": 200, "latency_ms": 884, "user_id": "u024", "msg": "ok", "trace_id": "7455a03223eed219"}
{"@timestamp": "2026-02-09T15:58:48.849089+00:00", "service": "dummy-backend", "level": "INFO", "route": "/search", "status": 200, "latency_ms": 157, "user_id": "u021", "msg": "ok", "trace_id": "2dcd6c5c5525307d"}
{"@timestamp": "2026-02-09T15:58:49.353741+00:00", "service": "dummy-backend", "level": "INFO", "route": "/profile", "status": 200, "latency_ms": 1173, "user_id": "u046", "msg": "ok", "trace_id": "9a5923a16301b78e"}
{"@timestamp": "2026-02-09T15:58:49.858317+00:00", "service": "dummy-backend", "level": "INFO", "route": "/logout", "status": 200, "latency_ms": 187, "user_id": "u103", "msg": "ok", "trace_id": "a22eff0ef39eb450"}
{"@timestamp": "2026-02-09T15:58:50.362759+00:00", "service": "dummy-backend", "level": "INFO", "route": "/login", "status": 200, "latency_ms": 936, "user_id": "u146", "msg": "ok", "trace_id": "729199a66bf138af"}
{"@timestamp": "2026-02-09T15:58:50.867498+00:00", "service": "dummy-backend", "level": "INFO", "route": "/login", "status": 200, "latency_ms": 609, "user_id": "u012", "msg": "ok", "trace_id": "da5c524796e3a551"}
{"@timestamp": "2026-02-09T15:58:51.371488+00:00", "service": "dummy-backend", "level": "INFO", "route": "/search", "status": 200, "latency_ms": 488, "user_id": "u185", "msg": "ok", "trace_id": "01671ab45366af7c"}
{"@timestamp": "2026-02-09T15:58:51.875906+00:00", "service": "dummy-backend", "level": "INFO", "route": "/profile", "status": 200, "latency_ms": 441, "user_id": "u171", "msg": "ok", "trace_id": "292a001fbe111590"}
{"@timestamp": "2026-02-09T15:58:52.379453+00:00", "service": "dummy-backend", "level": "INFO", "route": "/logout", "status": 200, "latency_ms": 649, "user_id": "u132", "msg": "ok", "trace_id": "975577bdf28a0737"}
{"@timestamp": "2026-02-09T15:58:52.883785+00:00", "service": "dummy-backend", "level": "WARN", "route": "/logout", "status": 200, "latency_ms": 179, "user_id": "u002", "msg": "ok", "trace_id": "0bb041afed65737b"}
{"@timestamp": "2026-02-09T15:58:53.387314+00:00", "service": "dummy-backend", "level": "INFO", "route": "/profile", "status": 200, "latency_ms": 774, "user_id": "u009", "msg": "ok", "trace_id": "a795fb8137502255"}
{"@timestamp": "2026-02-09T15:58:53.892775+00:00", "service": "dummy-backend", "level": "INFO", "route": "/logout", "status": 200, "latency_ms": 452, "user_id": "u010", "msg": "ok", "trace_id": "66c5582119d42d9e"}
{"@timestamp": "2026-02-09T15:58:54.396832+00:00", "service": "dummy-backend", "level": "INFO", "route": "/login", "status": 200, "latency_ms": 540, "user_id": "u141", "msg": "ok", "trace_id": "882a6153931e3cda"}
{"@timestamp": "2026-02-09T15:58:54.900441+00:00", "service": "dummy-backend", "level": "INFO", "route": "/checkout", "status": 200, "latency_ms": 756, "user_id": "u044", "msg": "ok", "trace_id": "7173df66fe2fa035"}
{"@timestamp": "2026-02-09T15:58:55.405437+00:00", "service": "dummy-backend", "level": "INFO", "route": "/checkout", "status": 200, "latency_ms": 975, "user_id": "u062", "msg": "ok", "trace_id": "2c69f31c640677f2"}
{"@timestamp": "2026-02-09T15:58:55.909268+00:00", "service": "dummy-backend", "level": "INFO", "route": "/search", "status": 200, "latency_ms": 371, "user_id": "u154", "msg": "ok", "trace_id": "8ad4022a5082f3c9"}
{"@timestamp": "2026-02-09T15:58:56.413831+00:00", "service": "dummy-backend", "level": "INFO", "route": "/profile", "status": 200, "latency_ms": 796, "user_id": "u091", "msg": "ok", "trace_id": "18060b1c7f48791e"}
{"@timestamp": "2026-02-09T15:58:56.917828+00:00", "service": "dummy-backend", "level": "INFO", "route": "/logout", "status": 200, "latency_ms": 617, "user_id": "u098", "msg": "ok", "trace_id": "f1444625a9ecc137"}
{"@timestamp": "2026-02-09T15:58:57.421047+00:00", "service": "dummy-backend", "level": "INFO", "route": "/profile", "status": 200, "latency_ms": 937, "user_id": "u150", "msg": "ok", "trace_id": "d9bce39f51808f90"}
{"@timestamp": "2026-02-09T15:58:57.924430+00:00", "service": "dummy-backend", "level": "INFO", "route": "/profile", "status": 200, "latency_ms": 1132, "user_id": "u115", "msg": "ok", "trace_id": "ca0b54fa04c150f7"}
{"@timestamp": "2026-02-09T15:58:58.428988+00:00", "service": "dummy-backend", "level": "INFO", "route": "/checkout", "status": 200, "latency_ms": 767, "user_id": "u010", "msg": "ok", "trace_id": "78f4252f1087ca89"}
{"@timestamp": "2026-02-09T15:58:58.932481+00:00", "service": "dummy-backend", "level": "INFO", "route": "/profile", "status": 200, "latency_ms": 108, "user_id": "u150", "msg": "ok", "trace_id": "c51eb802b2803363"}
{"@timestamp": "2026-02-09T15:58:59.436551+00:00", "service": "dummy-backend", "level": "INFO", "route": "/search", "status": 200, "latency_ms": 239, "user_id": "u115", "msg": "ok", "trace_id": "27ac35a1d9bd6d90"}
{"@timestamp": "2026-02-09T15:58:59.940042+00:00", "service": "dummy-backend", "level": "INFO", "route": "/profile", "status": 200, "latency_ms": 817, "user_id": "u073", "msg": "ok", "trace_id": "1748bb5cae9c1ff6"}
{"@timestamp": "2026-02-09T15:59:00.444191+00:00", "service": "dummy-backend", "level": "INFO", "route": "/logout", "status": 200, "latency_ms": 508, "user_id": "u187", "msg": "ok", "trace_id": "ada2c2eea2961606"}
{"@timestamp": "2026-02-09T15:59:00.948055+00:00", "service": "dummy-backend", "level": "INFO", "route": "/checkout", "status": 200, "latency_ms": 44, "user_id": "u176", "msg": "ok", "trace_id": "5a3a550c803e8402"}
{"@timestamp": "2026-02-09T15:59:01.451351+00:00", "service": "dummy-backend", "level": "INFO", "route": "/logout", "status": 200, "latency_ms": 296, "user_id": "u005", "msg": "ok", "trace_id": "de82994543925ad5"}
{"@timestamp": "2026-02-09T15:59:01.956003+00:00", "service": "dummy-backend", "level": "WARN", "route": "/profile", "status": 200, "latency_ms": 221, "user_id": "u190", "msg": "ok", "trace_id": "8e39d8579e099622"}
{"@timestamp": "2026-02-09T15:59:02.459119+00:00", "service": "dummy-backend", "level": "INFO", "route": "/logout", "status": 200, "latency_ms": 663, "user_id": "u146", "msg": "ok", "trace_id": "e9fcb20ef61c8896"}
{"@timestamp": "2026-02-09T15:59:02.964286+00:00", "service": "dummy-backend", "level": "INFO", "route": "/search", "status": 200, "latency_ms": 329, "user_id": "u194", "msg": "ok", "trace_id": "cd028821f2a69da7"}
{"@timestamp": "2026-02-09T15:59:03.467529+00:00", "service": "dummy-backend", "level": "INFO", "route": "/login", "status": 200, "latency_ms": 626, "user_id": "u017", "msg": "ok", "trace_id": "981b5588e1894815"}
{"@timestamp": "2026-02-09T15:59:03.970779+00:00", "service": "dummy-backend", "level": "INFO", "route": "/checkout", "status": 200, "latency_ms": 489, "user_id": "u122", "msg": "ok", "trace_id": "9727b3b1997e8530"}
{"@timestamp": "2026-02-09T15:59:04.475457+00:00", "service": "dummy-backend", "level": "INFO", "route": "/login", "status": 200, "latency_ms": 98, "user_id": "u191", "msg": "ok", "trace_id": "d64b0b6ccab213cb"}
{"@timestamp": "2026-02-09T15:59:04.979996+00:00", "service": "dummy-backend", "level": "INFO", "route": "/logout", "status": 200, "latency_ms": 539, "user_id": "u032", "msg": "ok", "trace_id": "c33d10bedf06846c"}
{"@timestamp": "2026-02-09T15:59:05.485788+00:00", "service": "dummy-backend", "level": "INFO", "route": "/login", "status": 200, "latency_ms": 543, "user_id": "u092", "msg": "ok", "trace_id": "766008973cce4d6c"}
{"@timestamp": "2026-02-09T15:59:05.989853+00:00", "service": "dummy-backend", "level": "INFO", "route": "/logout", "status": 200, "latency_ms": 669, "user_id": "u130", "msg": "ok", "trace_id": "aa3707536664ed57"}
{"@timestamp": "2026-02-09T15:59:06.495396+00:00", "service": "dummy-backend", "level": "INFO", "route": "/login", "status": 200, "latency_ms": 759, "user_id": "u123", "msg": "ok", "trace_id": "c81a63b99dd188b5"}
{"@timestamp": "2026-02-09T15:59:06.999243+00:00", "service": "dummy-backend", "level": "INFO", "route": "/logout", "status": 200, "latency_ms": 726, "user_id": "u033", "msg": "ok", "trace_id": "50b71e3aae71eec3"}
{"@timestamp": "2026-02-09T15:59:07.503730+00:00", "service": "dummy-backend", "level": "INFO", "route": "/search", "status": 200, "latency_ms": 79, "user_id": "u186", "msg": "ok", "trace_id": "7304352cb3d3511f"}
{"@timestamp": "2026-02-09T15:59:08.007712+00:00", "service": "dummy-backend", "level": "INFO", "route": "/login", "status": 200, "latency_ms": 578, "user_id": "u193", "msg": "ok", "trace_id": "715a188dc8d5adb3"}
{"@timestamp": "2026-02-09T15:59:08.511650+00:00", "service": "dummy-backend", "level": "INFO", "route": "/profile", "status": 200, "latency_ms": 62, "user_id": "u159", "msg": "ok", "trace_id": "0f6731a4989fe508"}
{"@timestamp": "2026-02-09T15:59:09.016487+00:00", "service": "dummy-backend", "level": "INFO", "route": "/login", "status": 200, "latency_ms": 218, "user_id": "u190", "msg": "ok", "trace_id": "edc14e88a68eb70b"}
{"@timestamp": "2026-02-09T15:59:09.520991+00:00", "service": "dummy-backend", "level": "INFO", "route": "/login", "status": 200, "latency_ms": 300, "user_id": "u080", "msg": "ok", "trace_id": "2a378c2b0bd9c70b"}
{"@timestamp": "2026-02-09T15:59:10.025919+00:00", "service": "dummy-backend", "level": "INFO", "route": "/login", "status": 200, "latency_ms": 49, "user_id": "u159", "msg": "ok", "trace_id": "1c8472c3dbd96fc0"}
{"@timestamp": "2026-02-09T15:59:10.531617+00:00", "service": "dummy-backend", "level": "INFO", "route": "/checkout", "status": 200, "latency_ms": 1136, "user_id": "u168", "msg": "ok", "trace_id": "417ab5228cdbf3da"}
{"@timestamp": "2026-02-09T15:59:11.035473+00:00", "service": "dummy-backend", "level": "ERROR", "route": "/search", "status": 200, "latency_ms": 608, "user_id": "u092", "msg": "ok", "trace_id": "57568fcb5cda6d61"}
{"@timestamp": "2026-02-09T15:59:11.540284+00:00", "service": "dummy-backend", "level": "INFO", "route": "/logout", "status": 200, "latency_ms": 986, "user_id": "u183", "msg": "ok", "trace_id": "9755d53f34768bbc"}
{"@timestamp": "2026-02-09T15:59:12.044438+00:00", "service": "dummy-backend", "level": "INFO", "route": "/logout", "status": 200, "latency_ms": 790, "user_id": "u194", "msg": "ok", "trace_id": "efa7c2825e970e3f"}
{"@timestamp": "2026-02-09T15:59:12.549249+00:00", "service": "dummy-backend", "level": "INFO", "route": "/login", "status": 200, "latency_ms": 106, "user_id": "u129", "msg": "ok", "trace_id": "739fd7605c99b59c"}
{"@timestamp": "2026-02-09T15:59:13.053684+00:00", "service": "dummy-backend", "level": "INFO", "route": "/profile", "status": 200, "latency_ms": 1081, "user_id": "u091", "msg": "ok", "trace_id": "523e79bbdae5dc66"}
{"@timestamp": "2026-02-09T15:59:13.558108+00:00", "service": "dummy-backend", "level": "INFO", "route": "/login", "status": 200, "latency_ms": 491, "user_id": "u004", "msg": "ok", "trace_id": "beb9b1cb94a0c058"}
{"@timestamp": "2026-02-09T15:59:14.061828+00:00", "service": "dummy-backend", "level": "INFO", "route": "/profile", "status": 200, "latency_ms": 1093, "user_id": "u090", "msg": "ok", "trace_id": "94dcb74613da8862"}
{"@timestamp": "2026-02-09T15:59:14.565754+00:00", "service": "dummy-backend", "level": "INFO", "route": "/login", "status": 200, "latency_ms": 558, "user_id": "u012", "msg": "ok", "trace_id": "3220de890e7b3575"}
{"@timestamp": "2026-02-09T15:59:15.070127+00:00", "service": "dummy-backend", "level": "ERROR", "route": "/logout", "status": 200, "latency_ms": 1137, "user_id": "u007", "msg": "ok", "trace_id": "992f064d73e1c344"}
{"@timestamp": "2026-02-09T15:59:15.574444+00:00", "service": "dummy-backend", "level": "INFO", "route": "/search", "status": 200, "latency_ms": 832, "user_id": "u141", "msg": "ok", "trace_id": "c061e9940e957e09"}
{"@timestamp": "2026-02-09T15:59:16.078794+00:00", "service": "dummy-backend", "level": "INFO", "route": "/checkout", "status": 200, "latency_ms": 202, "user_id": "u127", "msg": "ok", "trace_id": "f3162aea79a36ee8"}
{"@timestamp": "2026-02-09T15:59:16.582252+00:00", "service": "dummy-backend", "level": "WARN", "route": "/profile", "status": 200, "latency_ms": 638, "user_id": "u152", "msg": "ok", "trace_id": "7c68de754d7f16e6"}
{"@timestamp": "2026-02-09T15:59:17.086036+00:00", "service": "dummy-backend", "level": "INFO", "route": "/logout", "status": 200, "latency_ms": 680, "user_id": "u145", "msg": "ok", "trace_id": "38d0cded50cab5ef"}
{"@timestamp": "2026-02-09T15:59:17.590308+00:00", "service": "dummy-backend", "level": "INFO", "route": "/search", "status": 200, "latency_ms": 584, "user_id": "u063", "msg": "ok", "trace_id": "f856a81e2491538b"}
{"@timestamp": "2026-02-09T15:59:18.095908+00:00", "service": "dummy-backend", "level": "INFO", "route": "/login", "status": 200, "latency_ms": 276, "user_id": "u168", "msg": "ok", "trace_id": "b8ced43c86fd87dd"}
{"@timestamp": "2026-02-09T15:59:18.600309+00:00", "service": "dummy-backend", "level": "INFO", "route": "/profile", "status": 200, "latency_ms": 217, "user_id": "u084", "msg": "ok", "trace_id": "db127048d04cb1ce"}
{"@timestamp": "2026-02-09T15:59:19.105280+00:00", "service": "dummy-backend", "level": "INFO", "route": "/checkout", "status": 200, "latency_ms": 299, "user_id": "u128", "msg": "ok", "trace_id": "db3fb4f33b9fd7ed"}
{"@timestamp": "2026-02-09T15:59:19.609422+00:00", "service": "dummy-backend", "level": "INFO", "route": "/logout", "status": 200, "latency_ms": 915, "user_id": "u191", "msg": "ok", "trace_id": "994537faf002d673"}
{"@timestamp": "2026-02-09T15:59:20.114076+00:00", "service": "dummy-backend", "level": "INFO", "route": "/logout", "status": 200, "latency_ms": 937, "user_id": "u091", "msg": "ok", "trace_id": "3accfe85244e1487"}
{"@timestamp": "2026-02-09T15:59:20.617481+00:00", "service": "dummy-backend", "level": "WARN", "route": "/login", "status": 200, "latency_ms": 523, "user_id": "u067", "msg": "ok", "trace_id": "dfae99214668032a"}
{"@timestamp": "2026-02-09T15:59:21.123424+00:00", "service": "dummy-backend", "level": "ERROR", "route": "/logout", "status": 200, "latency_ms": 170, "user_id": "u081", "msg": "ok", "trace_id": "eda14caba75dc4c7"}
{"@timestamp": "2026-02-09T15:59:21.627000+00:00", "service": "dummy-backend", "level": "INFO", "route": "/login", "status": 200, "latency_ms": 618, "user_id": "u176", "msg": "ok", "trace_id": "39c3eb1072b19279"}
{"@timestamp": "2026-02-09T15:59:22.130756+00:00", "service": "dummy-backend", "level": "INFO", "route": "/checkout", "status": 200, "latency_ms": 427, "user_id": "u117", "msg": "ok", "trace_id": "ca0566b1024da83c"}
{"@timestamp": "2026-02-09T15:59:22.635771+00:00", "service": "dummy-backend", "level": "INFO", "route": "/logout", "status": 200, "latency_ms": 512, "user_id": "u044", "msg": "ok", "trace_id": "617f120fd7d0d805"}
{"@timestamp": "2026-02-09T15:59:23.140486+00:00", "service": "dummy-backend", "level": "INFO", "route": "/profile", "status": 200, "latency_ms": 360, "user_id": "u027", "msg": "ok", "trace_id": "63b8cbb22763460c"}
{"@timestamp": "2026-02-09T15:59:23.644681+00:00", "service": "dummy-backend", "level": "INFO", "route": "/search", "status": 200, "latency_ms": 1127, "user_id": "u092", "msg": "ok", "trace_id": "4b9addc9da3d07c5"}
{"@timestamp": "2026-02-09T15:59:24.148703+00:00", "service": "dummy-backend", "level": "INFO", "route": "/profile", "status": 200, "latency_ms": 303, "user_id": "u163", "msg": "ok", "trace_id": "e538dd2b3ab8e6c6"}
{"@timestamp": "2026-02-09T15:59:24.653038+00:00", "service": "dummy-backend", "level": "WARN", "route": "/login", "status": 200, "latency_ms": 516, "user_id": "u154", "msg": "ok", "trace_id": "eb4dc5068d3c3050"}
{"@timestamp": "2026-02-09T15:59:25.145816+00:00", "service": "dummy-backend", "level": "INFO", "route": "/login", "status": 200, "latency_ms": 1040, "user_id": "u099", "msg": "ok", "trace_id": "6e30781627b12d21"}
{"@timestamp": "2026-02-09T15:59:25.649774+00:00", "service": "dummy-backend", "level": "WARN", "route": "/logout", "status": 200, "latency_ms": 350, "user_id": "u078", "msg": "ok", "trace_id": "9640defec03c02c5"}
{"@timestamp": "2026-02-09T15:59:26.153635+00:00", "service": "dummy-backend", "level": "INFO", "route": "/profile", "status": 200, "latency_ms": 450, "user_id": "u170", "msg": "ok", "trace_id": "f06631d566a3cfbf"}
{"@timestamp": "2026-02-09T15:59:26.658011+00:00", "service": "dummy-backend", "level": "INFO", "route": "/logout", "status": 200, "latency_ms": 506, "user_id": "u179", "msg": "ok", "trace_id": "a6da8171bb8a25e6"}
{"@timestamp": "2026-02-09T15:59:27.161360+00:00", "service": "dummy-backend", "level": "INFO", "route": "/checkout", "status": 200, "latency_ms": 558, "user_id": "u006", "msg": "ok", "trace_id": "813759ef96fe6025"}
{"@timestamp": "2026-02-09T15:59:27.665623+00:00", "service": "dummy-backend", "level": "WARN", "route": "/logout", "status": 200, "latency_ms": 740, "user_id": "u149", "msg": "ok", "trace_id": "33783b464e2731da"}
{"@timestamp": "2026-02-09T15:59:28.169867+00:00", "service": "dummy-backend", "level": "INFO", "route": "/login", "status": 200, "latency_ms": 784, "user_id": "u182", "msg": "ok", "trace_id": "4e22c7e1b0151793"}
{"@timestamp": "2026-02-09T15:59:28.673835+00:00", "service": "dummy-backend", "level": "INFO", "route": "/search", "status": 200, "latency_ms": 476, "user_id": "u099", "msg": "ok", "trace_id": "ce9bce92feb880b7"}
{"@timestamp": "2026-02-09T15:59:29.178554+00:00", "service": "dummy-backend", "level": "INFO", "route": "/profile", "status": 200, "latency_ms": 477, "user_id": "u045", "msg": "ok", "trace_id": "51b86f6f370fa653"}
{"@timestamp": "2026-02-09T15:59:29.682933+00:00", "service": "dummy-backend", "level": "INFO", "route": "/login", "status": 200, "latency_ms": 903, "user_id": "u057", "msg": "ok", "trace_id": "05defc343dcf7e14"}
{"@timestamp": "2026-02-09T15:59:30.186223+00:00", "service": "dummy-backend", "level": "INFO", "route": "/logout", "status": 200, "latency_ms": 386, "user_id": "u075", "msg": "ok", "trace_id": "c115b20f8983233f"}
{"@timestamp": "2026-02-09T15:59:30.690819+00:00", "service": "dummy-backend", "level": "INFO", "route": "/search", "status": 200, "latency_ms": 249, "user_id": "u117", "msg": "ok", "trace_id": "d57c817ab875edd7"}
{"@timestamp": "2026-02-09T15:59:31.197087+00:00", "service": "dummy-backend", "level": "INFO", "route": "/login", "status": 200, "latency_ms": 605, "user_id": "u061", "msg": "ok", "trace_id": "3930d079e43b1fb7"}
{"@timestamp": "2026-02-09T15:59:31.702963+00:00", "service": "dummy-backend", "level": "INFO", "route": "/search", "status": 200, "latency_ms": 411, "user_id": "u062", "msg": "ok", "trace_id": "4e6714d12bce9489"}
{"@timestamp": "2026-02-09T15:59:32.208972+00:00", "service": "dummy-backend", "level": "INFO", "route": "/profile", "status": 200, "latency_ms": 116, "user_id": "u159", "msg": "ok", "trace_id": "38ab08c3bcc011e8"}
{"@timestamp": "2026-02-09T15:59:32.712829+00:00", "service": "dummy-backend", "level": "INFO", "route": "/search", "status": 200, "latency_ms": 744, "user_id": "u076", "msg": "ok", "trace_id": "0fd5e9e2836ec956"}
{"@timestamp": "2026-02-09T15:59:33.217912+00:00", "service": "dummy-backend", "level": "INFO", "route": "/checkout", "status": 200, "latency_ms": 437, "user_id": "u078", "msg": "ok", "trace_id": "f05c9455d1bd22a2"}
{"@timestamp": "2026-02-09T15:59:33.722937+00:00", "service": "dummy-backend", "level": "INFO", "route": "/checkout", "status": 200, "latency_ms": 1081, "user_id": "u019", "msg": "ok", "trace_id": "413dec7792a07528"}
{"@timestamp": "2026-02-09T15:59:34.226990+00:00", "service": "dummy-backend", "level": "INFO", "route": "/logout", "status": 200, "latency_ms": 272, "user_id": "u058", "msg": "ok", "trace_id": "fe2412b2511f9f48"}
{"@timestamp": "2026-02-09T15:59:34.732010+00:00", "service": "dummy-backend", "level": "INFO", "route": "/profile", "status": 200, "latency_ms": 602, "user_id": "u061", "msg": "ok", "trace_id": "97f87aafd7d7684c"}
{"@timestamp": "2026-02-09T15:59:35.236275+00:00", "service": "dummy-backend", "level": "INFO", "route": "/checkout", "status": 200, "latency_ms": 641, "user_id": "u018", "msg": "ok", "trace_id": "06b7ecaa755b3293"}
{"@timestamp": "2026-02-09T15:59:35.741639+00:00", "service": "dummy-backend", "level": "INFO", "route": "/logout", "status": 200, "latency_ms": 339, "user_id": "u057", "msg": "ok", "trace_id": "ba71fcce3660073a"}
{"@timestamp": "2026-02-09T15:59:36.247520+00:00", "service": "dummy-backend", "level": "INFO", "route": "/search", "status": 200, "latency_ms": 11, "user_id": "u103", "msg": "ok", "trace_id": "ca31b6b66044866d"}
{"@timestamp": "2026-02-09T15:59:36.752861+00:00", "service": "dummy-backend", "level": "INFO", "route": "/search", "status": 200, "latency_ms": 422, "user_id": "u145", "msg": "ok", "trace_id": "6785f073a1117495"}
{"@timestamp": "2026-02-09T15:59:37.257056+00:00", "service": "dummy-backend", "level": "ERROR", "route": "/checkout", "status": 422, "latency_ms": 813, "user_id": "u157", "msg": "payment_retry", "trace_id": "36089c333b7265a5"}
{"@timestamp": "2026-02-09T15:59:37.761436+00:00", "service": "dummy-backend", "level": "INFO", "route": "/search", "status": 200, "latency_ms": 516, "user_id": "u098", "msg": "ok", "trace_id": "3700fb9ec5d6b359"}
{"@timestamp": "2026-02-09T15:59:38.265651+00:00", "service": "dummy-backend", "level": "INFO", "route": "/logout", "status": 200, "latency_ms": 1006, "user_id": "u090", "msg": "ok", "trace_id": "ff8fa6f25dcf4e83"}
{"@timestamp": "2026-02-09T15:59:38.769399+00:00", "service": "dummy-backend", "level": "INFO", "route": "/login", "status": 200, "latency_ms": 836, "user_id": "u195", "msg": "ok", "trace_id": "224391425c564d4c"}
{"@timestamp": "2026-02-09T15:59:39.273983+00:00", "service": "dummy-backend", "level": "INFO", "route": "/login", "status": 200, "latency_ms": 95, "user_id": "u012", "msg": "ok", "trace_id": "177dfb3f2829e168"}
{"@timestamp": "2026-02-09T15:59:39.778150+00:00", "service": "dummy-backend", "level": "INFO", "route": "/logout", "status": 200, "latency_ms": 731, "user_id": "u052", "msg": "ok", "trace_id": "18d46d19f663201f"}
{"@timestamp": "2026-02-09T15:59:40.282795+00:00", "service": "dummy-backend", "level": "INFO", "route": "/profile", "status": 200, "latency_ms": 247, "user_id": "u165", "msg": "ok", "trace_id": "549ac4a38f837c3a"}
{"@timestamp": "2026-02-09T15:59:40.787769+00:00", "service": "dummy-backend", "level": "ERROR", "route": "/search", "status": 200, "latency_ms": 920, "user_id": "u183", "msg": "ok", "trace_id": "39aba7079c63bead"}
{"@timestamp": "2026-02-09T15:59:41.292654+00:00", "service": "dummy-backend", "level": "WARN", "route": "/search", "status": 200, "latency_ms": 676, "user_id": "u142", "msg": "ok", "trace_id": "6bb8da5b9f6f8404"}
{"@timestamp": "2026-02-09T15:59:41.797928+00:00", "service": "dummy-backend", "level": "INFO", "route": "/profile", "status": 200, "latency_ms": 1178, "user_id": "u022", "msg": "ok", "trace_id": "b132605b438c5b2c"}
{"@timestamp": "2026-02-09T15:59:42.303973+00:00", "service": "dummy-backend", "level": "INFO", "route": "/logout", "status": 200, "latency_ms": 414, "user_id": "u033", "msg": "ok", "trace_id": "2b7cac1931cba4f2"}
{"@timestamp": "2026-02-09T15:59:42.809226+00:00", "service": "dummy-backend", "level": "INFO", "route": "/logout", "status": 200, "latency_ms": 976, "user_id": "u113", "msg": "ok", "trace_id": "672906a9e2fbebda"}
{"@timestamp": "2026-02-09T15:59:43.313158+00:00", "service": "dummy-backend", "level": "INFO", "route": "/checkout", "status": 200, "latency_ms": 1096, "user_id": "u146", "msg": "ok", "trace_id": "394fab36eea73569"}
{"@timestamp": "2026-02-09T15:59:43.818026+00:00", "service": "dummy-backend", "level": "INFO", "route": "/login", "status": 200, "latency_ms": 656, "user_id": "u137", "msg": "ok", "trace_id": "2214d985b131c436"}
{"@timestamp": "2026-02-09T15:59:44.322524+00:00", "service": "dummy-backend", "level": "INFO", "route": "/checkout", "status": 200, "latency_ms": 172, "user_id": "u061", "msg": "ok", "trace_id": "4d20d3c433bedfb9"}
{"@timestamp": "2026-02-09T15:59:44.828109+00:00", "service": "dummy-backend", "level": "INFO", "route": "/logout", "status": 200, "latency_ms": 62, "user_id": "u181", "msg": "ok", "trace_id": "f2bd2baace709bd7"}
{"@timestamp": "2026-02-09T15:59:45.332843+00:00", "service": "dummy-backend", "level": "INFO", "route": "/search", "status": 200, "latency_ms": 509, "user_id": "u073", "msg": "ok", "trace_id": "59d53e4f59e98eab"}
{"@timestamp": "2026-02-09T15:59:45.838712+00:00", "service": "dummy-backend", "level": "INFO", "route": "/login", "status": 200, "latency_ms": 663, "user_id": "u117", "msg": "ok", "trace_id": "363fa4bc9cc6a564"}
{"@timestamp": "2026-02-09T15:59:46.342827+00:00", "service": "dummy-backend", "level": "WARN", "route": "/logout", "status": 200, "latency_ms": 373, "user_id": "u076", "msg": "ok", "trace_id": "20b847d5b8347c36"}
{"@timestamp": "2026-02-09T15:59:46.847570+00:00", "service": "dummy-backend", "level": "INFO", "route": "/logout", "status": 200, "latency_ms": 347, "user_id": "u116", "msg": "ok", "trace_id": "aa43fc021ce33b3e"}
{"@timestamp": "2026-02-09T15:59:47.354257+00:00", "service": "dummy-backend", "level": "INFO", "route": "/checkout", "status": 200, "latency_ms": 1127, "user_id": "u109", "msg": "ok", "trace_id": "69bc0db100ea8021"}
{"@timestamp": "2026-02-09T15:59:47.858568+00:00", "service": "dummy-backend", "level": "INFO", "route": "/profile", "status": 200, "latency_ms": 343, "user_id": "u086", "msg": "ok", "trace_id": "3abb41552067a768"}
{"@timestamp": "2026-02-09T15:59:48.364548+00:00", "service": "dummy-backend", "level": "INFO", "route": "/login", "status": 200, "latency_ms": 868, "user_id": "u158", "msg": "ok", "trace_id": "a6f30236fac5a81f"}
{"@timestamp": "2026-02-09T15:59:48.870595+00:00", "service": "dummy-backend", "level": "INFO", "route": "/logout", "status": 200, "latency_ms": 727, "user_id": "u180", "msg": "ok", "trace_id": "8ff7392662130fbc"}
{"@timestamp": "2026-02-09T15:59:49.376656+00:00", "service": "dummy-backend", "level": "INFO", "route": "/logout", "status": 200, "latency_ms": 236, "user_id": "u125", "msg": "ok", "trace_id": "1b7574b4558445a0"}
{"@timestamp": "2026-02-09T15:59:49.882316+00:00", "service": "dummy-backend", "level": "INFO", "route": "/search", "status": 200, "latency_ms": 228, "user_id": "u084", "msg": "ok", "trace_id": "0edf3262a4101308"}
{"@timestamp": "2026-02-09T15:59:50.387175+00:00", "service": "dummy-backend", "level": "INFO", "route": "/checkout", "status": 200, "latency_ms": 50, "user_id": "u085", "msg": "ok", "trace_id": "6707fc5f3537e3b5"}
{"@timestamp": "2026-02-09T15:59:50.891950+00:00", "service": "dummy-backend", "level": "INFO", "route": "/login", "status": 200, "latency_ms": 71, "user_id": "u027", "msg": "ok", "trace_id": "f0e3023d91276f1b"}
{"@timestamp": "2026-02-09T15:59:51.398102+00:00", "service": "dummy-backend", "level": "INFO", "route": "/profile", "status": 200, "latency_ms": 621, "user_id": "u194", "msg": "ok", "trace_id": "b0e45d3a0afbf1ca"}
{"@timestamp": "2026-02-09T15:59:51.901894+00:00", "service": "dummy-backend", "level": "INFO", "route": "/search", "status": 200, "latency_ms": 1021, "user_id": "u193", "msg": "ok", "trace_id": "3c2d0c9a48184153"}
{"@timestamp": "2026-02-09T15:59:52.405715+00:00", "service": "dummy-backend", "level": "WARN", "route": "/login", "status": 200, "latency_ms": 598, "user_id": "u021", "msg": "ok", "trace_id": "5f4e19aa48f7795e"}
{"@timestamp": "2026-02-09T15:59:52.909191+00:00", "service": "dummy-backend", "level": "INFO", "route": "/login", "status": 200, "latency_ms": 404, "user_id": "u073", "msg": "ok", "trace_id": "47ae2303be222827"}
{"@timestamp": "2026-02-09T15:59:53.412668+00:00", "service": "dummy-backend", "level": "INFO", "route": "/checkout", "status": 200, "latency_ms": 596, "user_id": "u172", "msg": "ok", "trace_id": "94441572149674b8"}
{"@timestamp": "2026-02-09T15:59:53.916419+00:00", "service": "dummy-backend", "level": "INFO", "route": "/profile", "status": 200, "latency_ms": 843, "user_id": "u049", "msg": "ok", "trace_id": "7b379979b9a365f8"}
{"@timestamp": "2026-02-09T15:59:54.420398+00:00", "service": "dummy-backend", "level": "INFO", "route": "/logout", "status": 200, "latency_ms": 229, "user_id": "u092", "msg": "ok", "trace_id": "51f3188276d2302d"}
{"@timestamp": "2026-02-09T15:59:54.919004+00:00", "service": "dummy-backend", "level": "INFO", "route": "/checkout", "status": 200, "latency_ms": 927, "user_id": "u147", "msg": "ok", "trace_id": "c56c21fd3fded9b8"}
{"@timestamp": "2026-02-09T15:59:55.422975+00:00", "service": "dummy-backend", "level": "INFO", "route": "/profile", "status": 200, "latency_ms": 6, "user_id": "u126", "msg": "ok", "trace_id": "cc6e8e8650d6c67f"}
{"@timestamp": "2026-02-09T15:59:55.928926+00:00", "service": "dummy-backend", "level": "INFO", "route": "/profile", "status": 200, "latency_ms": 647, "user_id": "u171", "msg": "ok", "trace_id": "84a83aa684ea3cd0"}
{"@timestamp": "2026-02-09T15:59:56.434497+00:00", "service": "dummy-backend", "level": "INFO", "route": "/search", "status": 200, "latency_ms": 937, "user_id": "u197", "msg": "ok", "trace_id": "6b7c67f2dd598a8a"}
{"@timestamp": "2026-02-09T15:59:56.937772+00:00", "service": "dummy-backend", "level": "INFO", "route": "/login", "status": 200, "latency_ms": 1037, "user_id": "u083", "msg": "ok", "trace_id": "7054abb45be69312"}
{"@timestamp": "2026-02-09T15:59:57.442108+00:00", "service": "dummy-backend", "level": "INFO", "route": "/logout", "status": 200, "latency_ms": 1013, "user_id": "u199", "msg": "ok", "trace_id": "044a6fdb4a63fbfc"}
{"@timestamp": "2026-02-09T15:59:57.947154+00:00", "service": "dummy-backend", "level": "WARN", "route": "/checkout", "status": 500, "latency_ms": 926, "user_id": "u116", "msg": "insufficient_stock", "trace_id": "edb05345cbc7ea1c"}
{"@timestamp": "2026-02-09T15:59:58.451326+00:00", "service": "dummy-backend", "level": "ERROR", "route": "/checkout", "status": 409, "latency_ms": 490, "user_id": "u123", "msg": "gateway_error", "trace_id": "bc91b795b7bcd639"}
{"@timestamp": "2026-02-09T15:59:58.956496+00:00", "service": "dummy-backend", "level": "INFO", "route": "/search", "status": 200, "latency_ms": 1190, "user_id": "u030", "msg": "ok", "trace_id": "b555534d185ddb58"}
{"@timestamp": "2026-02-09T15:59:59.460620+00:00", "service": "dummy-backend", "level": "WARN", "route": "/checkout", "status": 422, "latency_ms": 1128, "user_id": "u001", "msg": "insufficient_stock", "trace_id": "e4bfdef24ffecd9d"}
{"@timestamp": "2026-02-09T15:59:59.964463+00:00", "service": "dummy-backend", "level": "INFO", "route": "/checkout", "status": 200, "latency_ms": 802, "user_id": "u160", "msg": "ok", "trace_id": "aafd373bbff7da8c"}
{"@timestamp": "2026-02-09T16:00:00.469812+00:00", "service": "dummy-backend", "level": "INFO", "route": "/search", "status": 200, "latency_ms": 276, "user_id": "u197", "msg": "ok", "trace_id": "2852f6f3f44a8e45"}
{"@timestamp": "2026-02-09T16:00:00.974160+00:00", "service": "dummy-backend", "level": "INFO", "route": "/logout", "status": 200, "latency_ms": 483, "user_id": "u034", "msg": "ok", "trace_id": "62029a41d1175bc0"}
{"@timestamp": "2026-02-09T16:00:01.480178+00:00", "service": "dummy-backend", "level": "INFO", "route": "/search", "status": 200, "latency_ms": 157, "user_id": "u163", "msg": "ok", "trace_id": "abc55c251266faf8"}
{"@timestamp": "2026-02-09T16:00:01.985673+00:00", "service": "dummy-backend", "level": "INFO", "route": "/search", "status": 200, "latency_ms": 787, "user_id": "u070", "msg": "ok", "trace_id": "5ed9d39a87d91967"}
{"@timestamp": "2026-02-09T16:00:02.489024+00:00", "service": "dummy-backend", "level": "INFO", "route": "/profile", "status": 200, "latency_ms": 814, "user_id": "u076", "msg": "ok", "trace_id": "2f9548702a153694"}
{"@timestamp": "2026-02-09T16:00:02.993893+00:00", "service": "dummy-backend", "level": "INFO", "route": "/logout", "status": 200, "latency_ms": 213, "user_id": "u033", "msg": "ok", "trace_id": "70e0f116e9e9e9a2"}
{"@timestamp": "2026-02-09T16:00:03.498328+00:00", "service": "dummy-backend", "level": "INFO", "route": "/login", "status": 200, "latency_ms": 578, "user_id": "u111", "msg": "ok", "trace_id": "5dd0a7f1ad87e217"}
{"@timestamp": "2026-02-09T16:00:04.002681+00:00", "service": "dummy-backend", "level": "INFO", "route": "/logout", "status": 200, "latency_ms": 312, "user_id": "u083", "msg": "ok", "trace_id": "93177e294b37d434"}
{"@timestamp": "2026-02-09T16:00:04.507018+00:00", "service": "dummy-backend", "level": "INFO", "route": "/logout", "status": 200, "latency_ms": 951, "user_id": "u008", "msg": "ok", "trace_id": "2d5fcbb3adb2c292"}
{"@timestamp": "2026-02-09T16:00:05.011912+00:00", "service": "dummy-backend", "level": "ERROR", "route": "/profile", "status": 200, "latency_ms": 597, "user_id": "u137", "msg": "ok", "trace_id": "b20fc8ef262ceb56"}
{"@timestamp": "2026-02-09T16:00:05.516073+00:00", "service": "dummy-backend", "level": "INFO", "route": "/profile", "status": 200, "latency_ms": 110, "user_id": "u184", "msg": "ok", "trace_id": "be939b8a184481f1"}
{"@timestamp": "2026-02-09T16:00:06.020879+00:00", "service": "dummy-backend", "level": "ERROR", "route": "/search", "status": 200, "latency_ms": 921, "user_id": "u165", "msg": "ok", "trace_id": "464e8cd1858a8a4f"}
{"@timestamp": "2026-02-09T16:00:06.525031+00:00", "service": "dummy-backend", "level": "WARN", "route": "/logout", "status": 200, "latency_ms": 363, "user_id": "u179", "msg": "ok", "trace_id": "f8acb478d078b010"}
{"@timestamp": "2026-02-09T16:00:07.029019+00:00", "service": "dummy-backend", "level": "WARN", "route": "/checkout", "status": 409, "latency_ms": 480, "user_id": "u001", "msg": "gateway_error", "trace_id": "c05c00e060dd492f"}
{"@timestamp": "2026-02-09T16:00:07.534152+00:00", "service": "dummy-backend", "level": "INFO", "route": "/login", "status": 200, "latency_ms": 519, "user_id": "u168", "msg": "ok", "trace_id": "4d39caef0e8554c7"}
{"@timestamp": "2026-02-09T16:00:08.038088+00:00", "service": "dummy-backend", "level": "INFO", "route": "/checkout", "status": 200, "latency_ms": 385, "user_id": "u134", "msg": "ok", "trace_id": "076e7c7c2c50c9bb"}
{"@timestamp": "2026-02-09T16:00:08.542863+00:00", "service": "dummy-backend", "level": "INFO", "route": "/login", "status": 200, "latency_ms": 542, "user_id": "u120", "msg": "ok", "trace_id": "a7f83d6e1504ddaf"}
{"@timestamp": "2026-02-09T16:00:09.046762+00:00", "service": "dummy-backend", "level": "INFO", "route": "/search", "status": 200, "latency_ms": 808, "user_id": "u194", "msg": "ok", "trace_id": "d2b3bf318f83ede8"}
{"@timestamp": "2026-02-09T16:00:09.551526+00:00", "service": "dummy-backend", "level": "WARN", "route": "/checkout", "status": 500, "latency_ms": 220, "user_id": "u137", "msg": "payment_retry", "trace_id": "ca8c21071454a698"}
{"@timestamp": "2026-02-09T16:00:10.057476+00:00", "service": "dummy-backend", "level": "INFO", "route": "/profile", "status": 200, "latency_ms": 987, "user_id": "u109", "msg": "ok", "trace_id": "0e37331dbd979ffb"}
{"@timestamp": "2026-02-09T16:00:10.561800+00:00", "service": "dummy-backend", "level": "INFO", "route": "/checkout", "status": 200, "latency_ms": 741, "user_id": "u038", "msg": "ok", "trace_id": "5bba051572287e3f"}
{"@timestamp": "2026-02-09T16:00:11.067619+00:00", "service": "dummy-backend", "level": "INFO", "route": "/profile", "status": 200, "latency_ms": 346, "user_id": "u017", "msg": "ok", "trace_id": "75ce01230da0737b"}
{"@timestamp": "2026-02-09T16:00:11.572789+00:00", "service": "dummy-backend", "level": "INFO", "route": "/checkout", "status": 200, "latency_ms": 505, "user_id": "u134", "msg": "ok", "trace_id": "20b9252fc73bbbd9"}
{"@timestamp": "2026-02-09T16:00:12.078032+00:00", "service": "dummy-backend", "level": "INFO", "route": "/checkout", "status": 200, "latency_ms": 123, "user_id": "u096", "msg": "ok", "trace_id": "775d09acefb4a891"}
{"@timestamp": "2026-02-09T16:00:12.582111+00:00", "service": "dummy-backend", "level": "INFO", "route": "/search", "status": 200, "latency_ms": 1063, "user_id": "u099", "msg": "ok", "trace_id": "ef78ea5438292615"}
{"@timestamp": "2026-02-09T16:00:13.086776+00:00", "service": "dummy-backend", "level": "INFO", "route": "/login", "status": 200, "latency_ms": 298, "user_id": "u049", "msg": "ok", "trace_id": "8556ecadb86cf32a"}
{"@timestamp": "2026-02-09T16:00:13.590746+00:00", "service": "dummy-backend", "level": "INFO", "route": "/profile", "status": 200, "latency_ms": 622, "user_id": "u029", "msg": "ok", "trace_id": "402d554c6e0572cb"}
{"@timestamp": "2026-02-09T16:00:14.094511+00:00", "service": "dummy-backend", "level": "INFO", "route": "/login", "status": 200, "latency_ms": 1132, "user_id": "u006", "msg": "ok", "trace_id": "f67ca87889383bc2"}
{"@timestamp": "2026-02-09T16:00:14.600350+00:00", "service": "dummy-backend", "level": "INFO", "route": "/logout", "status": 200, "latency_ms": 196, "user_id": "u160", "msg": "ok", "trace_id": "6b5339a78e098d0a"}
{"@timestamp": "2026-02-09T16:00:15.104679+00:00", "service": "dummy-backend", "level": "INFO", "route": "/login", "status": 200, "latency_ms": 309, "user_id": "u190", "msg": "ok", "trace_id": "05f6e5888e0110bf"}
{"@timestamp": "2026-02-09T16:00:15.609140+00:00", "service": "dummy-backend", "level": "INFO", "route": "/login", "status": 200, "latency_ms": 261, "user_id": "u060", "msg": "ok", "trace_id": "62713f90a2f77657"}
{"@timestamp": "2026-02-09T16:00:16.115666+00:00", "service": "dummy-backend", "level": "INFO", "route": "/checkout", "status": 200, "latency_ms": 529, "user_id": "u141", "msg": "ok", "trace_id": "d0bb9c237b117662"}
{"@timestamp": "2026-02-09T16:00:16.621358+00:00", "service": "dummy-backend", "level": "INFO", "route": "/search", "status": 200, "latency_ms": 226, "user_id": "u200", "msg": "ok", "trace_id": "0e6f025e7664e0af"}
{"@timestamp": "2026-02-09T16:00:17.125102+00:00", "service": "dummy-backend", "level": "INFO", "route": "/login", "status": 200, "latency_ms": 998, "user_id": "u068", "msg": "ok", "trace_id": "3117ee1bd742e832"}
{"@timestamp": "2026-02-09T16:00:17.629132+00:00", "service": "dummy-backend", "level": "INFO", "route": "/profile", "status": 200, "latency_ms": 291, "user_id": "u087", "msg": "ok", "trace_id": "6a8d24aed4e99bc6"}
{"@timestamp": "2026-02-09T16:00:18.133285+00:00", "service": "dummy-backend", "level": "INFO", "route": "/login", "status": 200, "latency_ms": 1163, "user_id": "u162", "msg": "ok", "trace_id": "a5e9ef2688611ad9"}
{"@timestamp": "2026-02-09T16:00:18.636909+00:00", "service": "dummy-backend", "level": "INFO", "route": "/profile", "status": 200, "latency_ms": 658, "user_id": "u025", "msg": "ok", "trace_id": "3447aa0c3ac2fe1b"}
{"@timestamp": "2026-02-09T16:00:19.141723+00:00", "service": "dummy-backend", "level": "WARN", "route": "/search", "status": 200, "latency_ms": 887, "user_id": "u082", "msg": "ok", "trace_id": "c759e88b3565cdd3"}
{"@timestamp": "2026-02-09T16:00:19.646306+00:00", "service": "dummy-backend", "level": "INFO", "route": "/login", "status": 200, "latency_ms": 603, "user_id": "u094", "msg": "ok", "trace_id": "7b9c99db9b8165a1"}
{"@timestamp": "2026-02-09T16:00:20.151166+00:00", "service": "dummy-backend", "level": "INFO", "route": "/login", "status": 200, "latency_ms": 861, "user_id": "u062", "msg": "ok", "trace_id": "213d807e2dca3e0f"}
{"@timestamp": "2026-02-09T16:00:20.655006+00:00", "service": "dummy-backend", "level": "INFO", "route": "/profile", "status": 200, "latency_ms": 767, "user_id": "u057", "msg": "ok", "trace_id": "3985518e90e28a7f"}
{"@timestamp": "2026-02-09T16:00:21.159765+00:00", "service": "dummy-backend", "level": "INFO", "route": "/logout", "status": 200, "latency_ms": 488, "user_id": "u038", "msg": "ok", "trace_id": "dac7ed4207644dce"}
{"@timestamp": "2026-02-09T16:00:21.664596+00:00", "service": "dummy-backend", "level": "INFO", "route": "/profile", "status": 200, "latency_ms": 302, "user_id": "u135", "msg": "ok", "trace_id": "e59a4f522e452669"}
{"@timestamp": "2026-02-09T16:00:22.168949+00:00", "service": "dummy-backend", "level": "INFO", "route": "/search", "status": 200, "latency_ms": 648, "user_id": "u112", "msg": "ok", "trace_id": "38b1dec5dca3ae44"}
{"@timestamp": "2026-02-09T16:00:22.673575+00:00", "service": "dummy-backend", "level": "INFO", "route": "/search", "status": 200, "latency_ms": 555, "user_id": "u068", "msg": "ok", "trace_id": "343d430bad187ac6"}
{"@timestamp": "2026-02-09T16:00:23.177617+00:00", "service": "dummy-backend", "level": "ERROR", "route": "/search", "status": 200, "latency_ms": 1051, "user_id": "u039", "msg": "ok", "trace_id": "12bf6010621895ff"}
{"@timestamp": "2026-02-09T16:00:23.681791+00:00", "service": "dummy-backend", "level": "INFO", "route": "/login", "status": 200, "latency_ms": 788, "user_id": "u092", "msg": "ok", "trace_id": "8a33b30b624afbaf"}
{"@timestamp": "2026-02-09T16:00:24.185289+00:00", "service": "dummy-backend", "level": "INFO", "route": "/search", "status": 200, "latency_ms": 606, "user_id": "u078", "msg": "ok", "trace_id": "ca7f1052d283905f"}
{"@timestamp": "2026-02-09T16:00:24.688798+00:00", "service": "dummy-backend", "level": "INFO", "route": "/login", "status": 200, "latency_ms": 10, "user_id": "u041", "msg": "ok", "trace_id": "e55d454ba6cb704e"}
{"@timestamp": "2026-02-09T16:00:25.183274+00:00", "service": "dummy-backend", "level": "INFO", "route": "/profile", "status": 200, "latency_ms": 171, "user_id": "u165", "msg": "ok", "trace_id": "e0ef3321e2f9b628"}
{"@timestamp": "2026-02-09T16:00:25.686843+00:00", "service": "dummy-backend", "level": "INFO", "route": "/search", "status": 200, "latency_ms": 1121, "user_id": "u160", "msg": "ok", "trace_id": "fc19958858a3b0ee"}
{"@timestamp": "2026-02-09T16:00:26.191022+00:00", "service": "dummy-backend", "level": "INFO", "route": "/profile", "status": 200, "latency_ms": 369, "user_id": "u146", "msg": "ok", "trace_id": "e477352e812b42c6"}
{"@timestamp": "2026-02-09T16:00:26.695353+00:00", "service": "dummy-backend", "level": "INFO", "route": "/checkout", "status": 200, "latency_ms": 579, "user_id": "u090", "msg": "ok", "trace_id": "b724ebeddfbfe019"}
{"@timestamp": "2026-02-09T16:00:27.199934+00:00", "service": "dummy-backend", "level": "INFO", "route": "/search", "status": 200, "latency_ms": 641, "user_id": "u110", "msg": "ok", "trace_id": "b8a97276255fd860"}
{"@timestamp": "2026-02-09T16:00:27.703964+00:00", "service": "dummy-backend", "level": "INFO", "route": "/logout", "status": 200, "latency_ms": 355, "user_id": "u144", "msg": "ok", "trace_id": "31fb963db4e61f4f"}
{"@timestamp": "2026-02-09T16:00:28.209369+00:00", "service": "dummy-backend", "level": "INFO", "route": "/checkout", "status": 200, "latency_ms": 266, "user_id": "u175", "msg": "ok", "trace_id": "1ba6ab6ac0a86631"}
{"@timestamp": "2026-02-09T16:00:28.713740+00:00", "service": "dummy-backend", "level": "INFO", "route": "/logout", "status": 200, "latency_ms": 808, "user_id": "u195", "msg": "ok", "trace_id": "da0e0f498425b415"}
{"@timestamp": "2026-02-09T16:00:29.217718+00:00", "service": "dummy-backend", "level": "INFO", "route": "/login", "status": 200, "latency_ms": 490, "user_id": "u143", "msg": "ok", "trace_id": "b3ab2b32d44a3d3f"}
{"@timestamp": "2026-02-09T16:00:29.722691+00:00", "service": "dummy-backend", "level": "INFO", "route": "/logout", "status": 200, "latency_ms": 68, "user_id": "u149", "msg": "ok", "trace_id": "0f967b1a742cf40e"}
{"@timestamp": "2026-02-09T16:00:30.227285+00:00", "service": "dummy-backend", "level": "INFO", "route": "/profile", "status": 200, "latency_ms": 59, "user_id": "u087", "msg": "ok", "trace_id": "d2584696d6728740"}
{"@timestamp": "2026-02-09T16:00:30.731792+00:00", "service": "dummy-backend", "level": "INFO", "route": "/login", "status": 200, "latency_ms": 46, "user_id": "u054", "msg": "ok", "trace_id": "a71d205180ffbd0a"}
{"@timestamp": "2026-02-09T16:00:31.236604+00:00", "service": "dummy-backend", "level": "INFO", "route": "/profile", "status": 200, "latency_ms": 1006, "user_id": "u194", "msg": "ok", "trace_id": "a85473014664182f"}
{"@timestamp": "2026-02-09T16:00:31.741022+00:00", "service": "dummy-backend", "level": "INFO", "route": "/logout", "status": 200, "latency_ms": 564, "user_id": "u064", "msg": "ok", "trace_id": "061c4d4a4db9c2f7"}
{"@timestamp": "2026-02-09T16:00:32.245207+00:00", "service": "dummy-backend", "level": "INFO", "route": "/profile", "status": 200, "latency_ms": 478, "user_id": "u175", "msg": "ok", "trace_id": "5359f23db7289491"}
{"@timestamp": "2026-02-09T16:00:32.750398+00:00", "service": "dummy-backend", "level": "INFO", "route": "/checkout", "status": 200, "latency_ms": 416, "user_id": "u155", "msg": "ok", "trace_id": "161091d38e9956d8"}
{"@timestamp": "2026-02-09T16:00:33.254124+00:00", "service": "dummy-backend", "level": "INFO", "route": "/login", "status": 200, "latency_ms": 280, "user_id": "u169", "msg": "ok", "trace_id": "00bbb0e152ef9c7a"}
{"@timestamp": "2026-02-09T16:00:33.757552+00:00", "service": "dummy-backend", "level": "INFO", "route": "/login", "status": 200, "latency_ms": 1037, "user_id": "u116", "msg": "ok", "trace_id": "efd9c612bad248a9"}
{"@timestamp": "2026-02-09T16:00:34.261203+00:00", "service": "dummy-backend", "level": "INFO", "route": "/search", "status": 200, "latency_ms": 1078, "user_id": "u070", "msg": "ok", "trace_id": "b6fbe43e9514f4e3"}
{"@timestamp": "2026-02-09T16:00:34.764847+00:00", "service": "dummy-backend", "level": "WARN", "route": "/profile", "status": 200, "latency_ms": 53, "user_id": "u100", "msg": "ok", "trace_id": "06de7d12575badab"}
{"@timestamp": "2026-02-09T16:00:35.269239+00:00", "service": "dummy-backend", "level": "INFO", "route": "/profile", "status": 200, "latency_ms": 629, "user_id": "u191", "msg": "ok", "trace_id": "ca06569312cbdfc2"}
{"@timestamp": "2026-02-09T16:00:35.773540+00:00", "service": "dummy-backend", "level": "INFO", "route": "/profile", "status": 200, "latency_ms": 309, "user_id": "u105", "msg": "ok", "trace_id": "099ed131e8969070"}
{"@timestamp": "2026-02-09T16:00:36.277389+00:00", "service": "dummy-backend", "level": "ERROR", "route": "/login", "status": 401, "latency_ms": 349, "user_id": "u095", "msg": "token_expired", "trace_id": "421ff33dc484e9c1"}
{"@timestamp": "2026-02-09T16:00:36.781351+00:00", "service": "dummy-backend", "level": "INFO", "route": "/login", "status": 200, "latency_ms": 504, "user_id": "u193", "msg": "ok", "trace_id": "b91b6b8be6f18cea"}
{"@timestamp": "2026-02-09T16:00:37.286870+00:00", "service": "dummy-backend", "level": "INFO", "route": "/checkout", "status": 200, "latency_ms": 948, "user_id": "u042", "msg": "ok", "trace_id": "4997ddd63a99087f"}
{"@timestamp": "2026-02-09T16:00:37.791447+00:00", "service": "dummy-backend", "level": "INFO", "route": "/login", "status": 200, "latency_ms": 1187, "user_id": "u181", "msg": "ok", "trace_id": "33ce9b50e03e1ff2"}
{"@timestamp": "2026-02-09T16:00:38.295903+00:00", "service": "dummy-backend", "level": "INFO", "route": "/checkout", "status": 200, "latency_ms": 371, "user_id": "u102", "msg": "ok", "trace_id": "4b43ede70cbcdc8a"}
{"@timestamp": "2026-02-09T16:00:38.801745+00:00", "service": "dummy-backend", "level": "INFO", "route": "/login", "status": 200, "latency_ms": 137, "user_id": "u112", "msg": "ok", "trace_id": "64d9dbf673739af7"}
{"@timestamp": "2026-02-09T16:00:39.305415+00:00", "service": "dummy-backend", "level": "INFO", "route": "/logout", "status": 200, "latency_ms": 298, "user_id": "u111", "msg": "ok", "trace_id": "5ff917cf8a4379cd"}
{"@timestamp": "2026-02-09T16:00:39.811197+00:00", "service": "dummy-backend", "level": "INFO", "route": "/profile", "status": 200, "latency_ms": 860, "user_id": "u023", "msg": "ok", "trace_id": "9d48bef2bd4598f1"}
{"@timestamp": "2026-02-09T16:00:40.314833+00:00", "service": "dummy-backend", "level": "INFO", "route": "/profile", "status": 200, "latency_ms": 1072, "user_id": "u055", "msg": "ok", "trace_id": "5309150b7b4c468c"}
{"@timestamp": "2026-02-09T16:00:40.819537+00:00", "service": "dummy-backend", "level": "INFO", "route": "/checkout", "status": 200, "latency_ms": 954, "user_id": "u193", "msg": "ok", "trace_id": "75536ae0447ccdb3"}
{"@timestamp": "2026-02-09T16:00:41.324105+00:00", "service": "dummy-backend", "level": "INFO", "route": "/profile", "status": 200, "latency_ms": 997, "user_id": "u025", "msg": "ok", "trace_id": "00a1ea16412791d0"}
{"@timestamp": "2026-02-09T16:00:41.829971+00:00", "service": "dummy-backend", "level": "INFO", "route": "/profile", "status": 200, "latency_ms": 183, "user_id": "u037", "msg": "ok", "trace_id": "e126a0d4fea61ae0"}
{"@timestamp": "2026-02-09T16:00:42.335414+00:00", "service": "dummy-backend", "level": "WARN", "route": "/login", "status": 200, "latency_ms": 325, "user_id": "u101", "msg": "ok", "trace_id": "d2562ff6301a4a53"}
{"@timestamp": "2026-02-09T16:00:42.838890+00:00", "service": "dummy-backend", "level": "INFO", "route": "/profile", "status": 200, "latency_ms": 249, "user_id": "u107", "msg": "ok", "trace_id": "b9bbc4480e30cf16"}
{"@timestamp": "2026-02-09T16:00:43.342980+00:00", "service": "dummy-backend", "level": "INFO", "route": "/search", "status": 200, "latency_ms": 604, "user_id": "u191", "msg": "ok", "trace_id": "0d0ee7eed0f64205"}
{"@timestamp": "2026-02-09T16:00:43.846962+00:00", "service": "dummy-backend", "level": "INFO", "route": "/login", "status": 200, "latency_ms": 113, "user_id": "u168", "msg": "ok", "trace_id": "2588b8e0f884d1d4"}
{"@timestamp": "2026-02-09T16:00:44.351037+00:00", "service": "dummy-backend", "level": "INFO", "route": "/login", "status": 200, "latency_ms": 56, "user_id": "u091", "msg": "ok", "trace_id": "5e2db93ea241fb7e"}
{"@timestamp": "2026-02-09T16:00:44.854777+00:00", "service": "dummy-backend", "level": "INFO", "route": "/profile", "status": 200, "latency_ms": 148, "user_id": "u143", "msg": "ok", "trace_id": "f6e31a459aac894b"}
{"@timestamp": "2026-02-09T16:00:45.358722+00:00", "service": "dummy-backend", "level": "INFO", "route": "/login", "status": 200, "latency_ms": 215, "user_id": "u036", "msg": "ok", "trace_id": "026f2186115bd34d"}
{"@timestamp": "2026-02-09T16:00:45.864232+00:00", "service": "dummy-backend", "level": "INFO", "route": "/logout", "status": 200, "latency_ms": 275, "user_id": "u021", "msg": "ok", "trace_id": "9e049edc943cbab3"}
{"@timestamp": "2026-02-09T16:00:46.368284+00:00", "service": "dummy-backend", "level": "INFO", "route": "/profile", "status": 200, "latency_ms": 643, "user_id": "u170", "msg": "ok", "trace_id": "1eeec650224ba6c4"}
{"@timestamp": "2026-02-09T16:00:46.873308+00:00", "service": "dummy-backend", "level": "INFO", "route": "/logout", "status": 200, "latency_ms": 712, "user_id": "u025", "msg": "ok", "trace_id": "d50c9a449a20ed28"}
{"@timestamp": "2026-02-09T16:00:47.379563+00:00", "service": "dummy-backend", "level": "INFO", "route": "/search", "status": 200, "latency_ms": 87, "user_id": "u087", "msg": "ok", "trace_id": "be01223d571ae324"}
{"@timestamp": "2026-02-09T16:00:47.884717+00:00", "service": "dummy-backend", "level": "INFO", "route": "/search", "status": 200, "latency_ms": 507, "user_id": "u042", "msg": "ok", "trace_id": "62296ebbc8f280bf"}
{"@timestamp": "2026-02-09T16:00:48.388704+00:00", "service": "dummy-backend", "level": "INFO", "route": "/checkout", "status": 200, "latency_ms": 216, "user_id": "u054", "msg": "ok", "trace_id": "f740c3f69aebf10e"}
{"@timestamp": "2026-02-09T16:00:48.892741+00:00", "service": "dummy-backend", "level": "INFO", "route": "/login", "status": 200, "latency_ms": 919, "user_id": "u017", "msg": "ok", "trace_id": "7f3e3561095eae28"}
{"@timestamp": "2026-02-09T16:00:49.398287+00:00", "service": "dummy-backend", "level": "INFO", "route": "/login", "status": 200, "latency_ms": 1155, "user_id": "u193", "msg": "ok", "trace_id": "3aafb1e7b7d0662b"}
{"@timestamp": "2026-02-09T16:00:49.904988+00:00", "service": "dummy-backend", "level": "WARN", "route": "/logout", "status": 200, "latency_ms": 438, "user_id": "u163", "msg": "ok", "trace_id": "7f72248a1719dac9"}
{"@timestamp": "2026-02-09T16:00:50.411146+00:00", "service": "dummy-backend", "level": "INFO", "route": "/profile", "status": 200, "latency_ms": 314, "user_id": "u178", "msg": "ok", "trace_id": "2ca545155336c4ec"}
{"@timestamp": "2026-02-09T16:00:50.917162+00:00", "service": "dummy-backend", "level": "INFO", "route": "/checkout", "status": 200, "latency_ms": 1048, "user_id": "u129", "msg": "ok", "trace_id": "e18b1ed952b9ee43"}
{"@timestamp": "2026-02-09T16:00:51.421553+00:00", "service": "dummy-backend", "level": "INFO", "route": "/profile", "status": 200, "latency_ms": 1077, "user_id": "u199", "msg": "ok", "trace_id": "b6f180c1f2d13878"}
{"@timestamp": "2026-02-09T16:00:51.933129+00:00", "service": "dummy-backend", "level": "INFO", "route": "/login", "status": 200, "latency_ms": 449, "user_id": "u139", "msg": "ok", "trace_id": "0f8371d59a22cab9"}
{"@timestamp": "2026-02-09T16:01:00.973425+00:00", "service": "dummy-backend", "level": "INFO", "route": "/profile", "status": 200, "latency_ms": 849, "user_id": "u121", "msg": "ok", "trace_id": "e4df5bb46ca08bdc"}
{"@timestamp": "2026-02-09T16:01:01.479853+00:00", "service": "dummy-backend", "level": "INFO", "route": "/checkout", "status": 200, "latency_ms": 406, "user_id": "u200", "msg": "ok", "trace_id": "5374770966a7b27e"}
{"@timestamp": "2026-02-09T16:01:01.985398+00:00", "service": "dummy-backend", "level": "INFO", "route": "/login", "status": 200, "latency_ms": 396, "user_id": "u016", "msg": "ok", "trace_id": "c7ed6fc06da796a6"}
{"@timestamp": "2026-02-09T16:01:02.490469+00:00", "service": "dummy-backend", "level": "INFO", "route": "/login", "status": 200, "latency_ms": 1009, "user_id": "u113", "msg": "ok", "trace_id": "cb0852abc2360cf8"}
{"@timestamp": "2026-02-09T16:01:02.995996+00:00", "service": "dummy-backend", "level": "INFO", "route": "/login", "status": 200, "latency_ms": 733, "user_id": "u057", "msg": "ok", "trace_id": "df04d873fe674128"}
{"@timestamp": "2026-02-09T16:01:03.501520+00:00", "service": "dummy-backend", "level": "INFO", "route": "/search", "status": 200, "latency_ms": 1022, "user_id": "u075", "msg": "ok", "trace_id": "42c50fe39e878119"}
{"@timestamp": "2026-02-09T16:01:04.006938+00:00", "service": "dummy-backend", "level": "INFO", "route": "/logout", "status": 200, "latency_ms": 199, "user_id": "u066", "msg": "ok", "trace_id": "1fa4444747d2a23e"}
{"@timestamp": "2026-02-09T16:01:04.511947+00:00", "service": "dummy-backend", "level": "WARN", "route": "/login", "status": 200, "latency_ms": 864, "user_id": "u172", "msg": "ok", "trace_id": "ccf103671a1f21f7"}
{"@timestamp": "2026-02-09T16:01:05.020300+00:00", "service": "dummy-backend", "level": "INFO", "route": "/search", "status": 200, "latency_ms": 372, "user_id": "u174", "msg": "ok", "trace_id": "d230fbbd66df2886"}
{"@timestamp": "2026-02-09T16:01:05.525664+00:00", "service": "dummy-backend", "level": "INFO", "route": "/login", "status": 200, "latency_ms": 271, "user_id": "u014", "msg": "ok", "trace_id": "66a700496c47a23b"}
{"@timestamp": "2026-02-09T16:01:06.029809+00:00", "service": "dummy-backend", "level": "INFO", "route": "/checkout", "status": 200, "latency_ms": 234, "user_id": "u087", "msg": "ok", "trace_id": "29a95eb5e4a968c7"}
{"@timestamp": "2026-02-09T16:01:06.536043+00:00", "service": "dummy-backend", "level": "WARN", "route": "/profile", "status": 200, "latency_ms": 675, "user_id": "u028", "msg": "ok", "trace_id": "056aca0e03942d61"}
{"@timestamp": "2026-02-09T16:01:07.047806+00:00", "service": "dummy-backend", "level": "INFO", "route": "/logout", "status": 200, "latency_ms": 493, "user_id": "u127", "msg": "ok", "trace_id": "938ead596e4a4ca7"}
{"@timestamp": "2026-02-09T16:01:07.551930+00:00", "service": "dummy-backend", "level": "INFO", "route": "/logout", "status": 200, "latency_ms": 329, "user_id": "u190", "msg": "ok", "trace_id": "79f41063418218e8"}
{"@timestamp": "2026-02-09T16:01:08.061171+00:00", "service": "dummy-backend", "level": "INFO", "route": "/profile", "status": 200, "latency_ms": 320, "user_id": "u189", "msg": "ok", "trace_id": "a18b242d00823f01"}
{"@timestamp": "2026-02-09T16:01:08.566327+00:00", "service": "dummy-backend", "level": "INFO", "route": "/checkout", "status": 200, "latency_ms": 650, "user_id": "u163", "msg": "ok", "trace_id": "44bb18e0d2d79150"}
{"@timestamp": "2026-02-09T16:01:09.070307+00:00", "service": "dummy-backend", "level": "INFO", "route": "/checkout", "status": 200, "latency_ms": 793, "user_id": "u124", "msg": "ok", "trace_id": "af3c4befd59011fc"}
{"@timestamp": "2026-02-09T16:01:09.576634+00:00", "service": "dummy-backend", "level": "INFO", "route": "/profile", "status": 200, "latency_ms": 575, "user_id": "u156", "msg": "ok", "trace_id": "d4d88f5a7ede8e61"}
{"@timestamp": "2026-02-09T16:01:10.081385+00:00", "service": "dummy-backend", "level": "INFO", "route": "/login", "status": 200, "latency_ms": 389, "user_id": "u198", "msg": "ok", "trace_id": "5695accf9916240f"}
{"@timestamp": "2026-02-09T16:01:10.588544+00:00", "service": "dummy-backend", "level": "INFO", "route": "/logout", "status": 200, "latency_ms": 1195, "user_id": "u083", "msg": "ok", "trace_id": "0ac7cd8f526be029"}
{"@timestamp": "2026-02-09T16:01:11.093575+00:00", "service": "dummy-backend", "level": "INFO", "route": "/profile", "status": 200, "latency_ms": 792, "user_id": "u175", "msg": "ok", "trace_id": "cf6d94783d025733"}
{"@timestamp": "2026-02-09T16:01:11.599229+00:00", "service": "dummy-backend", "level": "WARN", "route": "/checkout", "status": 409, "latency_ms": 784, "user_id": "u155", "msg": "payment_retry", "trace_id": "aa7680c8eec4a5e4"}
{"@timestamp": "2026-02-09T16:01:12.106957+00:00", "service": "dummy-backend", "level": "INFO", "route": "/search", "status": 200, "latency_ms": 785, "user_id": "u169", "msg": "ok", "trace_id": "bfb8f5ba19967660"}
{"@timestamp": "2026-02-09T16:01:12.611610+00:00", "service": "dummy-backend", "level": "INFO", "route": "/profile", "status": 200, "latency_ms": 308, "user_id": "u077", "msg": "ok", "trace_id": "fa189b4771e596f7"}
{"@timestamp": "2026-02-09T16:01:13.116952+00:00", "service": "dummy-backend", "level": "INFO", "route": "/profile", "status": 200, "latency_ms": 689, "user_id": "u191", "msg": "ok", "trace_id": "1220e5b5ac096087"}
{"@timestamp": "2026-02-09T16:01:13.621309+00:00", "service": "dummy-backend", "level": "INFO", "route": "/profile", "status": 200, "latency_ms": 1087, "user_id": "u062", "msg": "ok", "trace_id": "b6cdc72bf798b1e4"}
{"@timestamp": "2026-02-09T16:01:14.124803+00:00", "service": "dummy-backend", "level": "INFO", "route": "/login", "status": 200, "latency_ms": 59, "user_id": "u096", "msg": "ok", "trace_id": "0b4befad745f7548"}
{"@timestamp": "2026-02-09T16:01:14.628778+00:00", "service": "dummy-backend", "level": "INFO", "route": "/search", "status": 200, "latency_ms": 1074, "user_id": "u049", "msg": "ok", "trace_id": "635a1861273104df"}
{"@timestamp": "2026-02-09T16:01:15.133320+00:00", "service": "dummy-backend", "level": "WARN", "route": "/profile", "status": 200, "latency_ms": 360, "user_id": "u109", "msg": "ok", "trace_id": "eb0c9dfe53f70674"}
{"@timestamp": "2026-02-09T16:01:15.637443+00:00", "service": "dummy-backend", "level": "INFO", "route": "/profile", "status": 200, "latency_ms": 8, "user_id": "u063", "msg": "ok", "trace_id": "8c6008549adc7c1f"}
{"@timestamp": "2026-02-09T16:01:16.151016+00:00", "service": "dummy-backend", "level": "WARN", "route": "/login", "status": 200, "latency_ms": 756, "user_id": "u120", "msg": "ok", "trace_id": "8eb64cb95ff835ce"}
{"@timestamp": "2026-02-09T16:01:16.658350+00:00", "service": "dummy-backend", "level": "INFO", "route": "/profile", "status": 200, "latency_ms": 1110, "user_id": "u192", "msg": "ok", "trace_id": "e5b1aa9b8d805cdf"}
{"@timestamp": "2026-02-09T16:01:17.165525+00:00", "service": "dummy-backend", "level": "ERROR", "route": "/logout", "status": 200, "latency_ms": 530, "user_id": "u021", "msg": "ok", "trace_id": "e0af537a46633d5a"}
{"@timestamp": "2026-02-09T16:01:17.675168+00:00", "service": "dummy-backend", "level": "INFO", "route": "/logout", "status": 200, "latency_ms": 581, "user_id": "u150", "msg": "ok", "trace_id": "ea2f2501ecb3b0aa"}
{"@timestamp": "2026-02-09T16:01:18.183662+00:00", "service": "dummy-backend", "level": "INFO", "route": "/profile", "status": 200, "latency_ms": 1083, "user_id": "u084", "msg": "ok", "trace_id": "1e35375fadfded68"}
{"@timestamp": "2026-02-09T16:01:18.689958+00:00", "service": "dummy-backend", "level": "INFO", "route": "/search", "status": 200, "latency_ms": 192, "user_id": "u062", "msg": "ok", "trace_id": "64ed32c79bb38a62"}
{"@timestamp": "2026-02-09T16:01:19.201613+00:00", "service": "dummy-backend", "level": "INFO", "route": "/checkout", "status": 200, "latency_ms": 1051, "user_id": "u049", "msg": "ok", "trace_id": "6eb45aeb7bde5b99"}
{"@timestamp": "2026-02-09T16:01:19.716424+00:00", "service": "dummy-backend", "level": "INFO", "route": "/search", "status": 200, "latency_ms": 492, "user_id": "u192", "msg": "ok", "trace_id": "a85952f164925915"}
{"@timestamp": "2026-02-09T16:01:20.220852+00:00", "service": "dummy-backend", "level": "INFO", "route": "/profile", "status": 200, "latency_ms": 1135, "user_id": "u197", "msg": "ok", "trace_id": "0bdf8e86961f2d30"}
{"@timestamp": "2026-02-09T16:01:20.726304+00:00", "service": "dummy-backend", "level": "INFO", "route": "/logout", "status": 200, "latency_ms": 426, "user_id": "u061", "msg": "ok", "trace_id": "1a0b95e412913ff4"}
{"@timestamp": "2026-02-09T16:01:21.230435+00:00", "service": "dummy-backend", "level": "INFO", "route": "/login", "status": 200, "latency_ms": 251, "user_id": "u032", "msg": "ok", "trace_id": "01e77a2d6d0b5514"}
{"@timestamp": "2026-02-09T16:01:21.735060+00:00", "service": "dummy-backend", "level": "INFO", "route": "/profile", "status": 200, "latency_ms": 1001, "user_id": "u193", "msg": "ok", "trace_id": "6e28574bde6753fd"}
{"@timestamp": "2026-02-09T16:01:22.239111+00:00", "service": "dummy-backend", "level": "INFO", "route": "/logout", "status": 200, "latency_ms": 454, "user_id": "u045", "msg": "ok", "trace_id": "bc38114f0659477f"}
{"@timestamp": "2026-02-09T16:01:22.744408+00:00", "service": "dummy-backend", "level": "INFO", "route": "/login", "status": 200, "latency_ms": 1007, "user_id": "u056", "msg": "ok", "trace_id": "9cd167e9d5106b4f"}
{"@timestamp": "2026-02-09T16:01:23.249166+00:00", "service": "dummy-backend", "level": "INFO", "route": "/login", "status": 200, "latency_ms": 373, "user_id": "u019", "msg": "ok", "trace_id": "701da2c2fe8ef0f0"}
{"@timestamp": "2026-02-09T16:01:23.754229+00:00", "service": "dummy-backend", "level": "INFO", "route": "/logout", "status": 200, "latency_ms": 403, "user_id": "u060", "msg": "ok", "trace_id": "9a0cc671e564aec2"}
{"@timestamp": "2026-02-09T16:01:24.258748+00:00", "service": "dummy-backend", "level": "INFO", "route": "/logout", "status": 200, "latency_ms": 1124, "user_id": "u080", "msg": "ok", "trace_id": "42787df4a63b9ed0"}
{"@timestamp": "2026-02-09T16:01:24.762900+00:00", "service": "dummy-backend", "level": "INFO", "route": "/logout", "status": 200, "latency_ms": 61, "user_id": "u091", "msg": "ok", "trace_id": "4cfe4a43fdd78dea"}
{"@timestamp": "2026-02-09T16:01:25.254389+00:00", "service": "dummy-backend", "level": "INFO", "route": "/checkout", "status": 200, "latency_ms": 83, "user_id": "u135", "msg": "ok", "trace_id": "27eeabbbd8d1e4f3"}
{"@timestamp": "2026-02-09T16:01:25.758298+00:00", "service": "dummy-backend", "level": "INFO", "route": "/profile", "status": 200, "latency_ms": 828, "user_id": "u134", "msg": "ok", "trace_id": "42558e006219af4b"}
{"@timestamp": "2026-02-09T16:01:26.262222+00:00", "service": "dummy-backend", "level": "INFO", "route": "/logout", "status": 200, "latency_ms": 148, "user_id": "u005", "msg": "ok", "trace_id": "86c9f7507ce2713b"}
{"@timestamp": "2026-02-09T16:01:26.774917+00:00", "service": "dummy-backend", "level": "WARN", "route": "/profile", "status": 200, "latency_ms": 1106, "user_id": "u127", "msg": "ok", "trace_id": "09918836719d2b9b"}
{"@timestamp": "2026-02-09T16:01:27.280268+00:00", "service": "dummy-backend", "level": "INFO", "route": "/logout", "status": 200, "latency_ms": 1174, "user_id": "u184", "msg": "ok", "trace_id": "9de1a02bbfd118de"}
{"@timestamp": "2026-02-09T16:01:27.785567+00:00", "service": "dummy-backend", "level": "INFO", "route": "/logout", "status": 200, "latency_ms": 550, "user_id": "u200", "msg": "ok", "trace_id": "52b2e15efe91eebd"}
{"@timestamp": "2026-02-09T16:01:28.305449+00:00", "service": "dummy-backend", "level": "INFO", "route": "/logout", "status": 200, "latency_ms": 889, "user_id": "u132", "msg": "ok", "trace_id": "f3069f9accf33ce9"}
{"@timestamp": "2026-02-09T16:01:28.809785+00:00", "service": "dummy-backend", "level": "INFO", "route": "/login", "status": 200, "latency_ms": 892, "user_id": "u175", "msg": "ok", "trace_id": "b82ed5d074180796"}
{"@timestamp": "2026-02-09T16:01:29.313841+00:00", "service": "dummy-backend", "level": "INFO", "route": "/logout", "status": 200, "latency_ms": 837, "user_id": "u170", "msg": "ok", "trace_id": "9fa14d4ab3377a20"}
{"@timestamp": "2026-02-09T16:01:29.818538+00:00", "service": "dummy-backend", "level": "WARN", "route": "/search", "status": 200, "latency_ms": 659, "user_id": "u101", "msg": "ok", "trace_id": "81bd098eb93e7f00"}
{"@timestamp": "2026-02-09T16:01:30.322994+00:00", "service": "dummy-backend", "level": "INFO", "route": "/login", "status": 200, "latency_ms": 795, "user_id": "u126", "msg": "ok", "trace_id": "170c233831006197"}
{"@timestamp": "2026-02-09T16:01:30.827771+00:00", "service": "dummy-backend", "level": "INFO", "route": "/checkout", "status": 200, "latency_ms": 1034, "user_id": "u039", "msg": "ok", "trace_id": "f009cbcf612ae7ac"}
{"@timestamp": "2026-02-09T16:01:31.333292+00:00", "service": "dummy-backend", "level": "ERROR", "route": "/login", "status": 403, "latency_ms": 364, "user_id": "u015", "msg": "token_expired", "trace_id": "87e0e8ee28824459"}
{"@timestamp": "2026-02-09T16:01:31.841894+00:00", "service": "dummy-backend", "level": "INFO", "route": "/login", "status": 200, "latency_ms": 929, "user_id": "u113", "msg": "ok", "trace_id": "d25e25ac4952e005"}
{"@timestamp": "2026-02-09T16:01:32.346048+00:00", "service": "dummy-backend", "level": "INFO", "route": "/login", "status": 200, "latency_ms": 233, "user_id": "u165", "msg": "ok", "trace_id": "d7ec019218200408"}
{"@timestamp": "2026-02-09T16:01:32.849997+00:00", "service": "dummy-backend", "level": "INFO", "route": "/logout", "status": 200, "latency_ms": 832, "user_id": "u144", "msg": "ok", "trace_id": "eee290b8d00b4cf2"}
{"@timestamp": "2026-02-09T16:01:33.354406+00:00", "service": "dummy-backend", "level": "WARN", "route": "/checkout", "status": 500, "latency_ms": 1054, "user_id": "u097", "msg": "payment_retry", "trace_id": "0d63cd2d8f37d033"}
{"@timestamp": "2026-02-09T16:01:33.858713+00:00", "service": "dummy-backend", "level": "WARN", "route": "/login", "status": 200, "latency_ms": 178, "user_id": "u163", "msg": "ok", "trace_id": "abe1fdc2a02c16bc"}
{"@timestamp": "2026-02-09T16:01:34.363325+00:00", "service": "dummy-backend", "level": "INFO", "route": "/checkout", "status": 200, "latency_ms": 394, "user_id": "u060", "msg": "ok", "trace_id": "8a07da2384f03dd8"}
{"@timestamp": "2026-02-09T16:01:34.867166+00:00", "service": "dummy-backend", "level": "INFO", "route": "/logout", "status": 200, "latency_ms": 828, "user_id": "u180", "msg": "ok", "trace_id": "98d7e7bffb027968"}
{"@timestamp": "2026-02-09T16:01:35.370751+00:00", "service": "dummy-backend", "level": "INFO", "route": "/profile", "status": 200, "latency_ms": 75, "user_id": "u026", "msg": "ok", "trace_id": "9ac3172d074c2925"}
{"@timestamp": "2026-02-09T16:01:35.874711+00:00", "service": "dummy-backend", "level": "INFO", "route": "/search", "status": 200, "latency_ms": 320, "user_id": "u112", "msg": "ok", "trace_id": "4a22386236e5ea24"}
{"@timestamp": "2026-02-09T16:01:36.378430+00:00", "service": "dummy-backend", "level": "INFO", "route": "/logout", "status": 200, "latency_ms": 711, "user_id": "u084", "msg": "ok", "trace_id": "991dac7d0371fdaf"}
{"@timestamp": "2026-02-09T16:01:36.882564+00:00", "service": "dummy-backend", "level": "WARN", "route": "/logout", "status": 200, "latency_ms": 708, "user_id": "u024", "msg": "ok", "trace_id": "d8f0eacebae72ad7"}
{"@timestamp": "2026-02-09T16:01:37.391422+00:00", "service": "dummy-backend", "level": "INFO", "route": "/logout", "status": 200, "latency_ms": 209, "user_id": "u138", "msg": "ok", "trace_id": "4540d7b0a00defa2"}
{"@timestamp": "2026-02-09T16:01:37.895138+00:00", "service": "dummy-backend", "level": "INFO", "route": "/login", "status": 200, "latency_ms": 505, "user_id": "u031", "msg": "ok", "trace_id": "da7606a7010f0b48"}
{"@timestamp": "2026-02-09T16:01:38.399443+00:00", "service": "dummy-backend", "level": "INFO", "route": "/logout", "status": 200, "latency_ms": 225, "user_id": "u165", "msg": "ok", "trace_id": "ff7ce4cd0a640510"}
{"@timestamp": "2026-02-09T16:01:38.903911+00:00", "service": "dummy-backend", "level": "INFO", "route": "/logout", "status": 200, "latency_ms": 179, "user_id": "u124", "msg": "ok", "trace_id": "3e503d5fdbd3853a"}
{"@timestamp": "2026-02-09T16:01:39.408264+00:00", "service": "dummy-backend", "level": "INFO", "route": "/login", "status": 200, "latency_ms": 1161, "user_id": "u088", "msg": "ok", "trace_id": "0ad883d788b930e7"}
{"@timestamp": "2026-02-09T16:01:39.911950+00:00", "service": "dummy-backend", "level": "INFO", "route": "/search", "status": 200, "latency_ms": 273, "user_id": "u012", "msg": "ok", "trace_id": "98604b498aa1ffee"}
{"@timestamp": "2026-02-09T16:01:40.416534+00:00", "service": "dummy-backend", "level": "INFO", "route": "/checkout", "status": 200, "latency_ms": 1139, "user_id": "u028", "msg": "ok", "trace_id": "daf7409cd44ec60b"}
{"@timestamp": "2026-02-09T16:01:40.921519+00:00", "service": "dummy-backend", "level": "INFO", "route": "/login", "status": 200, "latency_ms": 94, "user_id": "u012", "msg": "ok", "trace_id": "0ced1b81d56b8385"}
{"@timestamp": "2026-02-09T16:01:41.426127+00:00", "service": "dummy-backend", "level": "INFO", "route": "/logout", "status": 200, "latency_ms": 885, "user_id": "u074", "msg": "ok", "trace_id": "cefcfbcf4717b10e"}
{"@timestamp": "2026-02-09T16:01:41.930744+00:00", "service": "dummy-backend", "level": "INFO", "route": "/search", "status": 200, "latency_ms": 817, "user_id": "u167", "msg": "ok", "trace_id": "75a86449faf845a1"}
{"@timestamp": "2026-02-09T16:01:42.437475+00:00", "service": "dummy-backend", "level": "INFO", "route": "/logout", "status": 200, "latency_ms": 698, "user_id": "u039", "msg": "ok", "trace_id": "d94345ecadb4dd07"}
{"@timestamp": "2026-02-09T16:01:42.942174+00:00", "service": "dummy-backend", "level": "INFO", "route": "/logout", "status": 200, "latency_ms": 606, "user_id": "u069", "msg": "ok", "trace_id": "6eeb27a5a70f682e"}
{"@timestamp": "2026-02-09T16:01:43.466325+00:00", "service": "dummy-backend", "level": "INFO", "route": "/logout", "status": 200, "latency_ms": 571, "user_id": "u111", "msg": "ok", "trace_id": "7b3d9f2dfe1c6748"}
{"@timestamp": "2026-02-09T16:01:43.971624+00:00", "service": "dummy-backend", "level": "INFO", "route": "/checkout", "status": 200, "latency_ms": 471, "user_id": "u016", "msg": "ok", "trace_id": "e29fdebc3044b418"}
{"@timestamp": "2026-02-09T16:01:44.480913+00:00", "service": "dummy-backend", "level": "INFO", "route": "/checkout", "status": 200, "latency_ms": 618, "user_id": "u141", "msg": "ok", "trace_id": "4b8e789ae609ecc4"}
{"@timestamp": "2026-02-09T16:01:44.986772+00:00", "service": "dummy-backend", "level": "INFO", "route": "/login", "status": 200, "latency_ms": 644, "user_id": "u179", "msg": "ok", "trace_id": "94ae100937e5d160"}
{"@timestamp": "2026-02-09T16:01:45.491019+00:00", "service": "dummy-backend", "level": "INFO", "route": "/login", "status": 200, "latency_ms": 347, "user_id": "u056", "msg": "ok", "trace_id": "276d4b1450724733"}
{"@timestamp": "2026-02-09T16:01:45.996293+00:00", "service": "dummy-backend", "level": "INFO", "route": "/search", "status": 200, "latency_ms": 439, "user_id": "u037", "msg": "ok", "trace_id": "acf9fac3a25b32e9"}
{"@timestamp": "2026-02-09T16:01:46.499677+00:00", "service": "dummy-backend", "level": "INFO", "route": "/login", "status": 200, "latency_ms": 580, "user_id": "u097", "msg": "ok", "trace_id": "bf578b962843e37b"}
{"@timestamp": "2026-02-09T16:01:47.003371+00:00", "service": "dummy-backend", "level": "INFO", "route": "/login", "status": 200, "latency_ms": 925, "user_id": "u136", "msg": "ok", "trace_id": "e9eb1b403323f4de"}
{"@timestamp": "2026-02-09T16:01:47.506988+00:00", "service": "dummy-backend", "level": "INFO", "route": "/search", "status": 200, "latency_ms": 423, "user_id": "u184", "msg": "ok", "trace_id": "e86bed9f16772283"}
{"@timestamp": "2026-02-09T16:01:48.010622+00:00", "service": "dummy-backend", "level": "INFO", "route": "/search", "status": 200, "latency_ms": 1118, "user_id": "u014", "msg": "ok", "trace_id": "f442cd6c9392f62e"}
{"@timestamp": "2026-02-09T16:01:48.514396+00:00", "service": "dummy-backend", "level": "ERROR", "route": "/login", "status": 401, "latency_ms": 345, "user_id": "u146", "msg": "token_expired", "trace_id": "aca0f0c4e96d507e"}
{"@timestamp": "2026-02-09T16:01:49.018215+00:00", "service": "dummy-backend", "level": "INFO", "route": "/checkout", "status": 200, "latency_ms": 504, "user_id": "u122", "msg": "ok", "trace_id": "5c9bf5d691a68b9d"}
{"@timestamp": "2026-02-09T16:01:49.521741+00:00", "service": "dummy-backend", "level": "INFO", "route": "/logout", "status": 200, "latency_ms": 794, "user_id": "u022", "msg": "ok", "trace_id": "946557b03a3d10db"}
{"@timestamp": "2026-02-09T16:01:50.025095+00:00", "service": "dummy-backend", "level": "INFO", "route": "/login", "status": 200, "latency_ms": 1119, "user_id": "u184", "msg": "ok", "trace_id": "25afd86149b56d63"}
{"@timestamp": "2026-02-09T16:01:50.529074+00:00", "service": "dummy-backend", "level": "WARN", "route": "/logout", "status": 200, "latency_ms": 724, "user_id": "u064", "msg": "ok", "trace_id": "b04a0d47fc0ab5c3"}
{"@timestamp": "2026-02-09T16:01:51.033080+00:00", "service": "dummy-backend", "level": "INFO", "route": "/login", "status": 200, "latency_ms": 841, "user_id": "u147", "msg": "ok", "trace_id": "4f062db4d6584afe"}
{"@timestamp": "2026-02-09T16:01:51.537349+00:00", "service": "dummy-backend", "level": "INFO", "route": "/search", "status": 200, "latency_ms": 1171, "user_id": "u114", "msg": "ok", "trace_id": "a6c08e4e1dd0180d"}
{"@timestamp": "2026-02-09T16:01:52.058676+00:00", "service": "dummy-backend", "level": "INFO", "route": "/logout", "status": 200, "latency_ms": 825, "user_id": "u066", "msg": "ok", "trace_id": "d2257170063d2881"}
{"@timestamp": "2026-02-09T16:01:52.563327+00:00", "service": "dummy-backend", "level": "INFO", "route": "/profile", "status": 200, "latency_ms": 553, "user_id": "u169", "msg": "ok", "trace_id": "504b042f843c397e"}
{"@timestamp": "2026-02-09T16:01:53.066953+00:00", "service": "dummy-backend", "level": "INFO", "route": "/search", "status": 200, "latency_ms": 557, "user_id": "u162", "msg": "ok", "trace_id": "191767de7f9df481"}
{"@timestamp": "2026-02-09T16:01:53.571597+00:00", "service": "dummy-backend", "level": "INFO", "route": "/search", "status": 200, "latency_ms": 707, "user_id": "u006", "msg": "ok", "trace_id": "ebc5270c697dbd78"}
{"@timestamp": "2026-02-09T16:01:54.075959+00:00", "service": "dummy-backend", "level": "INFO", "route": "/search", "status": 200, "latency_ms": 872, "user_id": "u146", "msg": "ok", "trace_id": "a01937426a5727c9"}
{"@timestamp": "2026-02-09T16:01:54.579924+00:00", "service": "dummy-backend", "level": "INFO", "route": "/profile", "status": 200, "latency_ms": 770, "user_id": "u071", "msg": "ok", "trace_id": "c49845e44d87345e"}
{"@timestamp": "2026-02-09T16:01:55.075930+00:00", "service": "dummy-backend", "level": "INFO", "route": "/search", "status": 200, "latency_ms": 1036, "user_id": "u010", "msg": "ok", "trace_id": "197e01f76d28f3a0"}
{"@timestamp": "2026-02-09T16:01:55.580071+00:00", "service": "dummy-backend", "level": "INFO", "route": "/profile", "status": 200, "latency_ms": 175, "user_id": "u090", "msg": "ok", "trace_id": "7b4ebb92fa0f14db"}
{"@timestamp": "2026-02-09T16:01:56.083918+00:00", "service": "dummy-backend", "level": "INFO", "route": "/search", "status": 200, "latency_ms": 991, "user_id": "u111", "msg": "ok", "trace_id": "4e69e6d0ae1817ce"}
{"@timestamp": "2026-02-09T16:01:56.588027+00:00", "service": "dummy-backend", "level": "INFO", "route": "/profile", "status": 200, "latency_ms": 253, "user_id": "u169", "msg": "ok", "trace_id": "5b863e1d80e2d977"}
{"@timestamp": "2026-02-09T16:01:57.092501+00:00", "service": "dummy-backend", "level": "INFO", "route": "/login", "status": 200, "latency_ms": 1049, "user_id": "u190", "msg": "ok", "trace_id": "8439fe6f4eda381b"}
{"@timestamp": "2026-02-09T16:01:57.596469+00:00", "service": "dummy-backend", "level": "INFO", "route": "/login", "status": 200, "latency_ms": 574, "user_id": "u048", "msg": "ok", "trace_id": "7d63f3d59b64ccb7"}
{"@timestamp": "2026-02-09T16:01:58.100618+00:00", "service": "dummy-backend", "level": "INFO", "route": "/login", "status": 200, "latency_ms": 1171, "user_id": "u060", "msg": "ok", "trace_id": "e92fabf4a1f5919c"}
{"@timestamp": "2026-02-09T16:01:58.603956+00:00", "service": "dummy-backend", "level": "INFO", "route": "/checkout", "status": 200, "latency_ms": 1070, "user_id": "u185", "msg": "ok", "trace_id": "5ee590b203c3947e"}
{"@timestamp": "2026-02-09T16:01:59.107052+00:00", "service": "dummy-backend", "level": "INFO", "route": "/logout", "status": 200, "latency_ms": 884, "user_id": "u108", "msg": "ok", "trace_id": "31148ad8b4266790"}
{"@timestamp": "2026-02-09T16:01:59.610601+00:00", "service": "dummy-backend", "level": "INFO", "route": "/profile", "status": 200, "latency_ms": 225, "user_id": "u106", "msg": "ok", "trace_id": "c2df5729eab808c1"}
{"@timestamp": "2026-02-09T16:02:00.114263+00:00", "service": "dummy-backend", "level": "INFO", "route": "/search", "status": 200, "latency_ms": 847, "user_id": "u128", "msg": "ok", "trace_id": "7cda690666692dbc"}
{"@timestamp": "2026-02-09T16:02:00.618134+00:00", "service": "dummy-backend", "level": "INFO", "route": "/search", "status": 200, "latency_ms": 1092, "user_id": "u023", "msg": "ok", "trace_id": "d16de2230f86f00f"}
{"@timestamp": "2026-02-09T16:02:01.123621+00:00", "service": "dummy-backend", "level": "INFO", "route": "/profile", "status": 200, "latency_ms": 83, "user_id": "u025", "msg": "ok", "trace_id": "3dfdd5d2559e9ce0"}
{"@timestamp": "2026-02-09T16:02:01.628432+00:00", "service": "dummy-backend", "level": "WARN", "route": "/logout", "status": 200, "latency_ms": 726, "user_id": "u190", "msg": "ok", "trace_id": "fcd8cd2834ff4fc4"}
{"@timestamp": "2026-02-09T16:02:02.137847+00:00", "service": "dummy-backend", "level": "INFO", "route": "/search", "status": 200, "latency_ms": 1200, "user_id": "u129", "msg": "ok", "trace_id": "7ce1e977bad1c562"}
{"@timestamp": "2026-02-09T16:02:02.642013+00:00", "service": "dummy-backend", "level": "INFO", "route": "/login", "status": 200, "latency_ms": 20, "user_id": "u189", "msg": "ok", "trace_id": "cf87e3aa9ab48fd2"}
{"@timestamp": "2026-02-09T16:02:03.146476+00:00", "service": "dummy-backend", "level": "INFO", "route": "/logout", "status": 200, "latency_ms": 666, "user_id": "u028", "msg": "ok", "trace_id": "cf00f996115fd395"}
{"@timestamp": "2026-02-09T16:02:03.650089+00:00", "service": "dummy-backend", "level": "INFO", "route": "/search", "status": 200, "latency_ms": 426, "user_id": "u133", "msg": "ok", "trace_id": "71ea155efeec9d05"}
{"@timestamp": "2026-02-09T16:02:04.157766+00:00", "service": "dummy-backend", "level": "INFO", "route": "/checkout", "status": 200, "latency_ms": 84, "user_id": "u183", "msg": "ok", "trace_id": "036735e050aa26f8"}
{"@timestamp": "2026-02-09T16:02:04.661517+00:00", "service": "dummy-backend", "level": "INFO", "route": "/logout", "status": 200, "latency_ms": 96, "user_id": "u069", "msg": "ok", "trace_id": "aa73ac84e651dab9"}
{"@timestamp": "2026-02-09T16:02:05.165860+00:00", "service": "dummy-backend", "level": "INFO", "route": "/profile", "status": 200, "latency_ms": 959, "user_id": "u163", "msg": "ok", "trace_id": "e81ed8f029a0a689"}
{"@timestamp": "2026-02-09T16:02:05.669869+00:00", "service": "dummy-backend", "level": "INFO", "route": "/checkout", "status": 200, "latency_ms": 246, "user_id": "u085", "msg": "ok", "trace_id": "31b59658b35d4e29"}
{"@timestamp": "2026-02-09T16:02:06.173518+00:00", "service": "dummy-backend", "level": "INFO", "route": "/search", "status": 200, "latency_ms": 739, "user_id": "u004", "msg": "ok", "trace_id": "eff140f31ddf05cf"}
{"@timestamp": "2026-02-09T16:02:06.677525+00:00", "service": "dummy-backend", "level": "INFO", "route": "/checkout", "status": 200, "latency_ms": 714, "user_id": "u186", "msg": "ok", "trace_id": "2be818b8d420956f"}
{"@timestamp": "2026-02-09T16:02:07.181381+00:00", "service": "dummy-backend", "level": "INFO", "route": "/logout", "status": 200, "latency_ms": 608, "user_id": "u147", "msg": "ok", "trace_id": "efac2f04cf1dc2f4"}
{"@timestamp": "2026-02-09T16:02:07.685144+00:00", "service": "dummy-backend", "level": "INFO", "route": "/search", "status": 200, "latency_ms": 748, "user_id": "u003", "msg": "ok", "trace_id": "868ddfed6259610c"}
{"@timestamp": "2026-02-09T16:02:08.205275+00:00", "service": "dummy-backend", "level": "INFO", "route": "/search", "status": 200, "latency_ms": 168, "user_id": "u031", "msg": "ok", "trace_id": "132278fb48dcf749"}
{"@timestamp": "2026-02-09T16:02:08.709195+00:00", "service": "dummy-backend", "level": "INFO", "route": "/profile", "status": 200, "latency_ms": 557, "user_id": "u021", "msg": "ok", "trace_id": "68686aecdbc1c33d"}
{"@timestamp": "2026-02-09T16:02:09.213663+00:00", "service": "dummy-backend", "level": "INFO", "route": "/checkout", "status": 200, "latency_ms": 637, "user_id": "u012", "msg": "ok", "trace_id": "c530f73d17c6255c"}
{"@timestamp": "2026-02-09T16:02:09.717150+00:00", "service": "dummy-backend", "level": "INFO", "route": "/checkout", "status": 200, "latency_ms": 636, "user_id": "u053", "msg": "ok", "trace_id": "4acfecf4ac9160ca"}
{"@timestamp": "2026-02-09T16:02:10.221370+00:00", "service": "dummy-backend", "level": "INFO", "route": "/checkout", "status": 200, "latency_ms": 11, "user_id": "u018", "msg": "ok", "trace_id": "c21534c033e9d070"}
{"@timestamp": "2026-02-09T16:02:10.725849+00:00", "service": "dummy-backend", "level": "INFO", "route": "/logout", "status": 200, "latency_ms": 428, "user_id": "u138", "msg": "ok", "trace_id": "af58d6192e22a49e"}
{"@timestamp": "2026-02-09T16:02:11.258726+00:00", "service": "dummy-backend", "level": "INFO", "route": "/search", "status": 200, "latency_ms": 63, "user_id": "u052", "msg": "ok", "trace_id": "d7c5a714679496ee"}
{"@timestamp": "2026-02-09T16:02:11.762993+00:00", "service": "dummy-backend", "level": "INFO", "route": "/checkout", "status": 200, "latency_ms": 1055, "user_id": "u193", "msg": "ok", "trace_id": "ad7a3696bbae9fcd"}
{"@timestamp": "2026-02-09T16:02:12.282070+00:00", "service": "dummy-backend", "level": "INFO", "route": "/logout", "status": 200, "latency_ms": 232, "user_id": "u146", "msg": "ok", "trace_id": "a10b9872cf63b67d"}
{"@timestamp": "2026-02-09T16:02:12.786348+00:00", "service": "dummy-backend", "level": "INFO", "route": "/search", "status": 200, "latency_ms": 1158, "user_id": "u006", "msg": "ok", "trace_id": "a0ad75044806b4b8"}
{"@timestamp": "2026-02-09T16:02:13.290394+00:00", "service": "dummy-backend", "level": "INFO", "route": "/search", "status": 200, "latency_ms": 388, "user_id": "u083", "msg": "ok", "trace_id": "d67e3fb835ddc6f7"}
{"@timestamp": "2026-02-09T16:02:13.794514+00:00", "service": "dummy-backend", "level": "INFO", "route": "/logout", "status": 200, "latency_ms": 958, "user_id": "u127", "msg": "ok", "trace_id": "d15638efa54040d4"}
{"@timestamp": "2026-02-09T16:02:14.299692+00:00", "service": "dummy-backend", "level": "INFO", "route": "/login", "status": 200, "latency_ms": 132, "user_id": "u189", "msg": "ok", "trace_id": "0872b4b1b63abde3"}
{"@timestamp": "2026-02-09T16:02:14.803199+00:00", "service": "dummy-backend", "level": "INFO", "route": "/search", "status": 200, "latency_ms": 1152, "user_id": "u087", "msg": "ok", "trace_id": "33d496538af062df"}
{"@timestamp": "2026-02-09T16:02:15.307342+00:00", "service": "dummy-backend", "level": "INFO", "route": "/profile", "status": 200, "latency_ms": 950, "user_id": "u114", "msg": "ok", "trace_id": "f1c26c6b0a1c8a70"}
{"@timestamp": "2026-02-09T16:02:15.811417+00:00", "service": "dummy-backend", "level": "INFO", "route": "/profile", "status": 200, "latency_ms": 1009, "user_id": "u178", "msg": "ok", "trace_id": "5a2e70c935374976"}
{"@timestamp": "2026-02-09T16:02:16.316287+00:00", "service": "dummy-backend", "level": "ERROR", "route": "/profile", "status": 200, "latency_ms": 924, "user_id": "u080", "msg": "ok", "trace_id": "b9aa9c1461934dbf"}
{"@timestamp": "2026-02-09T16:02:16.820783+00:00", "service": "dummy-backend", "level": "INFO", "route": "/search", "status": 200, "latency_ms": 827, "user_id": "u044", "msg": "ok", "trace_id": "f9dbfd402b4212e4"}
{"@timestamp": "2026-02-09T16:02:17.324774+00:00", "service": "dummy-backend", "level": "INFO", "route": "/search", "status": 200, "latency_ms": 537, "user_id": "u045", "msg": "ok", "trace_id": "01cc5c8b01dc32ce"}
{"@timestamp": "2026-02-09T16:02:17.828789+00:00", "service": "dummy-backend", "level": "INFO", "route": "/search", "status": 200, "latency_ms": 144, "user_id": "u175", "msg": "ok", "trace_id": "8062d90c9c4aaa25"}
{"@timestamp": "2026-02-09T16:02:18.332383+00:00", "service": "dummy-backend", "level": "INFO", "route": "/login", "status": 200, "latency_ms": 139, "user_id": "u030", "msg": "ok", "trace_id": "7e13b562a758ea2b"}
{"@timestamp": "2026-02-09T16:02:18.836479+00:00", "service": "dummy-backend", "level": "INFO", "route": "/login", "status": 200, "latency_ms": 1171, "user_id": "u032", "msg": "ok", "trace_id": "e54e05ad07da9af8"}
{"@timestamp": "2026-02-09T16:02:19.340052+00:00", "service": "dummy-backend", "level": "INFO", "route": "/profile", "status": 200, "latency_ms": 531, "user_id": "u107", "msg": "ok", "trace_id": "8dc289028d9827e9"}
{"@timestamp": "2026-02-09T16:02:19.843845+00:00", "service": "dummy-backend", "level": "INFO", "route": "/checkout", "status": 200, "latency_ms": 101, "user_id": "u025", "msg": "ok", "trace_id": "7aa360f9f3359312"}
{"@timestamp": "2026-02-09T16:02:20.347383+00:00", "service": "dummy-backend", "level": "INFO", "route": "/profile", "status": 200, "latency_ms": 914, "user_id": "u185", "msg": "ok", "trace_id": "d5142c4586bc0f7f"}
{"@timestamp": "2026-02-09T16:02:20.851478+00:00", "service": "dummy-backend", "level": "INFO", "route": "/checkout", "status": 200, "latency_ms": 319, "user_id": "u092", "msg": "ok", "trace_id": "d092e8a277b7e539"}
{"@timestamp": "2026-02-09T16:02:21.355578+00:00", "service": "dummy-backend", "level": "INFO", "route": "/profile", "status": 200, "latency_ms": 609, "user_id": "u113", "msg": "ok", "trace_id": "644f62f232ea83c8"}
{"@timestamp": "2026-02-09T16:02:21.860103+00:00", "service": "dummy-backend", "level": "INFO", "route": "/checkout", "status": 200, "latency_ms": 590, "user_id": "u053", "msg": "ok", "trace_id": "0c5399e9399a6838"}
{"@timestamp": "2026-02-09T16:02:22.364512+00:00", "service": "dummy-backend", "level": "INFO", "route": "/profile", "status": 200, "latency_ms": 293, "user_id": "u026", "msg": "ok", "trace_id": "917f86165fc8e4f7"}
{"@timestamp": "2026-02-09T16:02:22.868493+00:00", "service": "dummy-backend", "level": "INFO", "route": "/search", "status": 200, "latency_ms": 1150, "user_id": "u009", "msg": "ok", "trace_id": "8e829fdc1e7d33c1"}
{"@timestamp": "2026-02-09T16:02:23.372628+00:00", "service": "dummy-backend", "level": "INFO", "route": "/login", "status": 200, "latency_ms": 1113, "user_id": "u175", "msg": "ok", "trace_id": "0c7647b8b83cc69b"}
{"@timestamp": "2026-02-09T16:02:23.877201+00:00", "service": "dummy-backend", "level": "INFO", "route": "/profile", "status": 200, "latency_ms": 616, "user_id": "u075", "msg": "ok", "trace_id": "597e654af1901ab1"}
{"@timestamp": "2026-02-09T16:02:24.381555+00:00", "service": "dummy-backend", "level": "INFO", "route": "/login", "status": 200, "latency_ms": 845, "user_id": "u139", "msg": "ok", "trace_id": "7431ebce400dfd48"}
{"@timestamp": "2026-02-09T16:02:24.878602+00:00", "service": "dummy-backend", "level": "INFO", "route": "/login", "status": 200, "latency_ms": 392, "user_id": "u110", "msg": "ok", "trace_id": "5382ceb7a1936ef4"}
{"@timestamp": "2026-02-09T16:02:25.383336+00:00", "service": "dummy-backend", "level": "INFO", "route": "/login", "status": 200, "latency_ms": 61, "user_id": "u013", "msg": "ok", "trace_id": "68b2fce3eff79d48"}
{"@timestamp": "2026-02-09T16:02:25.887707+00:00", "service": "dummy-backend", "level": "INFO", "route": "/checkout", "status": 200, "latency_ms": 970, "user_id": "u072", "msg": "ok", "trace_id": "acdb4c610ce1caff"}
{"@timestamp": "2026-02-09T16:02:26.392008+00:00", "service": "dummy-backend", "level": "INFO", "route": "/search", "status": 200, "latency_ms": 727, "user_id": "u121", "msg": "ok", "trace_id": "cb43a292ea1dd9a3"}
{"@timestamp": "2026-02-09T16:02:26.896162+00:00", "service": "dummy-backend", "level": "INFO", "route": "/profile", "status": 200, "latency_ms": 257, "user_id": "u118", "msg": "ok", "trace_id": "3a8e178ac6ae12ba"}
{"@timestamp": "2026-02-09T16:02:27.400291+00:00", "service": "dummy-backend", "level": "WARN", "route": "/checkout", "status": 500, "latency_ms": 113, "user_id": "u005", "msg": "insufficient_stock", "trace_id": "06ca83461989406a"}
{"@timestamp": "2026-02-09T16:02:27.904496+00:00", "service": "dummy-backend", "level": "INFO", "route": "/search", "status": 200, "latency_ms": 908, "user_id": "u088", "msg": "ok", "trace_id": "529be5908f669a52"}
{"@timestamp": "2026-02-09T16:02:28.409154+00:00", "service": "dummy-backend", "level": "ERROR", "route": "/checkout", "status": 500, "latency_ms": 428, "user_id": "u181", "msg": "payment_retry", "trace_id": "23f90d3e8cb19b70"}
{"@timestamp": "2026-02-09T16:02:28.913071+00:00", "service": "dummy-backend", "level": "INFO", "route": "/checkout", "status": 200, "latency_ms": 73, "user_id": "u079", "msg": "ok", "trace_id": "914f53f2ebfe30e6"}
{"@timestamp": "2026-02-09T16:02:29.416751+00:00", "service": "dummy-backend", "level": "INFO", "route": "/profile", "status": 200, "latency_ms": 144, "user_id": "u073", "msg": "ok", "trace_id": "41a4a92da76bc4ad"}
{"@timestamp": "2026-02-09T16:02:29.921203+00:00", "service": "dummy-backend", "level": "WARN", "route": "/profile", "status": 200, "latency_ms": 39, "user_id": "u111", "msg": "ok", "trace_id": "a1125cd22df1d903"}
{"@timestamp": "2026-02-09T16:02:30.425137+00:00", "service": "dummy-backend", "level": "INFO", "route": "/search", "status": 200, "latency_ms": 372, "user_id": "u170", "msg": "ok", "trace_id": "85808cc549a06f26"}
{"@timestamp": "2026-02-09T16:02:30.929191+00:00", "service": "dummy-backend", "level": "INFO", "route": "/search", "status": 200, "latency_ms": 834, "user_id": "u014", "msg": "ok", "trace_id": "82e0bf07957fd66b"}
{"@timestamp": "2026-02-09T16:02:31.433652+00:00", "service": "dummy-backend", "level": "INFO", "route": "/checkout", "status": 200, "latency_ms": 40, "user_id": "u099", "msg": "ok", "trace_id": "eadaa5817588d79a"}
{"@timestamp": "2026-02-09T16:02:31.937936+00:00", "service": "dummy-backend", "level": "INFO", "route": "/logout", "status": 200, "latency_ms": 587, "user_id": "u088", "msg": "ok", "trace_id": "8ab3cf1c9191d673"}
{"@timestamp": "2026-02-09T16:02:32.442283+00:00", "service": "dummy-backend", "level": "INFO", "route": "/search", "status": 200, "latency_ms": 819, "user_id": "u170", "msg": "ok", "trace_id": "187a0c0d2f3e4932"}
{"@timestamp": "2026-02-09T16:02:32.946506+00:00", "service": "dummy-backend", "level": "WARN", "route": "/search", "status": 200, "latency_ms": 286, "user_id": "u187", "msg": "ok", "trace_id": "8d750f85910bb311"}
{"@timestamp": "2026-02-09T16:02:33.457825+00:00", "service": "dummy-backend", "level": "ERROR", "route": "/search", "status": 200, "latency_ms": 854, "user_id": "u110", "msg": "ok", "trace_id": "4b8dfe5912364a03"}
{"@timestamp": "2026-02-09T16:02:33.962939+00:00", "service": "dummy-backend", "level": "WARN", "route": "/login", "status": 200, "latency_ms": 421, "user_id": "u029", "msg": "ok", "trace_id": "28feb6818291dd72"}
{"@timestamp": "2026-02-09T16:02:34.467422+00:00", "service": "dummy-backend", "level": "INFO", "route": "/profile", "status": 200, "latency_ms": 39, "user_id": "u008", "msg": "ok", "trace_id": "c1a15133a11dab4c"}
{"@timestamp": "2026-02-09T16:02:34.972147+00:00", "service": "dummy-backend", "level": "INFO", "route": "/profile", "status": 200, "latency_ms": 694, "user_id": "u067", "msg": "ok", "trace_id": "e8aa7881e354f881"}
{"@timestamp": "2026-02-09T16:02:35.477685+00:00", "service": "dummy-backend", "level": "INFO", "route": "/checkout", "status": 200, "latency_ms": 24, "user_id": "u008", "msg": "ok", "trace_id": "b4a2a5bdc6a382ac"}
{"@timestamp": "2026-02-09T16:02:35.982756+00:00", "service": "dummy-backend", "level": "WARN", "route": "/checkout", "status": 500, "latency_ms": 892, "user_id": "u184", "msg": "gateway_error", "trace_id": "5c993b18f30097aa"}
{"@timestamp": "2026-02-09T16:02:36.488596+00:00", "service": "dummy-backend", "level": "INFO", "route": "/search", "status": 200, "latency_ms": 1181, "user_id": "u120", "msg": "ok", "trace_id": "7091865d1d74a228"}
{"@timestamp": "2026-02-09T16:02:36.993868+00:00", "service": "dummy-backend", "level": "INFO", "route": "/search", "status": 200, "latency_ms": 1085, "user_id": "u084", "msg": "ok", "trace_id": "fcaa4fdeeb853e41"}
{"@timestamp": "2026-02-09T16:02:37.498973+00:00", "service": "dummy-backend", "level": "INFO", "route": "/login", "status": 200, "latency_ms": 1193, "user_id": "u167", "msg": "ok", "trace_id": "cf968627c8b65522"}
{"@timestamp": "2026-02-09T16:02:38.002795+00:00", "service": "dummy-backend", "level": "INFO", "route": "/login", "status": 200, "latency_ms": 1173, "user_id": "u031", "msg": "ok", "trace_id": "712a925410bc3447"}
{"@timestamp": "2026-02-09T16:02:38.506976+00:00", "service": "dummy-backend", "level": "INFO", "route": "/profile", "status": 200, "latency_ms": 573, "user_id": "u051", "msg": "ok", "trace_id": "89ffed97c142bf21"}
{"@timestamp": "2026-02-09T16:02:39.011443+00:00", "service": "dummy-backend", "level": "INFO", "route": "/profile", "status": 200, "latency_ms": 888, "user_id": "u102", "msg": "ok", "trace_id": "840fd0640268b1db"}
{"@timestamp": "2026-02-09T16:02:39.516506+00:00", "service": "dummy-backend", "level": "INFO", "route": "/logout", "status": 200, "latency_ms": 636, "user_id": "u141", "msg": "ok", "trace_id": "6b1920cd49e99776"}
{"@timestamp": "2026-02-09T16:02:40.021417+00:00", "service": "dummy-backend", "level": "INFO", "route": "/login", "status": 200, "latency_ms": 882, "user_id": "u129", "msg": "ok", "trace_id": "8df96205f9859997"}
{"@timestamp": "2026-02-09T16:02:40.525801+00:00", "service": "dummy-backend", "level": "INFO", "route": "/search", "status": 200, "latency_ms": 870, "user_id": "u164", "msg": "ok", "trace_id": "b55f109c9425a448"}
{"@timestamp": "2026-02-09T16:02:41.031857+00:00", "service": "dummy-backend", "level": "INFO", "route": "/checkout", "status": 200, "latency_ms": 173, "user_id": "u045", "msg": "ok", "trace_id": "a678f810e8c5986f"}
{"@timestamp": "2026-02-09T16:02:41.536507+00:00", "service": "dummy-backend", "level": "INFO", "route": "/search", "status": 200, "latency_ms": 617, "user_id": "u068", "msg": "ok", "trace_id": "93745db4e24ac15c"}
{"@timestamp": "2026-02-09T16:02:42.041397+00:00", "service": "dummy-backend", "level": "INFO", "route": "/login", "status": 200, "latency_ms": 1055, "user_id": "u200", "msg": "ok", "trace_id": "724f6d64b91ccbdd"}
{"@timestamp": "2026-02-09T16:02:42.547128+00:00", "service": "dummy-backend", "level": "INFO", "route": "/login", "status": 200, "latency_ms": 1126, "user_id": "u036", "msg": "ok", "trace_id": "fdb4315536637337"}
{"@timestamp": "2026-02-09T16:02:43.053045+00:00", "service": "dummy-backend", "level": "INFO", "route": "/login", "status": 200, "latency_ms": 155, "user_id": "u025", "msg": "ok", "trace_id": "db389d5996b7dce1"}
{"@timestamp": "2026-02-09T16:02:43.558433+00:00", "service": "dummy-backend", "level": "ERROR", "route": "/profile", "status": 200, "latency_ms": 219, "user_id": "u137", "msg": "ok", "trace_id": "b28f0467816f15dd"}
{"@timestamp": "2026-02-09T16:02:44.063456+00:00", "service": "dummy-backend", "level": "INFO", "route": "/checkout", "status": 200, "latency_ms": 225, "user_id": "u150", "msg": "ok", "trace_id": "2fbda76cf0559cb4"}
{"@timestamp": "2026-02-09T16:02:44.568754+00:00", "service": "dummy-backend", "level": "INFO", "route": "/login", "status": 200, "latency_ms": 953, "user_id": "u021", "msg": "ok", "trace_id": "50b7994b29fb033c"}
{"@timestamp": "2026-02-09T16:02:45.074757+00:00", "service": "dummy-backend", "level": "INFO", "route": "/logout", "status": 200, "latency_ms": 148, "user_id": "u079", "msg": "ok", "trace_id": "c9e2ccc138522994"}
{"@timestamp": "2026-02-09T16:02:45.579118+00:00", "service": "dummy-backend", "level": "INFO", "route": "/search", "status": 200, "latency_ms": 364, "user_id": "u009", "msg": "ok", "trace_id": "d9f92425b5d46e79"}
{"@timestamp": "2026-02-09T16:02:46.083325+00:00", "service": "dummy-backend", "level": "INFO", "route": "/checkout", "status": 200, "latency_ms": 292, "user_id": "u085", "msg": "ok", "trace_id": "f1c12dfc119d03bb"}
{"@timestamp": "2026-02-09T16:02:46.586838+00:00", "service": "dummy-backend", "level": "INFO", "route": "/checkout", "status": 200, "latency_ms": 755, "user_id": "u103", "msg": "ok", "trace_id": "8a3b9fafac56e775"}
{"@timestamp": "2026-02-09T16:02:47.092505+00:00", "service": "dummy-backend", "level": "INFO", "route": "/logout", "status": 200, "latency_ms": 1120, "user_id": "u157", "msg": "ok", "trace_id": "4af8752d900697b9"}
{"@timestamp": "2026-02-09T16:02:47.598088+00:00", "service": "dummy-backend", "level": "INFO", "route": "/login", "status": 200, "latency_ms": 1002, "user_id": "u039", "msg": "ok", "trace_id": "547e768f1dd88012"}
{"@timestamp": "2026-02-09T16:02:48.103740+00:00", "service": "dummy-backend", "level": "INFO", "route": "/profile", "status": 200, "latency_ms": 22, "user_id": "u107", "msg": "ok", "trace_id": "2edbc5ecea2986a6"}
{"@timestamp": "2026-02-09T16:02:48.607561+00:00", "service": "dummy-backend", "level": "INFO", "route": "/logout", "status": 200, "latency_ms": 170, "user_id": "u120", "msg": "ok", "trace_id": "49f920265dd46a0b"}
{"@timestamp": "2026-02-09T16:02:49.112390+00:00", "service": "dummy-backend", "level": "INFO", "route": "/checkout", "status": 200, "latency_ms": 962, "user_id": "u045", "msg": "ok", "trace_id": "675905df48a81dd1"}
{"@timestamp": "2026-02-09T16:02:49.618745+00:00", "service": "dummy-backend", "level": "INFO", "route": "/profile", "status": 200, "latency_ms": 196, "user_id": "u025", "msg": "ok", "trace_id": "f5d65c5e457c3c26"}
{"@timestamp": "2026-02-09T16:02:50.122340+00:00", "service": "dummy-backend", "level": "INFO", "route": "/checkout", "status": 200, "latency_ms": 822, "user_id": "u017", "msg": "ok", "trace_id": "e6fb696d47a58d80"}
{"@timestamp": "2026-02-09T16:02:50.627244+00:00", "service": "dummy-backend", "level": "INFO", "route": "/search", "status": 200, "latency_ms": 363, "user_id": "u013", "msg": "ok", "trace_id": "3d99f23f9303c534"}
{"@timestamp": "2026-02-09T16:02:51.131860+00:00", "service": "dummy-backend", "level": "INFO", "route": "/checkout", "status": 200, "latency_ms": 265, "user_id": "u113", "msg": "ok", "trace_id": "cd51577f1e853115"}
{"@timestamp": "2026-02-09T16:02:51.637324+00:00", "service": "dummy-backend", "level": "INFO", "route": "/logout", "status": 200, "latency_ms": 395, "user_id": "u062", "msg": "ok", "trace_id": "8195555ee039261a"}
{"@timestamp": "2026-02-09T16:02:52.141720+00:00", "service": "dummy-backend", "level": "INFO", "route": "/profile", "status": 200, "latency_ms": 195, "user_id": "u064", "msg": "ok", "trace_id": "f944b442e4832cf3"}
{"@timestamp": "2026-02-09T16:02:52.648172+00:00", "service": "dummy-backend", "level": "INFO", "route": "/login", "status": 200, "latency_ms": 256, "user_id": "u097", "msg": "ok", "trace_id": "69554f99fa39e653"}
{"@timestamp": "2026-02-09T16:02:53.152350+00:00", "service": "dummy-backend", "level": "INFO", "route": "/logout", "status": 200, "latency_ms": 254, "user_id": "u030", "msg": "ok", "trace_id": "c48e62be5a049227"}
{"@timestamp": "2026-02-09T16:02:53.659829+00:00", "service": "dummy-backend", "level": "INFO", "route": "/login", "status": 200, "latency_ms": 513, "user_id": "u048", "msg": "ok", "trace_id": "6fb0345bd0fb948f"}
{"@timestamp": "2026-02-09T16:02:54.165417+00:00", "service": "dummy-backend", "level": "INFO", "route": "/logout", "status": 200, "latency_ms": 503, "user_id": "u086", "msg": "ok", "trace_id": "1bdde969c259094b"}
{"@timestamp": "2026-02-09T16:02:54.669505+00:00", "service": "dummy-backend", "level": "INFO", "route": "/search", "status": 200, "latency_ms": 605, "user_id": "u128", "msg": "ok", "trace_id": "c0e95dbe82c05c83"}
{"@timestamp": "2026-02-09T16:02:55.164344+00:00", "service": "dummy-backend", "level": "INFO", "route": "/logout", "status": 200, "latency_ms": 662, "user_id": "u095", "msg": "ok", "trace_id": "d0e42e0ec7e1f54d"}
{"@timestamp": "2026-02-09T16:02:55.669239+00:00", "service": "dummy-backend", "level": "WARN", "route": "/search", "status": 200, "latency_ms": 795, "user_id": "u075", "msg": "ok", "trace_id": "7eac84994db775d5"}
{"@timestamp": "2026-02-09T16:02:56.173986+00:00", "service": "dummy-backend", "level": "INFO", "route": "/logout", "status": 200, "latency_ms": 406, "user_id": "u191", "msg": "ok", "trace_id": "2abe4bf7a3b15b9d"}
{"@timestamp": "2026-02-09T16:02:56.677880+00:00", "service": "dummy-backend", "level": "ERROR", "route": "/search", "status": 200, "latency_ms": 402, "user_id": "u015", "msg": "ok", "trace_id": "96382ec05e88bb4d"}
{"@timestamp": "2026-02-09T16:02:57.182988+00:00", "service": "dummy-backend", "level": "INFO", "route": "/profile", "status": 200, "latency_ms": 188, "user_id": "u071", "msg": "ok", "trace_id": "848f170693e3f422"}
{"@timestamp": "2026-02-09T16:02:57.687111+00:00", "service": "dummy-backend", "level": "INFO", "route": "/logout", "status": 200, "latency_ms": 306, "user_id": "u001", "msg": "ok", "trace_id": "67d9b99ee67c7eaa"}
{"@timestamp": "2026-02-09T16:02:58.191478+00:00", "service": "dummy-backend", "level": "INFO", "route": "/logout", "status": 200, "latency_ms": 1021, "user_id": "u175", "msg": "ok", "trace_id": "ad9a23476715f145"}
{"@timestamp": "2026-02-09T16:02:58.695621+00:00", "service": "dummy-backend", "level": "INFO", "route": "/logout", "status": 200, "latency_ms": 692, "user_id": "u083", "msg": "ok", "trace_id": "cd47f2efb9845a07"}
{"@timestamp": "2026-02-09T16:02:59.199125+00:00", "service": "dummy-backend", "level": "INFO", "route": "/checkout", "status": 200, "latency_ms": 970, "user_id": "u061", "msg": "ok", "trace_id": "6fe44489410d8a36"}
{"@timestamp": "2026-02-09T16:02:59.702827+00:00", "service": "dummy-backend", "level": "WARN", "route": "/logout", "status": 200, "latency_ms": 806, "user_id": "u139", "msg": "ok", "trace_id": "f8007ab64be1c4f5"}
{"@timestamp": "2026-02-09T16:03:00.206982+00:00", "service": "dummy-backend", "level": "INFO", "route": "/logout", "status": 200, "latency_ms": 639, "user_id": "u096", "msg": "ok", "trace_id": "48553ca13570de40"}
{"@timestamp": "2026-02-09T16:03:00.711013+00:00", "service": "dummy-backend", "level": "INFO", "route": "/search", "status": 200, "latency_ms": 441, "user_id": "u014", "msg": "ok", "trace_id": "39fd2e39f60881b3"}
{"@timestamp": "2026-02-09T16:03:01.216717+00:00", "service": "dummy-backend", "level": "ERROR", "route": "/login", "status": 401, "latency_ms": 893, "user_id": "u166", "msg": "token_expired", "trace_id": "8d1b030ff9e48e18"}
{"@timestamp": "2026-02-09T16:03:01.722448+00:00", "service": "dummy-backend", "level": "WARN", "route": "/logout", "status": 200, "latency_ms": 423, "user_id": "u102", "msg": "ok", "trace_id": "5c7d7f86dc3c710b"}
{"@timestamp": "2026-02-09T16:03:02.227913+00:00", "service": "dummy-backend", "level": "INFO", "route": "/profile", "status": 200, "latency_ms": 1014, "user_id": "u151", "msg": "ok", "trace_id": "1932e9ba4e21e2be"}
{"@timestamp": "2026-02-09T16:03:02.732561+00:00", "service": "dummy-backend", "level": "INFO", "route": "/logout", "status": 200, "latency_ms": 559, "user_id": "u092", "msg": "ok", "trace_id": "e0dea96f0feb0edd"}
{"@timestamp": "2026-02-09T16:03:03.237525+00:00", "service": "dummy-backend", "level": "INFO", "route": "/checkout", "status": 200, "latency_ms": 326, "user_id": "u048", "msg": "ok", "trace_id": "e13bce4a35e7d705"}
{"@timestamp": "2026-02-09T16:03:03.746463+00:00", "service": "dummy-backend", "level": "INFO", "route": "/logout", "status": 200, "latency_ms": 204, "user_id": "u026", "msg": "ok", "trace_id": "031a3bfdafdd6dd8"}
{"@timestamp": "2026-02-09T16:03:04.250676+00:00", "service": "dummy-backend", "level": "INFO", "route": "/logout", "status": 200, "latency_ms": 261, "user_id": "u097", "msg": "ok", "trace_id": "f295aa6e6665334a"}
{"@timestamp": "2026-02-09T16:03:04.754378+00:00", "service": "dummy-backend", "level": "INFO", "route": "/checkout", "status": 200, "latency_ms": 475, "user_id": "u013", "msg": "ok", "trace_id": "b4d1e330f72d943f"}
{"@timestamp": "2026-02-09T16:03:05.259559+00:00", "service": "dummy-backend", "level": "INFO", "route": "/logout", "status": 200, "latency_ms": 530, "user_id": "u113", "msg": "ok", "trace_id": "b24870191f3fc1d3"}
{"@timestamp": "2026-02-09T16:03:05.764224+00:00", "service": "dummy-backend", "level": "INFO", "route": "/profile", "status": 200, "latency_ms": 1049, "user_id": "u051", "msg": "ok", "trace_id": "1295af6899ea9e86"}
{"@timestamp": "2026-02-09T16:03:06.269884+00:00", "service": "dummy-backend", "level": "INFO", "route": "/search", "status": 200, "latency_ms": 722, "user_id": "u178", "msg": "ok", "trace_id": "372739eb9d506929"}
{"@timestamp": "2026-02-09T16:03:06.775670+00:00", "service": "dummy-backend", "level": "INFO", "route": "/logout", "status": 200, "latency_ms": 1149, "user_id": "u050", "msg": "ok", "trace_id": "0d66c23bb5c5a40e"}
{"@timestamp": "2026-02-09T16:03:07.279759+00:00", "service": "dummy-backend", "level": "INFO", "route": "/search", "status": 200, "latency_ms": 400, "user_id": "u191", "msg": "ok", "trace_id": "228085f460adaa8b"}
{"@timestamp": "2026-02-09T16:03:07.785395+00:00", "service": "dummy-backend", "level": "INFO", "route": "/checkout", "status": 200, "latency_ms": 31, "user_id": "u048", "msg": "ok", "trace_id": "d3d2ef6ae6cd4af6"}
{"@timestamp": "2026-02-09T16:03:08.290019+00:00", "service": "dummy-backend", "level": "INFO", "route": "/login", "status": 200, "latency_ms": 314, "user_id": "u054", "msg": "ok", "trace_id": "3153969a784e153b"}
{"@timestamp": "2026-02-09T16:03:08.794684+00:00", "service": "dummy-backend", "level": "INFO", "route": "/logout", "status": 200, "latency_ms": 337, "user_id": "u069", "msg": "ok", "trace_id": "a9cc1299c6e4aca8"}
{"@timestamp": "2026-02-09T16:03:09.298956+00:00", "service": "dummy-backend", "level": "INFO", "route": "/login", "status": 200, "latency_ms": 676, "user_id": "u006", "msg": "ok", "trace_id": "d71dba77502c55e4"}
{"@timestamp": "2026-02-09T16:03:09.802997+00:00", "service": "dummy-backend", "level": "WARN", "route": "/search", "status": 200, "latency_ms": 210, "user_id": "u047", "msg": "ok", "trace_id": "e1171b064825719e"}
{"@timestamp": "2026-02-09T16:03:10.310518+00:00", "service": "dummy-backend", "level": "ERROR", "route": "/login", "status": 500, "latency_ms": 604, "user_id": "u152", "msg": "token_expired", "trace_id": "6e466bd70e95b58e"}
{"@timestamp": "2026-02-09T16:03:10.815067+00:00", "service": "dummy-backend", "level": "INFO", "route": "/checkout", "status": 200, "latency_ms": 171, "user_id": "u091", "msg": "ok", "trace_id": "61113584288b306d"}
{"@timestamp": "2026-02-09T16:03:11.319724+00:00", "service": "dummy-backend", "level": "INFO", "route": "/logout", "status": 200, "latency_ms": 932, "user_id": "u068", "msg": "ok", "trace_id": "59c54b6838bcf263"}
{"@timestamp": "2026-02-09T16:03:11.825389+00:00", "service": "dummy-backend", "level": "INFO", "route": "/search", "status": 200, "latency_ms": 56, "user_id": "u011", "msg": "ok", "trace_id": "2e732a7dc232ce51"}
{"@timestamp": "2026-02-09T16:03:12.329420+00:00", "service": "dummy-backend", "level": "INFO", "route": "/search", "status": 200, "latency_ms": 727, "user_id": "u098", "msg": "ok", "trace_id": "e575400ec5131509"}
{"@timestamp": "2026-02-09T16:03:12.835076+00:00", "service": "dummy-backend", "level": "ERROR", "route": "/logout", "status": 200, "latency_ms": 1122, "user_id": "u139", "msg": "ok", "trace_id": "735e58ab66960d46"}
{"@timestamp": "2026-02-09T16:03:13.340038+00:00", "service": "dummy-backend", "level": "INFO", "route": "/login", "status": 200, "latency_ms": 114, "user_id": "u027", "msg": "ok", "trace_id": "02d99c5dae890602"}
{"@timestamp": "2026-02-09T16:03:13.844026+00:00", "service": "dummy-backend", "level": "INFO", "route": "/profile", "status": 200, "latency_ms": 588, "user_id": "u007", "msg": "ok", "trace_id": "9e26ee9e57824c6e"}
{"@timestamp": "2026-02-09T16:03:14.348588+00:00", "service": "dummy-backend", "level": "INFO", "route": "/login", "status": 200, "latency_ms": 335, "user_id": "u158", "msg": "ok", "trace_id": "35ef65b4e3ee301c"}
{"@timestamp": "2026-02-09T16:03:14.853716+00:00", "service": "dummy-backend", "level": "INFO", "route": "/profile", "status": 200, "latency_ms": 27, "user_id": "u107", "msg": "ok", "trace_id": "fe48295f0f48ff05"}
{"@timestamp": "2026-02-09T16:03:15.358152+00:00", "service": "dummy-backend", "level": "INFO", "route": "/logout", "status": 200, "latency_ms": 704, "user_id": "u151", "msg": "ok", "trace_id": "9391838c267a4ef4"}
{"@timestamp": "2026-02-09T16:03:15.862102+00:00", "service": "dummy-backend", "level": "INFO", "route": "/login", "status": 200, "latency_ms": 684, "user_id": "u008", "msg": "ok", "trace_id": "cdeede47fcb1582c"}
{"@timestamp": "2026-02-09T16:03:16.365859+00:00", "service": "dummy-backend", "level": "INFO", "route": "/profile", "status": 200, "latency_ms": 473, "user_id": "u193", "msg": "ok", "trace_id": "cacba36426bde5cb"}
{"@timestamp": "2026-02-09T16:03:16.870235+00:00", "service": "dummy-backend", "level": "INFO", "route": "/login", "status": 200, "latency_ms": 1197, "user_id": "u158", "msg": "ok", "trace_id": "a7749bcd82f13fb4"}
{"@timestamp": "2026-02-09T16:03:17.374685+00:00", "service": "dummy-backend", "level": "ERROR", "route": "/profile", "status": 200, "latency_ms": 315, "user_id": "u189", "msg": "ok", "trace_id": "bcd3561e758497a2"}
{"@timestamp": "2026-02-09T16:03:17.878248+00:00", "service": "dummy-backend", "level": "INFO", "route": "/logout", "status": 200, "latency_ms": 205, "user_id": "u136", "msg": "ok", "trace_id": "13d9d49fa73a7b9c"}
{"@timestamp": "2026-02-09T16:03:18.382407+00:00", "service": "dummy-backend", "level": "WARN", "route": "/logout", "status": 200, "latency_ms": 1191, "user_id": "u131", "msg": "ok", "trace_id": "aad034f3df4afe2e"}
{"@timestamp": "2026-02-09T16:03:18.886442+00:00", "service": "dummy-backend", "level": "INFO", "route": "/checkout", "status": 200, "latency_ms": 938, "user_id": "u158", "msg": "ok", "trace_id": "9d1e93b0b58e02cf"}
{"@timestamp": "2026-02-09T16:03:19.391655+00:00", "service": "dummy-backend", "level": "INFO", "route": "/login", "status": 200, "latency_ms": 652, "user_id": "u133", "msg": "ok", "trace_id": "7bf7bb17fcae37b2"}
{"@timestamp": "2026-02-09T16:03:19.895816+00:00", "service": "dummy-backend", "level": "INFO", "route": "/logout", "status": 200, "latency_ms": 880, "user_id": "u163", "msg": "ok", "trace_id": "547e01ddb4a04afa"}
{"@timestamp": "2026-02-09T16:03:20.399290+00:00", "service": "dummy-backend", "level": "INFO", "route": "/search", "status": 200, "latency_ms": 339, "user_id": "u023", "msg": "ok", "trace_id": "946f3b8782e3eb8d"}
{"@timestamp": "2026-02-09T16:03:20.903446+00:00", "service": "dummy-backend", "level": "INFO", "route": "/search", "status": 200, "latency_ms": 288, "user_id": "u038", "msg": "ok", "trace_id": "15271fc096e083d4"}
{"@timestamp": "2026-02-09T16:03:21.407704+00:00", "service": "dummy-backend", "level": "WARN", "route": "/search", "status": 200, "latency_ms": 653, "user_id": "u010", "msg": "ok", "trace_id": "105b8432bfc40ff5"}
{"@timestamp": "2026-02-09T16:03:21.911611+00:00", "service": "dummy-backend", "level": "INFO", "route": "/search", "status": 200, "latency_ms": 590, "user_id": "u116", "msg": "ok", "trace_id": "bb987ffe25950a18"}
{"@timestamp": "2026-02-09T16:03:22.416263+00:00", "service": "dummy-backend", "level": "WARN", "route": "/search", "status": 200, "latency_ms": 1021, "user_id": "u108", "msg": "ok", "trace_id": "224f7a9b55842bef"}
{"@timestamp": "2026-02-09T16:03:22.920723+00:00", "service": "dummy-backend", "level": "INFO", "route": "/search", "status": 200, "latency_ms": 625, "user_id": "u007", "msg": "ok", "trace_id": "a463c1756f11a091"}
{"@timestamp": "2026-02-09T16:03:23.425226+00:00", "service": "dummy-backend", "level": "INFO", "route": "/checkout", "status": 200, "latency_ms": 797, "user_id": "u190", "msg": "ok", "trace_id": "e70cfba3b2eb099f"}
{"@timestamp": "2026-02-09T16:03:23.931046+00:00", "service": "dummy-backend", "level": "INFO", "route": "/search", "status": 200, "latency_ms": 43, "user_id": "u196", "msg": "ok", "trace_id": "a7662af955f7060d"}
{"@timestamp": "2026-02-09T16:03:24.436219+00:00", "service": "dummy-backend", "level": "INFO", "route": "/profile", "status": 200, "latency_ms": 85, "user_id": "u178", "msg": "ok", "trace_id": "fb8eab6f21ee13a4"}
{"@timestamp": "2026-02-09T16:03:24.932069+00:00", "service": "dummy-backend", "level": "INFO", "route": "/profile", "status": 200, "latency_ms": 678, "user_id": "u198", "msg": "ok", "trace_id": "8517c67d474a6f6e"}
{"@timestamp": "2026-02-09T16:03:25.435979+00:00", "service": "dummy-backend", "level": "INFO", "route": "/checkout", "status": 200, "latency_ms": 1160, "user_id": "u117", "msg": "ok", "trace_id": "e8da329ff1ed1760"}
{"@timestamp": "2026-02-09T16:03:25.939885+00:00", "service": "dummy-backend", "level": "ERROR", "route": "/checkout", "status": 422, "latency_ms": 991, "user_id": "u183", "msg": "gateway_error", "trace_id": "dc5691062a89d1c6"}
{"@timestamp": "2026-02-09T16:03:26.445560+00:00", "service": "dummy-backend", "level": "WARN", "route": "/checkout", "status": 500, "latency_ms": 615, "user_id": "u172", "msg": "gateway_error", "trace_id": "2110888098d324b1"}
{"@timestamp": "2026-02-09T16:03:26.950673+00:00", "service": "dummy-backend", "level": "INFO", "route": "/checkout", "status": 200, "latency_ms": 319, "user_id": "u165", "msg": "ok", "trace_id": "f96f0453a919d33f"}
{"@timestamp": "2026-02-09T16:03:27.455031+00:00", "service": "dummy-backend", "level": "INFO", "route": "/checkout", "status": 200, "latency_ms": 994, "user_id": "u020", "msg": "ok", "trace_id": "15f396130d0b362a"}
{"@timestamp": "2026-02-09T16:03:27.959053+00:00", "service": "dummy-backend", "level": "INFO", "route": "/login", "status": 200, "latency_ms": 143, "user_id": "u078", "msg": "ok", "trace_id": "cc15b55f7e60bf5b"}
{"@timestamp": "2026-02-09T16:03:28.463784+00:00", "service": "dummy-backend", "level": "INFO", "route": "/profile", "status": 200, "latency_ms": 448, "user_id": "u112", "msg": "ok", "trace_id": "401e6ddc9cd915ed"}
{"@timestamp": "2026-02-09T16:03:28.969225+00:00", "service": "dummy-backend", "level": "INFO", "route": "/profile", "status": 200, "latency_ms": 959, "user_id": "u150", "msg": "ok", "trace_id": "42ea301df5730405"}
{"@timestamp": "2026-02-09T16:03:29.473175+00:00", "service": "dummy-backend", "level": "INFO", "route": "/login", "status": 200, "latency_ms": 533, "user_id": "u097", "msg": "ok", "trace_id": "93281041d3e54ab5"}
{"@timestamp": "2026-02-09T16:03:29.977971+00:00", "service": "dummy-backend", "level": "INFO", "route": "/logout", "status": 200, "latency_ms": 17, "user_id": "u141", "msg": "ok", "trace_id": "0464ab04c9c58379"}
{"@timestamp": "2026-02-09T16:03:30.482776+00:00", "service": "dummy-backend", "level": "INFO", "route": "/login", "status": 200, "latency_ms": 717, "user_id": "u063", "msg": "ok", "trace_id": "bcb7411ae37012ce"}
{"@timestamp": "2026-02-09T16:03:30.987807+00:00", "service": "dummy-backend", "level": "WARN", "route": "/checkout", "status": 409, "latency_ms": 206, "user_id": "u089", "msg": "gateway_error", "trace_id": "a35c3260b0fa7796"}
{"@timestamp": "2026-02-09T16:03:31.493503+00:00", "service": "dummy-backend", "level": "INFO", "route": "/checkout", "status": 200, "latency_ms": 1110, "user_id": "u016", "msg": "ok", "trace_id": "5edc3b0ac66e9593"}
{"@timestamp": "2026-02-09T16:03:31.997311+00:00", "service": "dummy-backend", "level": "INFO", "route": "/login", "status": 200, "latency_ms": 498, "user_id": "u198", "msg": "ok", "trace_id": "d24ead45301a8b82"}
{"@timestamp": "2026-02-09T16:03:32.501417+00:00", "service": "dummy-backend", "level": "ERROR", "route": "/login", "status": 403, "latency_ms": 703, "user_id": "u127", "msg": "db_timeout", "trace_id": "6c8ddbb448ecf058"}
{"@timestamp": "2026-02-09T16:03:33.005369+00:00", "service": "dummy-backend", "level": "WARN", "route": "/logout", "status": 200, "latency_ms": 1047, "user_id": "u198", "msg": "ok", "trace_id": "b97e6971045c5151"}
{"@timestamp": "2026-02-09T16:03:33.516544+00:00", "service": "dummy-backend", "level": "INFO", "route": "/login", "status": 200, "latency_ms": 336, "user_id": "u131", "msg": "ok", "trace_id": "79ca9dc9e6f893c3"}
{"@timestamp": "2026-02-09T16:03:34.021828+00:00", "service": "dummy-backend", "level": "INFO", "route": "/profile", "status": 200, "latency_ms": 723, "user_id": "u082", "msg": "ok", "trace_id": "ff127da34ec9fe3d"}
{"@timestamp": "2026-02-09T16:03:34.526516+00:00", "service": "dummy-backend", "level": "INFO", "route": "/login", "status": 200, "latency_ms": 32, "user_id": "u033", "msg": "ok", "trace_id": "3204328b402df3dd"}
{"@timestamp": "2026-02-09T16:03:35.030569+00:00", "service": "dummy-backend", "level": "INFO", "route": "/checkout", "status": 200, "latency_ms": 868, "user_id": "u111", "msg": "ok", "trace_id": "3c9c8e14a5b48365"}
{"@timestamp": "2026-02-09T16:03:35.534932+00:00", "service": "dummy-backend", "level": "INFO", "route": "/checkout", "status": 200, "latency_ms": 761, "user_id": "u138", "msg": "ok", "trace_id": "fd5d6e09fca626cc"}
{"@timestamp": "2026-02-09T16:03:36.040381+00:00", "service": "dummy-backend", "level": "INFO", "route": "/profile", "status": 200, "latency_ms": 919, "user_id": "u109", "msg": "ok", "trace_id": "962cb301c4d16649"}
{"@timestamp": "2026-02-09T16:03:36.544533+00:00", "service": "dummy-backend", "level": "INFO", "route": "/profile", "status": 200, "latency_ms": 1062, "user_id": "u189", "msg": "ok", "trace_id": "edff6f191bb49c26"}
{"@timestamp": "2026-02-09T16:03:37.048836+00:00", "service": "dummy-backend", "level": "INFO", "route": "/checkout", "status": 200, "latency_ms": 392, "user_id": "u143", "msg": "ok", "trace_id": "39293d9a68926f0d"}
{"@timestamp": "2026-02-09T16:03:37.553326+00:00", "service": "dummy-backend", "level": "INFO", "route": "/logout", "status": 200, "latency_ms": 46, "user_id": "u161", "msg": "ok", "trace_id": "af260bef2a055e9e"}
{"@timestamp": "2026-02-09T16:03:38.057956+00:00", "service": "dummy-backend", "level": "INFO", "route": "/logout", "status": 200, "latency_ms": 237, "user_id": "u118", "msg": "ok", "trace_id": "05d141847da2bdbe"}
{"@timestamp": "2026-02-09T16:03:38.562788+00:00", "service": "dummy-backend", "level": "INFO", "route": "/checkout", "status": 200, "latency_ms": 840, "user_id": "u019", "msg": "ok", "trace_id": "f53ae3ce95598585"}
{"@timestamp": "2026-02-09T16:03:39.067047+00:00", "service": "dummy-backend", "level": "INFO", "route": "/checkout", "status": 200, "latency_ms": 93, "user_id": "u046", "msg": "ok", "trace_id": "e3432be823f34967"}
{"@timestamp": "2026-02-09T16:03:39.571358+00:00", "service": "dummy-backend", "level": "INFO", "route": "/search", "status": 200, "latency_ms": 592, "user_id": "u062", "msg": "ok", "trace_id": "9bf14d38cae20ccf"}
{"@timestamp": "2026-02-09T16:03:40.077022+00:00", "service": "dummy-backend", "level": "INFO", "route": "/search", "status": 200, "latency_ms": 221, "user_id": "u068", "msg": "ok", "trace_id": "14409f4beb538652"}
{"@timestamp": "2026-02-09T16:03:40.580464+00:00", "service": "dummy-backend", "level": "INFO", "route": "/search", "status": 200, "latency_ms": 743, "user_id": "u077", "msg": "ok", "trace_id": "dcfe066ffaf0ace9"}
{"@timestamp": "2026-02-09T16:03:41.084032+00:00", "service": "dummy-backend", "level": "INFO", "route": "/search", "status": 200, "latency_ms": 886, "user_id": "u174", "msg": "ok", "trace_id": "220f74d19cb21331"}
{"@timestamp": "2026-02-09T16:03:41.588446+00:00", "service": "dummy-backend", "level": "INFO", "route": "/login", "status": 200, "latency_ms": 718, "user_id": "u045", "msg": "ok", "trace_id": "fd42521b2e2272f8"}
{"@timestamp": "2026-02-09T16:03:42.094787+00:00", "service": "dummy-backend", "level": "INFO", "route": "/logout", "status": 200, "latency_ms": 1017, "user_id": "u057", "msg": "ok", "trace_id": "717e1ada1b8c9775"}
{"@timestamp": "2026-02-09T16:03:42.598699+00:00", "service": "dummy-backend", "level": "ERROR", "route": "/profile", "status": 200, "latency_ms": 63, "user_id": "u036", "msg": "ok", "trace_id": "301ea8e3a11b5d72"}
{"@timestamp": "2026-02-09T16:03:43.103072+00:00", "service": "dummy-backend", "level": "INFO", "route": "/login", "status": 200, "latency_ms": 598, "user_id": "u007", "msg": "ok", "trace_id": "8080381bd3d0c69c"}
{"@timestamp": "2026-02-09T16:03:43.608513+00:00", "service": "dummy-backend", "level": "INFO", "route": "/login", "status": 200, "latency_ms": 981, "user_id": "u170", "msg": "ok", "trace_id": "9baa5f007744949b"}
{"@timestamp": "2026-02-09T16:03:44.112535+00:00", "service": "dummy-backend", "level": "INFO", "route": "/profile", "status": 200, "latency_ms": 831, "user_id": "u076", "msg": "ok", "trace_id": "e91c19e2d94ae3fc"}
{"@timestamp": "2026-02-09T16:03:44.616815+00:00", "service": "dummy-backend", "level": "INFO", "route": "/checkout", "status": 200, "latency_ms": 1026, "user_id": "u084", "msg": "ok", "trace_id": "0d48a0ea9068eb34"}
{"@timestamp": "2026-02-09T16:03:45.121553+00:00", "service": "dummy-backend", "level": "INFO", "route": "/logout", "status": 200, "latency_ms": 124, "user_id": "u052", "msg": "ok", "trace_id": "f4e7b1b5f74229f4"}
{"@timestamp": "2026-02-09T16:03:45.625603+00:00", "service": "dummy-backend", "level": "INFO", "route": "/checkout", "status": 200, "latency_ms": 87, "user_id": "u056", "msg": "ok", "trace_id": "c9a405b14aca6bb5"}
{"@timestamp": "2026-02-09T16:03:46.130196+00:00", "service": "dummy-backend", "level": "INFO", "route": "/login", "status": 200, "latency_ms": 444, "user_id": "u157", "msg": "ok", "trace_id": "915bd621b9fd060d"}
{"@timestamp": "2026-02-09T16:03:46.634721+00:00", "service": "dummy-backend", "level": "INFO", "route": "/logout", "status": 200, "latency_ms": 809, "user_id": "u092", "msg": "ok", "trace_id": "6d57089c9a743de6"}
{"@timestamp": "2026-02-09T16:03:47.138435+00:00", "service": "dummy-backend", "level": "INFO", "route": "/logout", "status": 200, "latency_ms": 683, "user_id": "u182", "msg": "ok", "trace_id": "bdf31f48d99f4912"}
{"@timestamp": "2026-02-09T16:03:47.641955+00:00", "service": "dummy-backend", "level": "INFO", "route": "/profile", "status": 200, "latency_ms": 877, "user_id": "u177", "msg": "ok", "trace_id": "670d7d6538b44366"}
{"@timestamp": "2026-02-09T16:03:48.146050+00:00", "service": "dummy-backend", "level": "WARN", "route": "/login", "status": 200, "latency_ms": 766, "user_id": "u099", "msg": "ok", "trace_id": "84cf5b8216e18e50"}
{"@timestamp": "2026-02-09T16:03:48.651613+00:00", "service": "dummy-backend", "level": "INFO", "route": "/login", "status": 200, "latency_ms": 230, "user_id": "u093", "msg": "ok", "trace_id": "c55d29b3c1153085"}
{"@timestamp": "2026-02-09T16:03:49.157825+00:00", "service": "dummy-backend", "level": "WARN", "route": "/search", "status": 200, "latency_ms": 260, "user_id": "u065", "msg": "ok", "trace_id": "d6f021b62639c935"}
{"@timestamp": "2026-02-09T16:03:49.663252+00:00", "service": "dummy-backend", "level": "WARN", "route": "/logout", "status": 200, "latency_ms": 340, "user_id": "u020", "msg": "ok", "trace_id": "27bbd9a3fa1f7e70"}
{"@timestamp": "2026-02-09T16:03:50.168242+00:00", "service": "dummy-backend", "level": "INFO", "route": "/profile", "status": 200, "latency_ms": 32, "user_id": "u137", "msg": "ok", "trace_id": "2ed9e4bfb85a464c"}
{"@timestamp": "2026-02-09T16:03:50.672341+00:00", "service": "dummy-backend", "level": "INFO", "route": "/search", "status": 200, "latency_ms": 799, "user_id": "u070", "msg": "ok", "trace_id": "efd214a4783d6d16"}
{"@timestamp": "2026-02-09T16:03:51.176650+00:00", "service": "dummy-backend", "level": "INFO", "route": "/profile", "status": 200, "latency_ms": 993, "user_id": "u006", "msg": "ok", "trace_id": "8391ce6c3e040520"}
{"@timestamp": "2026-02-09T16:03:51.681135+00:00", "service": "dummy-backend", "level": "INFO", "route": "/login", "status": 200, "latency_ms": 477, "user_id": "u080", "msg": "ok", "trace_id": "bb17f888395e30c0"}
{"@timestamp": "2026-02-09T16:03:52.185208+00:00", "service": "dummy-backend", "level": "ERROR", "route": "/checkout", "status": 500, "latency_ms": 661, "user_id": "u027", "msg": "payment_retry", "trace_id": "251ce1db3a522491"}
{"@timestamp": "2026-02-09T16:03:52.689253+00:00", "service": "dummy-backend", "level": "INFO", "route": "/checkout", "status": 200, "latency_ms": 1039, "user_id": "u141", "msg": "ok", "trace_id": "e60b683d5c444a88"}
{"@timestamp": "2026-02-09T16:03:53.194247+00:00", "service": "dummy-backend", "level": "INFO", "route": "/checkout", "status": 200, "latency_ms": 1003, "user_id": "u140", "msg": "ok", "trace_id": "9c21540ae7bbe6a9"}
{"@timestamp": "2026-02-09T16:03:53.698614+00:00", "service": "dummy-backend", "level": "INFO", "route": "/checkout", "status": 200, "latency_ms": 929, "user_id": "u140", "msg": "ok", "trace_id": "68e56321651eff0d"}
{"@timestamp": "2026-02-09T16:03:54.202943+00:00", "service": "dummy-backend", "level": "INFO", "route": "/logout", "status": 200, "latency_ms": 1192, "user_id": "u159", "msg": "ok", "trace_id": "08790b74066a9dd6"}
{"@timestamp": "2026-02-09T16:03:54.707369+00:00", "service": "dummy-backend", "level": "INFO", "route": "/checkout", "status": 200, "latency_ms": 728, "user_id": "u165", "msg": "ok", "trace_id": "f5566f09b74c3a96"}
{"@timestamp": "2026-02-09T16:03:55.202988+00:00", "service": "dummy-backend", "level": "INFO", "route": "/profile", "status": 200, "latency_ms": 796, "user_id": "u027", "msg": "ok", "trace_id": "3ce13e22425e1f05"}
{"@timestamp": "2026-02-09T16:03:55.708123+00:00", "service": "dummy-backend", "level": "INFO", "route": "/search", "status": 200, "latency_ms": 192, "user_id": "u033", "msg": "ok", "trace_id": "b7b04c283cbff017"}
{"@timestamp": "2026-02-09T16:03:56.213267+00:00", "service": "dummy-backend", "level": "INFO", "route": "/search", "status": 200, "latency_ms": 195, "user_id": "u176", "msg": "ok", "trace_id": "ec3522afe973b62a"}
{"@timestamp": "2026-02-09T16:03:56.721887+00:00", "service": "dummy-backend", "level": "INFO", "route": "/checkout", "status": 200, "latency_ms": 1008, "user_id": "u102", "msg": "ok", "trace_id": "87eed33c9b50cd1f"}
{"@timestamp": "2026-02-09T16:03:57.227132+00:00", "service": "dummy-backend", "level": "INFO", "route": "/login", "status": 200, "latency_ms": 924, "user_id": "u130", "msg": "ok", "trace_id": "62c10b5709dc8d90"}
{"@timestamp": "2026-02-09T16:03:57.731632+00:00", "service": "dummy-backend", "level": "INFO", "route": "/profile", "status": 200, "latency_ms": 413, "user_id": "u079", "msg": "ok", "trace_id": "6c721d73c3bc046e"}
{"@timestamp": "2026-02-09T16:03:58.236253+00:00", "service": "dummy-backend", "level": "INFO", "route": "/search", "status": 200, "latency_ms": 1151, "user_id": "u073", "msg": "ok", "trace_id": "4a9992e6c0153c1b"}
{"@timestamp": "2026-02-09T16:03:58.740678+00:00", "service": "dummy-backend", "level": "INFO", "route": "/checkout", "status": 200, "latency_ms": 336, "user_id": "u037", "msg": "ok", "trace_id": "235f2bca927a4169"}
{"@timestamp": "2026-02-09T16:03:59.245233+00:00", "service": "dummy-backend", "level": "INFO", "route": "/search", "status": 200, "latency_ms": 893, "user_id": "u143", "msg": "ok", "trace_id": "c88b15ba13f034b1"}
{"@timestamp": "2026-02-09T16:03:59.750023+00:00", "service": "dummy-backend", "level": "INFO", "route": "/login", "status": 200, "latency_ms": 354, "user_id": "u166", "msg": "ok", "trace_id": "b897e36503410f8c"}
{"@timestamp": "2026-02-09T16:04:00.254216+00:00", "service": "dummy-backend", "level": "INFO", "route": "/login", "status": 200, "latency_ms": 309, "user_id": "u070", "msg": "ok", "trace_id": "840a20e9fbc914e2"}
{"@timestamp": "2026-02-09T16:04:00.758810+00:00", "service": "dummy-backend", "level": "INFO", "route": "/profile", "status": 200, "latency_ms": 428, "user_id": "u004", "msg": "ok", "trace_id": "5f6de57b94ccbf1a"}
{"@timestamp": "2026-02-09T16:04:01.262826+00:00", "service": "dummy-backend", "level": "INFO", "route": "/checkout", "status": 200, "latency_ms": 690, "user_id": "u002", "msg": "ok", "trace_id": "95e29eb278abaafe"}
{"@timestamp": "2026-02-09T16:04:01.766691+00:00", "service": "dummy-backend", "level": "ERROR", "route": "/search", "status": 200, "latency_ms": 444, "user_id": "u081", "msg": "ok", "trace_id": "73e812558a4acbb2"}
{"@timestamp": "2026-02-09T16:04:02.271236+00:00", "service": "dummy-backend", "level": "WARN", "route": "/search", "status": 200, "latency_ms": 559, "user_id": "u069", "msg": "ok", "trace_id": "8bb186eb96be3fd4"}
{"@timestamp": "2026-02-09T16:04:02.775638+00:00", "service": "dummy-backend", "level": "INFO", "route": "/login", "status": 200, "latency_ms": 527, "user_id": "u124", "msg": "ok", "trace_id": "50c4111aae74ef99"}
{"@timestamp": "2026-02-09T16:04:03.280690+00:00", "service": "dummy-backend", "level": "INFO", "route": "/search", "status": 200, "latency_ms": 400, "user_id": "u102", "msg": "ok", "trace_id": "64b217ddca2f40db"}
{"@timestamp": "2026-02-09T16:04:03.784348+00:00", "service": "dummy-backend", "level": "INFO", "route": "/profile", "status": 200, "latency_ms": 820, "user_id": "u199", "msg": "ok", "trace_id": "ebcdac62a3213a2e"}
{"@timestamp": "2026-02-09T16:04:04.288613+00:00", "service": "dummy-backend", "level": "INFO", "route": "/profile", "status": 200, "latency_ms": 907, "user_id": "u034", "msg": "ok", "trace_id": "4fe9e25e1f062928"}
{"@timestamp": "2026-02-09T16:04:04.793514+00:00", "service": "dummy-backend", "level": "INFO", "route": "/logout", "status": 200, "latency_ms": 874, "user_id": "u180", "msg": "ok", "trace_id": "ad13e4d847b72e09"}
{"@timestamp": "2026-02-09T16:04:05.305025+00:00", "service": "dummy-backend", "level": "INFO", "route": "/profile", "status": 200, "latency_ms": 127, "user_id": "u105", "msg": "ok", "trace_id": "81ea70fb25a54197"}
{"@timestamp": "2026-02-09T16:04:05.810155+00:00", "service": "dummy-backend", "level": "INFO", "route": "/search", "status": 200, "latency_ms": 815, "user_id": "u028", "msg": "ok", "trace_id": "7d08fb3e9103abfe"}
{"@timestamp": "2026-02-09T16:04:06.318108+00:00", "service": "dummy-backend", "level": "INFO", "route": "/profile", "status": 200, "latency_ms": 210, "user_id": "u098", "msg": "ok", "trace_id": "2cf7925096e04b65"}
{"@timestamp": "2026-02-09T16:04:06.823028+00:00", "service": "dummy-backend", "level": "INFO", "route": "/logout", "status": 200, "latency_ms": 946, "user_id": "u045", "msg": "ok", "trace_id": "2ac002900486f979"}
{"@timestamp": "2026-02-09T16:04:07.327754+00:00", "service": "dummy-backend", "level": "INFO", "route": "/search", "status": 200, "latency_ms": 1017, "user_id": "u095", "msg": "ok", "trace_id": "3a852f201d51c995"}
{"@timestamp": "2026-02-09T16:04:07.831888+00:00", "service": "dummy-backend", "level": "INFO", "route": "/login", "status": 200, "latency_ms": 206, "user_id": "u072", "msg": "ok", "trace_id": "b1b577dd73e9a6be"}
{"@timestamp": "2026-02-09T16:04:08.336400+00:00", "service": "dummy-backend", "level": "INFO", "route": "/login", "status": 200, "latency_ms": 534, "user_id": "u168", "msg": "ok", "trace_id": "cb8b830e449f5a22"}
{"@timestamp": "2026-02-09T16:04:08.840651+00:00", "service": "dummy-backend", "level": "WARN", "route": "/logout", "status": 200, "latency_ms": 1120, "user_id": "u026", "msg": "ok", "trace_id": "07bda9dae6172d09"}
{"@timestamp": "2026-02-09T16:04:09.344636+00:00", "service": "dummy-backend", "level": "ERROR", "route": "/profile", "status": 200, "latency_ms": 330, "user_id": "u139", "msg": "ok", "trace_id": "6e10618522b633ac"}
{"@timestamp": "2026-02-09T16:04:09.848415+00:00", "service": "dummy-backend", "level": "INFO", "route": "/logout", "status": 200, "latency_ms": 677, "user_id": "u096", "msg": "ok", "trace_id": "ef7a8cfdd60c414d"}
{"@timestamp": "2026-02-09T16:04:10.352700+00:00", "service": "dummy-backend", "level": "INFO", "route": "/login", "status": 200, "latency_ms": 585, "user_id": "u144", "msg": "ok", "trace_id": "5a4c11ba104761a1"}
{"@timestamp": "2026-02-09T16:04:10.857394+00:00", "service": "dummy-backend", "level": "INFO", "route": "/search", "status": 200, "latency_ms": 704, "user_id": "u088", "msg": "ok", "trace_id": "a8df694f90081084"}
{"@timestamp": "2026-02-09T16:04:11.361858+00:00", "service": "dummy-backend", "level": "INFO", "route": "/login", "status": 200, "latency_ms": 843, "user_id": "u195", "msg": "ok", "trace_id": "a8b553d8ebdcd775"}
{"@timestamp": "2026-02-09T16:04:11.865898+00:00", "service": "dummy-backend", "level": "INFO", "route": "/profile", "status": 200, "latency_ms": 87, "user_id": "u017", "msg": "ok", "trace_id": "e2d3216d459b2165"}
{"@timestamp": "2026-02-09T16:04:12.370017+00:00", "service": "dummy-backend", "level": "INFO", "route": "/checkout", "status": 200, "latency_ms": 1078, "user_id": "u180", "msg": "ok", "trace_id": "3623c8c1d82aca8b"}
{"@timestamp": "2026-02-09T16:04:12.874574+00:00", "service": "dummy-backend", "level": "INFO", "route": "/logout", "status": 200, "latency_ms": 269, "user_id": "u067", "msg": "ok", "trace_id": "2fdbeb0e5d61b4f0"}
{"@timestamp": "2026-02-09T16:04:13.379266+00:00", "service": "dummy-backend", "level": "INFO", "route": "/logout", "status": 200, "latency_ms": 863, "user_id": "u089", "msg": "ok", "trace_id": "9bbfc8bad7c4590d"}
{"@timestamp": "2026-02-09T16:04:13.883600+00:00", "service": "dummy-backend", "level": "WARN", "route": "/login", "status": 200, "latency_ms": 504, "user_id": "u079", "msg": "ok", "trace_id": "eb715c0541ab0693"}
{"@timestamp": "2026-02-09T16:04:14.388556+00:00", "service": "dummy-backend", "level": "WARN", "route": "/login", "status": 200, "latency_ms": 962, "user_id": "u191", "msg": "ok", "trace_id": "bcdf91aa79ca21e9"}
{"@timestamp": "2026-02-09T16:04:14.893140+00:00", "service": "dummy-backend", "level": "INFO", "route": "/search", "status": 200, "latency_ms": 16, "user_id": "u176", "msg": "ok", "trace_id": "c0212afbeac99499"}
{"@timestamp": "2026-02-09T16:04:15.397997+00:00", "service": "dummy-backend", "level": "INFO", "route": "/logout", "status": 200, "latency_ms": 484, "user_id": "u196", "msg": "ok", "trace_id": "b95c49f32a93f7e7"}
{"@timestamp": "2026-02-09T16:04:15.902642+00:00", "service": "dummy-backend", "level": "INFO", "route": "/logout", "status": 200, "latency_ms": 744, "user_id": "u155", "msg": "ok", "trace_id": "2838dfa1f3ed47fb"}
{"@timestamp": "2026-02-09T16:04:16.406929+00:00", "service": "dummy-backend", "level": "WARN", "route": "/logout", "status": 200, "latency_ms": 263, "user_id": "u185", "msg": "ok", "trace_id": "a4570d6e4695b739"}
{"@timestamp": "2026-02-09T16:04:16.911318+00:00", "service": "dummy-backend", "level": "INFO", "route": "/checkout", "status": 200, "latency_ms": 568, "user_id": "u071", "msg": "ok", "trace_id": "2d80f90fd4ba2148"}
{"@timestamp": "2026-02-09T16:04:17.415713+00:00", "service": "dummy-backend", "level": "INFO", "route": "/search", "status": 200, "latency_ms": 25, "user_id": "u099", "msg": "ok", "trace_id": "29e24d6ce34fc884"}
{"@timestamp": "2026-02-09T16:04:17.920419+00:00", "service": "dummy-backend", "level": "INFO", "route": "/logout", "status": 200, "latency_ms": 162, "user_id": "u015", "msg": "ok", "trace_id": "92676c8c685b5769"}
{"@timestamp": "2026-02-09T16:04:18.425770+00:00", "service": "dummy-backend", "level": "WARN", "route": "/profile", "status": 200, "latency_ms": 1071, "user_id": "u055", "msg": "ok", "trace_id": "30e2579aa56f595f"}
{"@timestamp": "2026-02-09T16:04:18.929511+00:00", "service": "dummy-backend", "level": "INFO", "route": "/login", "status": 200, "latency_ms": 165, "user_id": "u005", "msg": "ok", "trace_id": "b329945bb5637a92"}
{"@timestamp": "2026-02-09T16:04:19.433885+00:00", "service": "dummy-backend", "level": "INFO", "route": "/search", "status": 200, "latency_ms": 185, "user_id": "u186", "msg": "ok", "trace_id": "57983a62c16a3cf7"}
{"@timestamp": "2026-02-09T16:04:19.937435+00:00", "service": "dummy-backend", "level": "INFO", "route": "/profile", "status": 200, "latency_ms": 543, "user_id": "u080", "msg": "ok", "trace_id": "bcfbaa34df89d159"}
{"@timestamp": "2026-02-09T16:04:20.441273+00:00", "service": "dummy-backend", "level": "INFO", "route": "/login", "status": 200, "latency_ms": 1078, "user_id": "u180", "msg": "ok", "trace_id": "07fcb5adbc415270"}
{"@timestamp": "2026-02-09T16:04:20.944841+00:00", "service": "dummy-backend", "level": "INFO", "route": "/login", "status": 200, "latency_ms": 341, "user_id": "u145", "msg": "ok", "trace_id": "a041a5646135e6f1"}
{"@timestamp": "2026-02-09T16:04:21.450514+00:00", "service": "dummy-backend", "level": "INFO", "route": "/profile", "status": 200, "latency_ms": 110, "user_id": "u048", "msg": "ok", "trace_id": "4712099f1a14e71e"}
{"@timestamp": "2026-02-09T16:04:21.954924+00:00", "service": "dummy-backend", "level": "INFO", "route": "/checkout", "status": 200, "latency_ms": 992, "user_id": "u065", "msg": "ok", "trace_id": "94bb16912a9a5e79"}
{"@timestamp": "2026-02-09T16:04:22.458854+00:00", "service": "dummy-backend", "level": "INFO", "route": "/login", "status": 200, "latency_ms": 1032, "user_id": "u043", "msg": "ok", "trace_id": "4a4730229528f1ed"}
{"@timestamp": "2026-02-09T16:04:22.963102+00:00", "service": "dummy-backend", "level": "INFO", "route": "/profile", "status": 200, "latency_ms": 737, "user_id": "u088", "msg": "ok", "trace_id": "5cc8feb9f4904507"}
{"@timestamp": "2026-02-09T16:04:23.467237+00:00", "service": "dummy-backend", "level": "INFO", "route": "/search", "status": 200, "latency_ms": 1163, "user_id": "u156", "msg": "ok", "trace_id": "aaac0f4857bbed99"}
{"@timestamp": "2026-02-09T16:04:23.970723+00:00", "service": "dummy-backend", "level": "INFO", "route": "/checkout", "status": 200, "latency_ms": 782, "user_id": "u022", "msg": "ok", "trace_id": "ba07a35f49cf076e"}
{"@timestamp": "2026-02-09T16:04:24.475005+00:00", "service": "dummy-backend", "level": "INFO", "route": "/checkout", "status": 200, "latency_ms": 1120, "user_id": "u076", "msg": "ok", "trace_id": "b421a83766a5ce1d"}
{"@timestamp": "2026-02-09T16:04:24.969945+00:00", "service": "dummy-backend", "level": "INFO", "route": "/profile", "status": 200, "latency_ms": 874, "user_id": "u167", "msg": "ok", "trace_id": "3cfc372ab39c5455"}
{"@timestamp": "2026-02-09T16:04:25.474527+00:00", "service": "dummy-backend", "level": "ERROR", "route": "/login", "status": 401, "latency_ms": 367, "user_id": "u161", "msg": "invalid_password", "trace_id": "54452c5c0bce6670"}
{"@timestamp": "2026-02-09T16:04:25.978683+00:00", "service": "dummy-backend", "level": "INFO", "route": "/checkout", "status": 200, "latency_ms": 950, "user_id": "u198", "msg": "ok", "trace_id": "5c4b189741575bbf"}
{"@timestamp": "2026-02-09T16:04:26.482951+00:00", "service": "dummy-backend", "level": "INFO", "route": "/search", "status": 200, "latency_ms": 538, "user_id": "u134", "msg": "ok", "trace_id": "0652c2484810a5b3"}
{"@timestamp": "2026-02-09T16:04:26.987171+00:00", "service": "dummy-backend", "level": "INFO", "route": "/logout", "status": 200, "latency_ms": 57, "user_id": "u031", "msg": "ok", "trace_id": "d7f79e66e793f607"}
{"@timestamp": "2026-02-09T16:04:27.491721+00:00", "service": "dummy-backend", "level": "INFO", "route": "/logout", "status": 200, "latency_ms": 130, "user_id": "u110", "msg": "ok", "trace_id": "418ec58f62eac1d3"}
{"@timestamp": "2026-02-09T16:04:27.997472+00:00", "service": "dummy-backend", "level": "INFO", "route": "/logout", "status": 200, "latency_ms": 320, "user_id": "u125", "msg": "ok", "trace_id": "9dc317b4799c0bbb"}
{"@timestamp": "2026-02-09T16:04:28.501838+00:00", "service": "dummy-backend", "level": "INFO", "route": "/logout", "status": 200, "latency_ms": 1003, "user_id": "u079", "msg": "ok", "trace_id": "ec5e83ae875f5d72"}
{"@timestamp": "2026-02-09T16:04:29.007819+00:00", "service": "dummy-backend", "level": "INFO", "route": "/profile", "status": 200, "latency_ms": 129, "user_id": "u017", "msg": "ok", "trace_id": "36b3ee08c1263aa5"}
{"@timestamp": "2026-02-09T16:04:29.511932+00:00", "service": "dummy-backend", "level": "INFO", "route": "/profile", "status": 200, "latency_ms": 192, "user_id": "u188", "msg": "ok", "trace_id": "b8bdaa8518ec7307"}
{"@timestamp": "2026-02-09T16:04:30.017384+00:00", "service": "dummy-backend", "level": "INFO", "route": "/logout", "status": 200, "latency_ms": 390, "user_id": "u041", "msg": "ok", "trace_id": "6615a1cb055c3ca4"}
{"@timestamp": "2026-02-09T16:04:30.521472+00:00", "service": "dummy-backend", "level": "INFO", "route": "/search", "status": 200, "latency_ms": 1042, "user_id": "u061", "msg": "ok", "trace_id": "190ab612b9fb71e9"}
{"@timestamp": "2026-02-09T16:04:31.025889+00:00", "service": "dummy-backend", "level": "INFO", "route": "/login", "status": 200, "latency_ms": 772, "user_id": "u002", "msg": "ok", "trace_id": "3a719fbbe27d1d4b"}
{"@timestamp": "2026-02-09T16:04:31.530284+00:00", "service": "dummy-backend", "level": "INFO", "route": "/profile", "status": 200, "latency_ms": 889, "user_id": "u192", "msg": "ok", "trace_id": "7ae389e48fd8d85c"}
{"@timestamp": "2026-02-09T16:04:32.034784+00:00", "service": "dummy-backend", "level": "INFO", "route": "/profile", "status": 200, "latency_ms": 645, "user_id": "u092", "msg": "ok", "trace_id": "5acd3707c97dfce8"}
{"@timestamp": "2026-02-09T16:04:32.539441+00:00", "service": "dummy-backend", "level": "ERROR", "route": "/logout", "status": 200, "latency_ms": 261, "user_id": "u155", "msg": "ok", "trace_id": "bfb2967fbfda70ca"}
{"@timestamp": "2026-02-09T16:04:33.044413+00:00", "service": "dummy-backend", "level": "INFO", "route": "/profile", "status": 200, "latency_ms": 922, "user_id": "u142", "msg": "ok", "trace_id": "c204ffcc89dcf36f"}
{"@timestamp": "2026-02-09T16:04:33.550971+00:00", "service": "dummy-backend", "level": "INFO", "route": "/search", "status": 200, "latency_ms": 213, "user_id": "u072", "msg": "ok", "trace_id": "77c9241526e40846"}
{"@timestamp": "2026-02-09T16:04:34.055561+00:00", "service": "dummy-backend", "level": "WARN", "route": "/search", "status": 200, "latency_ms": 110, "user_id": "u010", "msg": "ok", "trace_id": "12ee0b972de31b7c"}
{"@timestamp": "2026-02-09T16:04:34.559895+00:00", "service": "dummy-backend", "level": "INFO", "route": "/checkout", "status": 200, "latency_ms": 524, "user_id": "u127", "msg": "ok", "trace_id": "a25508457f59b8df"}
{"@timestamp": "2026-02-09T16:04:35.064081+00:00", "service": "dummy-backend", "level": "INFO", "route": "/profile", "status": 200, "latency_ms": 380, "user_id": "u191", "msg": "ok", "trace_id": "74f6634ce9b45c7f"}
{"@timestamp": "2026-02-09T16:04:35.567839+00:00", "service": "dummy-backend", "level": "INFO", "route": "/profile", "status": 200, "latency_ms": 390, "user_id": "u138", "msg": "ok", "trace_id": "179316da301694ce"}
{"@timestamp": "2026-02-09T16:04:36.071933+00:00", "service": "dummy-backend", "level": "INFO", "route": "/login", "status": 200, "latency_ms": 987, "user_id": "u109", "msg": "ok", "trace_id": "62a9490d382c1cf9"}
{"@timestamp": "2026-02-09T16:04:36.575728+00:00", "service": "dummy-backend", "level": "INFO", "route": "/profile", "status": 200, "latency_ms": 382, "user_id": "u090", "msg": "ok", "trace_id": "7108b08327c68b77"}
{"@timestamp": "2026-02-09T16:04:37.079513+00:00", "service": "dummy-backend", "level": "ERROR", "route": "/logout", "status": 200, "latency_ms": 817, "user_id": "u158", "msg": "ok", "trace_id": "59c42bb2e51c7fe8"}
{"@timestamp": "2026-02-09T16:04:37.583326+00:00", "service": "dummy-backend", "level": "INFO", "route": "/search", "status": 200, "latency_ms": 51, "user_id": "u064", "msg": "ok", "trace_id": "6895064e23852216"}
{"@timestamp": "2026-02-09T16:04:38.087236+00:00", "service": "dummy-backend", "level": "INFO", "route": "/search", "status": 200, "latency_ms": 286, "user_id": "u082", "msg": "ok", "trace_id": "c973815504eb36b7"}
{"@timestamp": "2026-02-09T16:04:38.591147+00:00", "service": "dummy-backend", "level": "INFO", "route": "/profile", "status": 200, "latency_ms": 346, "user_id": "u077", "msg": "ok", "trace_id": "f043e65924edffc8"}
{"@timestamp": "2026-02-09T16:04:39.095251+00:00", "service": "dummy-backend", "level": "ERROR", "route": "/search", "status": 200, "latency_ms": 699, "user_id": "u091", "msg": "ok", "trace_id": "7b9d13a45baed149"}
{"@timestamp": "2026-02-09T16:04:39.599589+00:00", "service": "dummy-backend", "level": "INFO", "route": "/search", "status": 200, "latency_ms": 902, "user_id": "u058", "msg": "ok", "trace_id": "27bd7327c3f54c28"}
{"@timestamp": "2026-02-09T16:04:40.104414+00:00", "service": "dummy-backend", "level": "INFO", "route": "/logout", "status": 200, "latency_ms": 601, "user_id": "u067", "msg": "ok", "trace_id": "93d37bbf9d3d9069"}
{"@timestamp": "2026-02-09T16:04:40.609065+00:00", "service": "dummy-backend", "level": "INFO", "route": "/login", "status": 200, "latency_ms": 378, "user_id": "u021", "msg": "ok", "trace_id": "58e6383c7232d6a2"}
{"@timestamp": "2026-02-09T16:04:41.114556+00:00", "service": "dummy-backend", "level": "INFO", "route": "/login", "status": 200, "latency_ms": 479, "user_id": "u085", "msg": "ok", "trace_id": "0a2b05447fdab1da"}
{"@timestamp": "2026-02-09T16:04:41.618243+00:00", "service": "dummy-backend", "level": "INFO", "route": "/checkout", "status": 200, "latency_ms": 337, "user_id": "u114", "msg": "ok", "trace_id": "247efc5b24a8612d"}
{"@timestamp": "2026-02-09T16:04:42.126408+00:00", "service": "dummy-backend", "level": "INFO", "route": "/logout", "status": 200, "latency_ms": 604, "user_id": "u017", "msg": "ok", "trace_id": "7866b4a4834d1e3e"}
{"@timestamp": "2026-02-09T16:04:42.631596+00:00", "service": "dummy-backend", "level": "INFO", "route": "/search", "status": 200, "latency_ms": 796, "user_id": "u137", "msg": "ok", "trace_id": "7835818574248e76"}
{"@timestamp": "2026-02-09T16:04:43.135817+00:00", "service": "dummy-backend", "level": "INFO", "route": "/login", "status": 200, "latency_ms": 59, "user_id": "u194", "msg": "ok", "trace_id": "28e87c2da2e3d34a"}
{"@timestamp": "2026-02-09T16:04:43.639511+00:00", "service": "dummy-backend", "level": "INFO", "route": "/profile", "status": 200, "latency_ms": 1120, "user_id": "u174", "msg": "ok", "trace_id": "8c6b0d7ac243e7be"}
{"@timestamp": "2026-02-09T16:04:44.143191+00:00", "service": "dummy-backend", "level": "INFO", "route": "/login", "status": 200, "latency_ms": 370, "user_id": "u157", "msg": "ok", "trace_id": "ae1bfba7ba26bf17"}
{"@timestamp": "2026-02-09T16:04:44.647770+00:00", "service": "dummy-backend", "level": "INFO", "route": "/search", "status": 200, "latency_ms": 1142, "user_id": "u188", "msg": "ok", "trace_id": "51415169b3475f1e"}
{"@timestamp": "2026-02-09T16:04:45.153170+00:00", "service": "dummy-backend", "level": "INFO", "route": "/logout", "status": 200, "latency_ms": 509, "user_id": "u146", "msg": "ok", "trace_id": "37d61e92718254be"}
{"@timestamp": "2026-02-09T16:04:45.658765+00:00", "service": "dummy-backend", "level": "INFO", "route": "/search", "status": 200, "latency_ms": 83, "user_id": "u171", "msg": "ok", "trace_id": "562e3cfd83234c9b"}
{"@timestamp": "2026-02-09T16:04:46.162860+00:00", "service": "dummy-backend", "level": "INFO", "route": "/search", "status": 200, "latency_ms": 351, "user_id": "u181", "msg": "ok", "trace_id": "d46875fda8425e8f"}
{"@timestamp": "2026-02-09T16:04:46.666894+00:00", "service": "dummy-backend", "level": "INFO", "route": "/login", "status": 200, "latency_ms": 186, "user_id": "u071", "msg": "ok", "trace_id": "9e36123cea4df907"}
{"@timestamp": "2026-02-09T16:04:47.171555+00:00", "service": "dummy-backend", "level": "WARN", "route": "/logout", "status": 200, "latency_ms": 746, "user_id": "u073", "msg": "ok", "trace_id": "bb1e65fec115b436"}
{"@timestamp": "2026-02-09T16:04:47.676641+00:00", "service": "dummy-backend", "level": "INFO", "route": "/login", "status": 200, "latency_ms": 436, "user_id": "u181", "msg": "ok", "trace_id": "35da81e17d29b487"}
{"@timestamp": "2026-02-09T16:04:48.180787+00:00", "service": "dummy-backend", "level": "WARN", "route": "/profile", "status": 200, "latency_ms": 215, "user_id": "u110", "msg": "ok", "trace_id": "9f321f91b0870a47"}
{"@timestamp": "2026-02-09T16:04:48.685139+00:00", "service": "dummy-backend", "level": "INFO", "route": "/checkout", "status": 200, "latency_ms": 601, "user_id": "u110", "msg": "ok", "trace_id": "fff162354ad9042f"}
{"@timestamp": "2026-02-09T16:04:49.189732+00:00", "service": "dummy-backend", "level": "INFO", "route": "/profile", "status": 200, "latency_ms": 281, "user_id": "u131", "msg": "ok", "trace_id": "5069fce49f675049"}
{"@timestamp": "2026-02-09T16:04:49.693057+00:00", "service": "dummy-backend", "level": "INFO", "route": "/checkout", "status": 200, "latency_ms": 1144, "user_id": "u061", "msg": "ok", "trace_id": "4d25206b9a01f4ae"}
{"@timestamp": "2026-02-09T16:04:50.197571+00:00", "service": "dummy-backend", "level": "ERROR", "route": "/search", "status": 200, "latency_ms": 621, "user_id": "u060", "msg": "ok", "trace_id": "6bbc56ddbb2c2e21"}
{"@timestamp": "2026-02-09T16:04:50.701909+00:00", "service": "dummy-backend", "level": "INFO", "route": "/search", "status": 200, "latency_ms": 682, "user_id": "u091", "msg": "ok", "trace_id": "48bf2454b24a97d0"}
{"@timestamp": "2026-02-09T16:04:51.206753+00:00", "service": "dummy-backend", "level": "INFO", "route": "/profile", "status": 200, "latency_ms": 290, "user_id": "u171", "msg": "ok", "trace_id": "2b657065e4734c58"}
{"@timestamp": "2026-02-09T16:04:51.710012+00:00", "service": "dummy-backend", "level": "INFO", "route": "/checkout", "status": 200, "latency_ms": 452, "user_id": "u081", "msg": "ok", "trace_id": "45d34c5d205d0571"}
{"@timestamp": "2026-02-09T16:04:52.213401+00:00", "service": "dummy-backend", "level": "WARN", "route": "/search", "status": 200, "latency_ms": 545, "user_id": "u059", "msg": "ok", "trace_id": "d55b4791bd94cafc"}
{"@timestamp": "2026-02-09T16:04:52.717611+00:00", "service": "dummy-backend", "level": "INFO", "route": "/profile", "status": 200, "latency_ms": 772, "user_id": "u150", "msg": "ok", "trace_id": "3f1917aa73fb6011"}
{"@timestamp": "2026-02-09T16:04:53.222575+00:00", "service": "dummy-backend", "level": "INFO", "route": "/profile", "status": 200, "latency_ms": 990, "user_id": "u143", "msg": "ok", "trace_id": "bc42e804aeaa07b0"}
{"@timestamp": "2026-02-09T16:04:53.726708+00:00", "service": "dummy-backend", "level": "INFO", "route": "/profile", "status": 200, "latency_ms": 613, "user_id": "u044", "msg": "ok", "trace_id": "6703cfdfd3eac143"}
{"@timestamp": "2026-02-09T16:04:54.232137+00:00", "service": "dummy-backend", "level": "INFO", "route": "/profile", "status": 200, "latency_ms": 766, "user_id": "u040", "msg": "ok", "trace_id": "5f21d7dc7a397520"}
{"@timestamp": "2026-02-09T16:04:54.736831+00:00", "service": "dummy-backend", "level": "INFO", "route": "/checkout", "status": 200, "latency_ms": 553, "user_id": "u055", "msg": "ok", "trace_id": "8973cd9d25053347"}
{"@timestamp": "2026-02-09T16:04:55.235899+00:00", "service": "dummy-backend", "level": "INFO", "route": "/search", "status": 200, "latency_ms": 827, "user_id": "u057", "msg": "ok", "trace_id": "045459d148b5035c"}
{"@timestamp": "2026-02-09T16:04:55.741736+00:00", "service": "dummy-backend", "level": "INFO", "route": "/checkout", "status": 200, "latency_ms": 576, "user_id": "u052", "msg": "ok", "trace_id": "1f6e5d582e87ceba"}
{"@timestamp": "2026-02-09T16:04:56.245698+00:00", "service": "dummy-backend", "level": "INFO", "route": "/login", "status": 200, "latency_ms": 42, "user_id": "u196", "msg": "ok", "trace_id": "bce0fc9477f70d1a"}
{"@timestamp": "2026-02-09T16:04:56.749180+00:00", "service": "dummy-backend", "level": "INFO", "route": "/login", "status": 200, "latency_ms": 741, "user_id": "u146", "msg": "ok", "trace_id": "264c07095065b2b1"}
{"@timestamp": "2026-02-09T16:04:57.253115+00:00", "service": "dummy-backend", "level": "INFO", "route": "/search", "status": 200, "latency_ms": 423, "user_id": "u072", "msg": "ok", "trace_id": "cb4676b598c78ace"}
{"@timestamp": "2026-02-09T16:04:57.757101+00:00", "service": "dummy-backend", "level": "INFO", "route": "/login", "status": 200, "latency_ms": 57, "user_id": "u168", "msg": "ok", "trace_id": "a956783bd3293eee"}
{"@timestamp": "2026-02-09T16:04:58.262377+00:00", "service": "dummy-backend", "level": "INFO", "route": "/profile", "status": 200, "latency_ms": 6, "user_id": "u088", "msg": "ok", "trace_id": "18d921a39053d299"}
{"@timestamp": "2026-02-09T16:04:58.766564+00:00", "service": "dummy-backend", "level": "INFO", "route": "/search", "status": 200, "latency_ms": 468, "user_id": "u102", "msg": "ok", "trace_id": "06f03eef823f499a"}
{"@timestamp": "2026-02-09T16:04:59.270905+00:00", "service": "dummy-backend", "level": "INFO", "route": "/checkout", "status": 200, "latency_ms": 740, "user_id": "u186", "msg": "ok", "trace_id": "1d9a4ee461260a57"}
{"@timestamp": "2026-02-09T16:04:59.774580+00:00", "service": "dummy-backend", "level": "INFO", "route": "/profile", "status": 200, "latency_ms": 177, "user_id": "u188", "msg": "ok", "trace_id": "7dde6ba202323012"}
{"@timestamp": "2026-02-09T16:05:00.278275+00:00", "service": "dummy-backend", "level": "INFO", "route": "/checkout", "status": 200, "latency_ms": 957, "user_id": "u145", "msg": "ok", "trace_id": "5a17cd6b522aebc4"}
{"@timestamp": "2026-02-09T16:05:00.782544+00:00", "service": "dummy-backend", "level": "INFO", "route": "/profile", "status": 200, "latency_ms": 365, "user_id": "u056", "msg": "ok", "trace_id": "764a4186af1c3572"}
{"@timestamp": "2026-02-09T16:05:01.287225+00:00", "service": "dummy-backend", "level": "INFO", "route": "/profile", "status": 200, "latency_ms": 801, "user_id": "u188", "msg": "ok", "trace_id": "9e508f00b7eca917"}
{"@timestamp": "2026-02-09T16:05:01.792716+00:00", "service": "dummy-backend", "level": "INFO", "route": "/checkout", "status": 200, "latency_ms": 813, "user_id": "u099", "msg": "ok", "trace_id": "ded6cb97fdcceba2"}
{"@timestamp": "2026-02-09T16:05:02.297376+00:00", "service": "dummy-backend", "level": "INFO", "route": "/logout", "status": 200, "latency_ms": 599, "user_id": "u149", "msg": "ok", "trace_id": "2e23de1c7b04250a"}
{"@timestamp": "2026-02-09T16:05:02.802287+00:00", "service": "dummy-backend", "level": "INFO", "route": "/search", "status": 200, "latency_ms": 330, "user_id": "u066", "msg": "ok", "trace_id": "fc5d9ceb633bb770"}
{"@timestamp": "2026-02-09T16:05:03.306947+00:00", "service": "dummy-backend", "level": "WARN", "route": "/login", "status": 200, "latency_ms": 1017, "user_id": "u088", "msg": "ok", "trace_id": "cff6524ef3266236"}
{"@timestamp": "2026-02-09T16:05:03.811913+00:00", "service": "dummy-backend", "level": "INFO", "route": "/profile", "status": 200, "latency_ms": 773, "user_id": "u060", "msg": "ok", "trace_id": "c1002686d8e195b0"}
{"@timestamp": "2026-02-09T16:05:04.316549+00:00", "service": "dummy-backend", "level": "INFO", "route": "/logout", "status": 200, "latency_ms": 118, "user_id": "u032", "msg": "ok", "trace_id": "e2602e80cd33012b"}
{"@timestamp": "2026-02-09T16:05:04.821667+00:00", "service": "dummy-backend", "level": "INFO", "route": "/login", "status": 200, "latency_ms": 104, "user_id": "u154", "msg": "ok", "trace_id": "feb06df19fc7c1f0"}
{"@timestamp": "2026-02-09T16:05:05.326552+00:00", "service": "dummy-backend", "level": "INFO", "route": "/logout", "status": 200, "latency_ms": 303, "user_id": "u146", "msg": "ok", "trace_id": "ba7a23ab3d49b526"}
{"@timestamp": "2026-02-09T16:05:05.831197+00:00", "service": "dummy-backend", "level": "INFO", "route": "/checkout", "status": 200, "latency_ms": 420, "user_id": "u004", "msg": "ok", "trace_id": "f2db94b401deaff5"}
{"@timestamp": "2026-02-09T16:05:06.335910+00:00", "service": "dummy-backend", "level": "INFO", "route": "/checkout", "status": 200, "latency_ms": 24, "user_id": "u034", "msg": "ok", "trace_id": "2d68da0c7813cc90"}
{"@timestamp": "2026-02-09T16:05:06.840062+00:00", "service": "dummy-backend", "level": "ERROR", "route": "/profile", "status": 200, "latency_ms": 1000, "user_id": "u158", "msg": "ok", "trace_id": "a8851c3444ed4834"}
{"@timestamp": "2026-02-09T16:05:07.345635+00:00", "service": "dummy-backend", "level": "INFO", "route": "/checkout", "status": 200, "latency_ms": 969, "user_id": "u119", "msg": "ok", "trace_id": "c22a6a8d48dba10f"}
{"@timestamp": "2026-02-09T16:05:07.850969+00:00", "service": "dummy-backend", "level": "WARN", "route": "/login", "status": 200, "latency_ms": 653, "user_id": "u115", "msg": "ok", "trace_id": "639289a186f162a4"}
{"@timestamp": "2026-02-09T16:05:08.356519+00:00", "service": "dummy-backend", "level": "INFO", "route": "/checkout", "status": 200, "latency_ms": 822, "user_id": "u120", "msg": "ok", "trace_id": "335227cd9cd0bc50"}
{"@timestamp": "2026-02-09T16:05:08.860669+00:00", "service": "dummy-backend", "level": "INFO", "route": "/logout", "status": 200, "latency_ms": 293, "user_id": "u117", "msg": "ok", "trace_id": "cec1d54894c844f3"}
{"@timestamp": "2026-02-09T16:05:09.365118+00:00", "service": "dummy-backend", "level": "INFO", "route": "/search", "status": 200, "latency_ms": 605, "user_id": "u103", "msg": "ok", "trace_id": "2d812c1fa6c26c25"}
{"@timestamp": "2026-02-09T16:05:09.870554+00:00", "service": "dummy-backend", "level": "INFO", "route": "/logout", "status": 200, "latency_ms": 558, "user_id": "u125", "msg": "ok", "trace_id": "1c1e1ac3d25b83d3"}
{"@timestamp": "2026-02-09T16:05:10.376325+00:00", "service": "dummy-backend", "level": "INFO", "route": "/profile", "status": 200, "latency_ms": 19, "user_id": "u026", "msg": "ok", "trace_id": "626f86d42861e59e"}
{"@timestamp": "2026-02-09T16:05:10.881765+00:00", "service": "dummy-backend", "level": "INFO", "route": "/checkout", "status": 200, "latency_ms": 788, "user_id": "u189", "msg": "ok", "trace_id": "4ffb59a4271ee349"}
{"@timestamp": "2026-02-09T16:05:11.385577+00:00", "service": "dummy-backend", "level": "INFO", "route": "/checkout", "status": 200, "latency_ms": 1049, "user_id": "u151", "msg": "ok", "trace_id": "9a5f2c74d07c170e"}
{"@timestamp": "2026-02-09T16:05:11.889362+00:00", "service": "dummy-backend", "level": "INFO", "route": "/checkout", "status": 200, "latency_ms": 134, "user_id": "u147", "msg": "ok", "trace_id": "602f9c50e3c8dcb5"}
{"@timestamp": "2026-02-09T16:05:12.392915+00:00", "service": "dummy-backend", "level": "INFO", "route": "/checkout", "status": 200, "latency_ms": 826, "user_id": "u022", "msg": "ok", "trace_id": "cab14e72b47f022f"}
{"@timestamp": "2026-02-09T16:05:12.896620+00:00", "service": "dummy-backend", "level": "INFO", "route": "/search", "status": 200, "latency_ms": 81, "user_id": "u197", "msg": "ok", "trace_id": "cf4ae52fd6ece559"}
{"@timestamp": "2026-02-09T16:05:13.402146+00:00", "service": "dummy-backend", "level": "INFO", "route": "/profile", "status": 200, "latency_ms": 851, "user_id": "u160", "msg": "ok", "trace_id": "bbdf592beb0662b9"}
{"@timestamp": "2026-02-09T16:05:13.906422+00:00", "service": "dummy-backend", "level": "INFO", "route": "/search", "status": 200, "latency_ms": 88, "user_id": "u177", "msg": "ok", "trace_id": "12f252968f63d0e9"}
{"@timestamp": "2026-02-09T16:05:14.410443+00:00", "service": "dummy-backend", "level": "INFO", "route": "/login", "status": 200, "latency_ms": 1061, "user_id": "u159", "msg": "ok", "trace_id": "dd7a6ee21ea5b763"}
{"@timestamp": "2026-02-09T16:05:14.914734+00:00", "service": "dummy-backend", "level": "INFO", "route": "/search", "status": 200, "latency_ms": 805, "user_id": "u187", "msg": "ok", "trace_id": "64e0cc2cad8d44fc"}
{"@timestamp": "2026-02-09T16:05:15.419319+00:00", "service": "dummy-backend", "level": "INFO", "route": "/checkout", "status": 200, "latency_ms": 162, "user_id": "u071", "msg": "ok", "trace_id": "a40992473cb4dc0a"}
{"@timestamp": "2026-02-09T16:05:15.923532+00:00", "service": "dummy-backend", "level": "WARN", "route": "/logout", "status": 200, "latency_ms": 767, "user_id": "u182", "msg": "ok", "trace_id": "520fea5288f7caa9"}
{"@timestamp": "2026-02-09T16:05:16.429164+00:00", "service": "dummy-backend", "level": "INFO", "route": "/search", "status": 200, "latency_ms": 781, "user_id": "u130", "msg": "ok", "trace_id": "384ef1e7b90f6cef"}
{"@timestamp": "2026-02-09T16:05:16.935372+00:00", "service": "dummy-backend", "level": "INFO", "route": "/checkout", "status": 200, "latency_ms": 220, "user_id": "u134", "msg": "ok", "trace_id": "2a37b615ea8ce0b6"}
{"@timestamp": "2026-02-09T16:05:17.440257+00:00", "service": "dummy-backend", "level": "INFO", "route": "/profile", "status": 200, "latency_ms": 660, "user_id": "u171", "msg": "ok", "trace_id": "f7a495d5e79a94f7"}
{"@timestamp": "2026-02-09T16:05:17.945435+00:00", "service": "dummy-backend", "level": "INFO", "route": "/search", "status": 200, "latency_ms": 192, "user_id": "u173", "msg": "ok", "trace_id": "e6c0e718ea4f0233"}
{"@timestamp": "2026-02-09T16:05:18.451125+00:00", "service": "dummy-backend", "level": "INFO", "route": "/logout", "status": 200, "latency_ms": 315, "user_id": "u091", "msg": "ok", "trace_id": "f0db0981b5542774"}
{"@timestamp": "2026-02-09T16:05:18.954848+00:00", "service": "dummy-backend", "level": "INFO", "route": "/checkout", "status": 200, "latency_ms": 106, "user_id": "u155", "msg": "ok", "trace_id": "2c2a139fec238479"}
{"@timestamp": "2026-02-09T16:05:19.459629+00:00", "service": "dummy-backend", "level": "INFO", "route": "/search", "status": 200, "latency_ms": 467, "user_id": "u084", "msg": "ok", "trace_id": "1729ffe604f935c3"}
{"@timestamp": "2026-02-09T16:05:19.965443+00:00", "service": "dummy-backend", "level": "INFO", "route": "/search", "status": 200, "latency_ms": 369, "user_id": "u185", "msg": "ok", "trace_id": "fd31d7dbc43cf9e5"}
{"@timestamp": "2026-02-09T16:05:20.470851+00:00", "service": "dummy-backend", "level": "ERROR", "route": "/search", "status": 200, "latency_ms": 97, "user_id": "u003", "msg": "ok", "trace_id": "79cb4873612d0f89"}
{"@timestamp": "2026-02-09T16:05:20.975384+00:00", "service": "dummy-backend", "level": "INFO", "route": "/profile", "status": 200, "latency_ms": 1167, "user_id": "u108", "msg": "ok", "trace_id": "ab981e209f31a3b4"}
{"@timestamp": "2026-02-09T16:05:21.480568+00:00", "service": "dummy-backend", "level": "INFO", "route": "/checkout", "status": 200, "latency_ms": 711, "user_id": "u111", "msg": "ok", "trace_id": "7f174948ecd4f743"}
{"@timestamp": "2026-02-09T16:05:21.984180+00:00", "service": "dummy-backend", "level": "INFO", "route": "/search", "status": 200, "latency_ms": 1104, "user_id": "u185", "msg": "ok", "trace_id": "c4dd68dce1d45732"}
{"@timestamp": "2026-02-09T16:05:22.488498+00:00", "service": "dummy-backend", "level": "INFO", "route": "/logout", "status": 200, "latency_ms": 424, "user_id": "u016", "msg": "ok", "trace_id": "3ae4caefebd3c66e"}
{"@timestamp": "2026-02-09T16:05:22.992364+00:00", "service": "dummy-backend", "level": "INFO", "route": "/profile", "status": 200, "latency_ms": 367, "user_id": "u080", "msg": "ok", "trace_id": "aca9607696781611"}
{"@timestamp": "2026-02-09T16:05:23.498308+00:00", "service": "dummy-backend", "level": "INFO", "route": "/logout", "status": 200, "latency_ms": 716, "user_id": "u033", "msg": "ok", "trace_id": "0c6ed4887b08daf4"}
{"@timestamp": "2026-02-09T16:05:24.002711+00:00", "service": "dummy-backend", "level": "INFO", "route": "/checkout", "status": 200, "latency_ms": 173, "user_id": "u050", "msg": "ok", "trace_id": "733663b76459da75"}
{"@timestamp": "2026-02-09T16:05:24.507931+00:00", "service": "dummy-backend", "level": "INFO", "route": "/search", "status": 200, "latency_ms": 204, "user_id": "u093", "msg": "ok", "trace_id": "8d94cdd9449732e3"}
{"@timestamp": "2026-02-09T16:05:25.004106+00:00", "service": "dummy-backend", "level": "INFO", "route": "/profile", "status": 200, "latency_ms": 751, "user_id": "u134", "msg": "ok", "trace_id": "b49092ff1486fb2c"}
{"@timestamp": "2026-02-09T16:05:25.507811+00:00", "service": "dummy-backend", "level": "INFO", "route": "/checkout", "status": 200, "latency_ms": 367, "user_id": "u199", "msg": "ok", "trace_id": "c8b8306d92e7e45d"}
{"@timestamp": "2026-02-09T16:05:26.012080+00:00", "service": "dummy-backend", "level": "INFO", "route": "/login", "status": 200, "latency_ms": 1033, "user_id": "u186", "msg": "ok", "trace_id": "5d4fce37eaf7570b"}
{"@timestamp": "2026-02-09T16:05:26.516074+00:00", "service": "dummy-backend", "level": "INFO", "route": "/profile", "status": 200, "latency_ms": 1185, "user_id": "u009", "msg": "ok", "trace_id": "6fa1be6d51e26c30"}
{"@timestamp": "2026-02-09T16:05:27.021008+00:00", "service": "dummy-backend", "level": "INFO", "route": "/checkout", "status": 200, "latency_ms": 453, "user_id": "u189", "msg": "ok", "trace_id": "2c9a5de4fe9a509a"}
{"@timestamp": "2026-02-09T16:05:27.525919+00:00", "service": "dummy-backend", "level": "ERROR", "route": "/checkout", "status": 409, "latency_ms": 454, "user_id": "u149", "msg": "insufficient_stock", "trace_id": "06f36477012f2bea"}
{"@timestamp": "2026-02-09T16:05:28.030643+00:00", "service": "dummy-backend", "level": "INFO", "route": "/logout", "status": 200, "latency_ms": 701, "user_id": "u108", "msg": "ok", "trace_id": "dc0bbfa3120c04db"}
{"@timestamp": "2026-02-09T16:05:28.534939+00:00", "service": "dummy-backend", "level": "WARN", "route": "/search", "status": 200, "latency_ms": 1033, "user_id": "u137", "msg": "ok", "trace_id": "fcd611dbabb336ed"}
{"@timestamp": "2026-02-09T16:05:29.038848+00:00", "service": "dummy-backend", "level": "WARN", "route": "/checkout", "status": 409, "latency_ms": 83, "user_id": "u093", "msg": "insufficient_stock", "trace_id": "9e897b230eb5eb0a"}
{"@timestamp": "2026-02-09T16:05:29.542291+00:00", "service": "dummy-backend", "level": "WARN", "route": "/logout", "status": 200, "latency_ms": 479, "user_id": "u128", "msg": "ok", "trace_id": "f81324beefa7892f"}
{"@timestamp": "2026-02-09T16:05:30.047032+00:00", "service": "dummy-backend", "level": "INFO", "route": "/login", "status": 200, "latency_ms": 589, "user_id": "u197", "msg": "ok", "trace_id": "726f68331c9acc0b"}
{"@timestamp": "2026-02-09T16:05:30.551145+00:00", "service": "dummy-backend", "level": "INFO", "route": "/logout", "status": 200, "latency_ms": 265, "user_id": "u134", "msg": "ok", "trace_id": "88876ec7585a7562"}
{"@timestamp": "2026-02-09T16:05:31.056007+00:00", "service": "dummy-backend", "level": "WARN", "route": "/search", "status": 200, "latency_ms": 866, "user_id": "u085", "msg": "ok", "trace_id": "523ad685d3033ee4"}
{"@timestamp": "2026-02-09T16:05:31.562149+00:00", "service": "dummy-backend", "level": "INFO", "route": "/profile", "status": 200, "latency_ms": 83, "user_id": "u041", "msg": "ok", "trace_id": "825c472b7a167e87"}
{"@timestamp": "2026-02-09T16:05:32.066129+00:00", "service": "dummy-backend", "level": "INFO", "route": "/search", "status": 200, "latency_ms": 182, "user_id": "u007", "msg": "ok", "trace_id": "a9e11bb4b8aa3e0a"}
{"@timestamp": "2026-02-09T16:05:32.571731+00:00", "service": "dummy-backend", "level": "INFO", "route": "/logout", "status": 200, "latency_ms": 673, "user_id": "u051", "msg": "ok", "trace_id": "2559307e711cab39"}
{"@timestamp": "2026-02-09T16:05:33.076115+00:00", "service": "dummy-backend", "level": "INFO", "route": "/login", "status": 200, "latency_ms": 293, "user_id": "u018", "msg": "ok", "trace_id": "b32d625216be39af"}
{"@timestamp": "2026-02-09T16:05:33.580993+00:00", "service": "dummy-backend", "level": "INFO", "route": "/checkout", "status": 200, "latency_ms": 139, "user_id": "u015", "msg": "ok", "trace_id": "06d8a0b7875ab913"}
{"@timestamp": "2026-02-09T16:05:34.084932+00:00", "service": "dummy-backend", "level": "INFO", "route": "/search", "status": 200, "latency_ms": 1060, "user_id": "u056", "msg": "ok", "trace_id": "955a9cde151e6961"}
{"@timestamp": "2026-02-09T16:05:34.590332+00:00", "service": "dummy-backend", "level": "INFO", "route": "/checkout", "status": 200, "latency_ms": 586, "user_id": "u084", "msg": "ok", "trace_id": "88fc82df8654024c"}
{"@timestamp": "2026-02-09T16:05:35.094108+00:00", "service": "dummy-backend", "level": "INFO", "route": "/search", "status": 200, "latency_ms": 869, "user_id": "u044", "msg": "ok", "trace_id": "3bf9eeeca42776bf"}
{"@timestamp": "2026-02-09T16:05:35.597513+00:00", "service": "dummy-backend", "level": "INFO", "route": "/profile", "status": 200, "latency_ms": 745, "user_id": "u061", "msg": "ok", "trace_id": "8ffe98fab2cfa580"}
{"@timestamp": "2026-02-09T16:05:36.101942+00:00", "service": "dummy-backend", "level": "INFO", "route": "/search", "status": 200, "latency_ms": 146, "user_id": "u012", "msg": "ok", "trace_id": "b53490fe60d705aa"}
{"@timestamp": "2026-02-09T16:05:36.606013+00:00", "service": "dummy-backend", "level": "INFO", "route": "/login", "status": 200, "latency_ms": 431, "user_id": "u190", "msg": "ok", "trace_id": "08c635625666d17a"}
{"@timestamp": "2026-02-09T16:05:37.109682+00:00", "service": "dummy-backend", "level": "INFO", "route": "/profile", "status": 200, "latency_ms": 765, "user_id": "u012", "msg": "ok", "trace_id": "9fab08487ce2aaf4"}
{"@timestamp": "2026-02-09T16:05:37.613003+00:00", "service": "dummy-backend", "level": "INFO", "route": "/login", "status": 200, "latency_ms": 18, "user_id": "u078", "msg": "ok", "trace_id": "549f1d01de3aa592"}
{"@timestamp": "2026-02-09T16:05:38.117028+00:00", "service": "dummy-backend", "level": "ERROR", "route": "/search", "status": 200, "latency_ms": 123, "user_id": "u096", "msg": "ok", "trace_id": "884b3ca1106238af"}
{"@timestamp": "2026-02-09T16:05:38.621691+00:00", "service": "dummy-backend", "level": "INFO", "route": "/logout", "status": 200, "latency_ms": 401, "user_id": "u079", "msg": "ok", "trace_id": "34d02c810bfff75d"}
{"@timestamp": "2026-02-09T16:05:39.125199+00:00", "service": "dummy-backend", "level": "INFO", "route": "/logout", "status": 200, "latency_ms": 928, "user_id": "u107", "msg": "ok", "trace_id": "bdc7b4a8f964ced6"}
{"@timestamp": "2026-02-09T16:05:39.629673+00:00", "service": "dummy-backend", "level": "INFO", "route": "/checkout", "status": 200, "latency_ms": 512, "user_id": "u019", "msg": "ok", "trace_id": "648d6968c3b393ac"}
{"@timestamp": "2026-02-09T16:05:40.136719+00:00", "service": "dummy-backend", "level": "INFO", "route": "/login", "status": 200, "latency_ms": 376, "user_id": "u184", "msg": "ok", "trace_id": "636420296b87b491"}
{"@timestamp": "2026-02-09T16:05:40.650403+00:00", "service": "dummy-backend", "level": "ERROR", "route": "/checkout", "status": 422, "latency_ms": 1104, "user_id": "u145", "msg": "payment_retry", "trace_id": "52080e010f82b568"}
{"@timestamp": "2026-02-09T16:05:41.154552+00:00", "service": "dummy-backend", "level": "WARN", "route": "/checkout", "status": 422, "latency_ms": 973, "user_id": "u128", "msg": "gateway_error", "trace_id": "1d248d3ac2c63a8d"}
{"@timestamp": "2026-02-09T16:05:41.658049+00:00", "service": "dummy-backend", "level": "INFO", "route": "/checkout", "status": 200, "latency_ms": 51, "user_id": "u175", "msg": "ok", "trace_id": "a7a1f794ca22c020"}
{"@timestamp": "2026-02-09T16:05:42.176465+00:00", "service": "dummy-backend", "level": "INFO", "route": "/checkout", "status": 200, "latency_ms": 12, "user_id": "u166", "msg": "ok", "trace_id": "57f568e24350f989"}
{"@timestamp": "2026-02-09T16:05:42.681006+00:00", "service": "dummy-backend", "level": "INFO", "route": "/profile", "status": 200, "latency_ms": 1089, "user_id": "u095", "msg": "ok", "trace_id": "9378288b56c0e69d"}
{"@timestamp": "2026-02-09T16:05:43.186823+00:00", "service": "dummy-backend", "level": "INFO", "route": "/login", "status": 200, "latency_ms": 149, "user_id": "u109", "msg": "ok", "trace_id": "f34ceff981389c1b"}
{"@timestamp": "2026-02-09T16:05:43.692203+00:00", "service": "dummy-backend", "level": "INFO", "route": "/checkout", "status": 200, "latency_ms": 553, "user_id": "u036", "msg": "ok", "trace_id": "012dfbcbbd3cb482"}
{"@timestamp": "2026-02-09T16:05:44.196530+00:00", "service": "dummy-backend", "level": "INFO", "route": "/checkout", "status": 200, "latency_ms": 222, "user_id": "u018", "msg": "ok", "trace_id": "b56f1d39b055d75f"}
{"@timestamp": "2026-02-09T16:05:44.702192+00:00", "service": "dummy-backend", "level": "WARN", "route": "/logout", "status": 200, "latency_ms": 36, "user_id": "u106", "msg": "ok", "trace_id": "12cf441b4340eb8e"}
{"@timestamp": "2026-02-09T16:05:45.205670+00:00", "service": "dummy-backend", "level": "INFO", "route": "/login", "status": 200, "latency_ms": 698, "user_id": "u074", "msg": "ok", "trace_id": "680dd19225fe38fd"}
{"@timestamp": "2026-02-09T16:05:45.710457+00:00", "service": "dummy-backend", "level": "INFO", "route": "/search", "status": 200, "latency_ms": 891, "user_id": "u047", "msg": "ok", "trace_id": "e515bdc1eeaa9bec"}
{"@timestamp": "2026-02-09T16:05:46.214037+00:00", "service": "dummy-backend", "level": "INFO", "route": "/logout", "status": 200, "latency_ms": 156, "user_id": "u197", "msg": "ok", "trace_id": "43bf0d43fd1de3b7"}
{"@timestamp": "2026-02-09T16:05:46.720148+00:00", "service": "dummy-backend", "level": "WARN", "route": "/search", "status": 200, "latency_ms": 306, "user_id": "u193", "msg": "ok", "trace_id": "39cdf8e90b284f85"}
{"@timestamp": "2026-02-09T16:05:47.223900+00:00", "service": "dummy-backend", "level": "INFO", "route": "/search", "status": 200, "latency_ms": 1019, "user_id": "u175", "msg": "ok", "trace_id": "c9e94942c1f05e67"}
{"@timestamp": "2026-02-09T16:05:47.731386+00:00", "service": "dummy-backend", "level": "INFO", "route": "/search", "status": 200, "latency_ms": 802, "user_id": "u015", "msg": "ok", "trace_id": "8bf9a2025bea2c2f"}
{"@timestamp": "2026-02-09T16:05:48.235833+00:00", "service": "dummy-backend", "level": "WARN", "route": "/checkout", "status": 422, "latency_ms": 887, "user_id": "u157", "msg": "insufficient_stock", "trace_id": "01421f15e83af96b"}
{"@timestamp": "2026-02-09T16:05:48.739534+00:00", "service": "dummy-backend", "level": "INFO", "route": "/profile", "status": 200, "latency_ms": 89, "user_id": "u003", "msg": "ok", "trace_id": "e602d02792721978"}
{"@timestamp": "2026-02-09T16:05:49.243150+00:00", "service": "dummy-backend", "level": "INFO", "route": "/logout", "status": 200, "latency_ms": 933, "user_id": "u015", "msg": "ok", "trace_id": "4ab0a8daa0caca88"}
{"@timestamp": "2026-02-09T16:05:49.746927+00:00", "service": "dummy-backend", "level": "INFO", "route": "/checkout", "status": 200, "latency_ms": 307, "user_id": "u073", "msg": "ok", "trace_id": "1eecba51b5fb61d6"}
{"@timestamp": "2026-02-09T16:05:50.251703+00:00", "service": "dummy-backend", "level": "INFO", "route": "/login", "status": 200, "latency_ms": 1116, "user_id": "u046", "msg": "ok", "trace_id": "1985c70215db7a15"}
{"@timestamp": "2026-02-09T16:05:50.755717+00:00", "service": "dummy-backend", "level": "INFO", "route": "/search", "status": 200, "latency_ms": 442, "user_id": "u173", "msg": "ok", "trace_id": "6a0234b906a42d5b"}
{"@timestamp": "2026-02-09T16:05:51.259502+00:00", "service": "dummy-backend", "level": "INFO", "route": "/profile", "status": 200, "latency_ms": 1004, "user_id": "u097", "msg": "ok", "trace_id": "5fb8c9c3791c62c0"}
{"@timestamp": "2026-02-09T16:05:51.764110+00:00", "service": "dummy-backend", "level": "WARN", "route": "/logout", "status": 200, "latency_ms": 1186, "user_id": "u015", "msg": "ok", "trace_id": "080e20a5e506c257"}
{"@timestamp": "2026-02-09T16:05:52.268197+00:00", "service": "dummy-backend", "level": "INFO", "route": "/login", "status": 200, "latency_ms": 20, "user_id": "u186", "msg": "ok", "trace_id": "651313d32baa5a8e"}
{"@timestamp": "2026-02-09T16:05:52.772229+00:00", "service": "dummy-backend", "level": "INFO", "route": "/profile", "status": 200, "latency_ms": 830, "user_id": "u008", "msg": "ok", "trace_id": "ca2195d1fbc089eb"}
{"@timestamp": "2026-02-09T16:05:53.278274+00:00", "service": "dummy-backend", "level": "INFO", "route": "/search", "status": 200, "latency_ms": 885, "user_id": "u103", "msg": "ok", "trace_id": "02782eb4e2397552"}
{"@timestamp": "2026-02-09T16:05:53.783008+00:00", "service": "dummy-backend", "level": "INFO", "route": "/logout", "status": 200, "latency_ms": 833, "user_id": "u132", "msg": "ok", "trace_id": "2d62d09b28eb8f81"}
{"@timestamp": "2026-02-09T16:05:54.287418+00:00", "service": "dummy-backend", "level": "INFO", "route": "/profile", "status": 200, "latency_ms": 1156, "user_id": "u082", "msg": "ok", "trace_id": "3a59752b989927db"}
{"@timestamp": "2026-02-09T16:05:54.793567+00:00", "service": "dummy-backend", "level": "INFO", "route": "/login", "status": 200, "latency_ms": 879, "user_id": "u127", "msg": "ok", "trace_id": "843b7499fa8abe2d"}
{"@timestamp": "2026-02-09T16:05:55.291653+00:00", "service": "dummy-backend", "level": "INFO", "route": "/login", "status": 200, "latency_ms": 818, "user_id": "u024", "msg": "ok", "trace_id": "e9a17af4611acbb1"}
{"@timestamp": "2026-02-09T16:05:55.797163+00:00", "service": "dummy-backend", "level": "INFO", "route": "/checkout", "status": 200, "latency_ms": 826, "user_id": "u045", "msg": "ok", "trace_id": "16b47f2218ad5ff6"}
{"@timestamp": "2026-02-09T16:05:56.303921+00:00", "service": "dummy-backend", "level": "INFO", "route": "/login", "status": 200, "latency_ms": 40, "user_id": "u070", "msg": "ok", "trace_id": "3d6709c6e4091b7f"}
{"@timestamp": "2026-02-09T16:05:56.809127+00:00", "service": "dummy-backend", "level": "INFO", "route": "/checkout", "status": 200, "latency_ms": 899, "user_id": "u004", "msg": "ok", "trace_id": "bc5ef0a6e827905c"}
{"@timestamp": "2026-02-09T16:05:57.314805+00:00", "service": "dummy-backend", "level": "INFO", "route": "/login", "status": 200, "latency_ms": 839, "user_id": "u074", "msg": "ok", "trace_id": "344defedf715aaf5"}
{"@timestamp": "2026-02-09T16:05:57.819913+00:00", "service": "dummy-backend", "level": "INFO", "route": "/login", "status": 200, "latency_ms": 764, "user_id": "u035", "msg": "ok", "trace_id": "0b8d45634864e657"}
{"@timestamp": "2026-02-09T16:05:58.323542+00:00", "service": "dummy-backend", "level": "INFO", "route": "/logout", "status": 200, "latency_ms": 280, "user_id": "u141", "msg": "ok", "trace_id": "65c67b5a1aebae2d"}
{"@timestamp": "2026-02-09T16:05:58.827335+00:00", "service": "dummy-backend", "level": "WARN", "route": "/checkout", "status": 409, "latency_ms": 630, "user_id": "u097", "msg": "insufficient_stock", "trace_id": "572bb02fccbb4e2e"}
{"@timestamp": "2026-02-09T16:05:59.332172+00:00", "service": "dummy-backend", "level": "INFO", "route": "/logout", "status": 200, "latency_ms": 725, "user_id": "u128", "msg": "ok", "trace_id": "a93c48694b1bafd2"}
{"@timestamp": "2026-02-09T16:05:59.837221+00:00", "service": "dummy-backend", "level": "INFO", "route": "/checkout", "status": 200, "latency_ms": 267, "user_id": "u084", "msg": "ok", "trace_id": "27ee3d34b57a553b"}
{"@timestamp": "2026-02-09T16:06:00.341242+00:00", "service": "dummy-backend", "level": "INFO", "route": "/checkout", "status": 200, "latency_ms": 373, "user_id": "u031", "msg": "ok", "trace_id": "2518fc82b80bcdf4"}
{"@timestamp": "2026-02-09T16:06:00.845575+00:00", "service": "dummy-backend", "level": "INFO", "route": "/search", "status": 200, "latency_ms": 931, "user_id": "u182", "msg": "ok", "trace_id": "ad7953f24c6fea44"}
{"@timestamp": "2026-02-09T16:06:01.350300+00:00", "service": "dummy-backend", "level": "INFO", "route": "/profile", "status": 200, "latency_ms": 778, "user_id": "u163", "msg": "ok", "trace_id": "0c137ff8ce84e034"}
{"@timestamp": "2026-02-09T16:06:01.853929+00:00", "service": "dummy-backend", "level": "INFO", "route": "/login", "status": 200, "latency_ms": 874, "user_id": "u079", "msg": "ok", "trace_id": "b21944d9816109ac"}
{"@timestamp": "2026-02-09T16:06:02.357776+00:00", "service": "dummy-backend", "level": "INFO", "route": "/checkout", "status": 200, "latency_ms": 691, "user_id": "u138", "msg": "ok", "trace_id": "0625b791920df664"}
{"@timestamp": "2026-02-09T16:06:02.861436+00:00", "service": "dummy-backend", "level": "WARN", "route": "/search", "status": 200, "latency_ms": 334, "user_id": "u171", "msg": "ok", "trace_id": "0e4d532b8785222f"}
{"@timestamp": "2026-02-09T16:06:03.365377+00:00", "service": "dummy-backend", "level": "INFO", "route": "/search", "status": 200, "latency_ms": 403, "user_id": "u070", "msg": "ok", "trace_id": "1089cca2ae73f302"}
{"@timestamp": "2026-02-09T16:06:03.869443+00:00", "service": "dummy-backend", "level": "INFO", "route": "/checkout", "status": 200, "latency_ms": 320, "user_id": "u129", "msg": "ok", "trace_id": "d85f07c6fa5b8a2e"}
{"@timestamp": "2026-02-09T16:06:04.373887+00:00", "service": "dummy-backend", "level": "INFO", "route": "/profile", "status": 200, "latency_ms": 36, "user_id": "u115", "msg": "ok", "trace_id": "94bd9d33f5ccdb6d"}
{"@timestamp": "2026-02-09T16:06:04.878375+00:00", "service": "dummy-backend", "level": "INFO", "route": "/checkout", "status": 200, "latency_ms": 897, "user_id": "u057", "msg": "ok", "trace_id": "b159c3278de51c17"}
{"@timestamp": "2026-02-09T16:06:05.382664+00:00", "service": "dummy-backend", "level": "INFO", "route": "/profile", "status": 200, "latency_ms": 641, "user_id": "u181", "msg": "ok", "trace_id": "30b6e5aba38df666"}
{"@timestamp": "2026-02-09T16:06:05.886487+00:00", "service": "dummy-backend", "level": "INFO", "route": "/login", "status": 200, "latency_ms": 636, "user_id": "u179", "msg": "ok", "trace_id": "9636f77df4c074c7"}
{"@timestamp": "2026-02-09T16:06:06.389959+00:00", "service": "dummy-backend", "level": "INFO", "route": "/login", "status": 200, "latency_ms": 206, "user_id": "u152", "msg": "ok", "trace_id": "e4277933e2f128b6"}
{"@timestamp": "2026-02-09T16:06:06.893852+00:00", "service": "dummy-backend", "level": "INFO", "route": "/checkout", "status": 200, "latency_ms": 387, "user_id": "u070", "msg": "ok", "trace_id": "537eb38891de5702"}
{"@timestamp": "2026-02-09T16:06:07.399113+00:00", "service": "dummy-backend", "level": "INFO", "route": "/logout", "status": 200, "latency_ms": 849, "user_id": "u189", "msg": "ok", "trace_id": "61341c3a0901f048"}
{"@timestamp": "2026-02-09T16:06:07.903370+00:00", "service": "dummy-backend", "level": "INFO", "route": "/login", "status": 200, "latency_ms": 548, "user_id": "u103", "msg": "ok", "trace_id": "e0f30a48d47b4cbb"}
{"@timestamp": "2026-02-09T16:06:08.408914+00:00", "service": "dummy-backend", "level": "INFO", "route": "/profile", "status": 200, "latency_ms": 552, "user_id": "u058", "msg": "ok", "trace_id": "962e6168e91baaf3"}
{"@timestamp": "2026-02-09T16:06:08.914276+00:00", "service": "dummy-backend", "level": "INFO", "route": "/profile", "status": 200, "latency_ms": 54, "user_id": "u161", "msg": "ok", "trace_id": "9e04157a3c1e82f8"}
{"@timestamp": "2026-02-09T16:06:09.419033+00:00", "service": "dummy-backend", "level": "INFO", "route": "/search", "status": 200, "latency_ms": 530, "user_id": "u147", "msg": "ok", "trace_id": "e5a4ea88f12bac01"}
{"@timestamp": "2026-02-09T16:06:09.923275+00:00", "service": "dummy-backend", "level": "INFO", "route": "/profile", "status": 200, "latency_ms": 383, "user_id": "u017", "msg": "ok", "trace_id": "aba316184821e677"}
{"@timestamp": "2026-02-09T16:06:10.427303+00:00", "service": "dummy-backend", "level": "INFO", "route": "/profile", "status": 200, "latency_ms": 387, "user_id": "u090", "msg": "ok", "trace_id": "64927f64b8981833"}
{"@timestamp": "2026-02-09T16:06:10.931571+00:00", "service": "dummy-backend", "level": "INFO", "route": "/logout", "status": 200, "latency_ms": 27, "user_id": "u027", "msg": "ok", "trace_id": "cff615a95e082f7b"}
{"@timestamp": "2026-02-09T16:06:11.436044+00:00", "service": "dummy-backend", "level": "INFO", "route": "/logout", "status": 200, "latency_ms": 7, "user_id": "u032", "msg": "ok", "trace_id": "da50c80e76a391ec"}
{"@timestamp": "2026-02-09T16:06:11.940628+00:00", "service": "dummy-backend", "level": "INFO", "route": "/profile", "status": 200, "latency_ms": 896, "user_id": "u079", "msg": "ok", "trace_id": "ca56b667cd1a89dc"}
{"@timestamp": "2026-02-09T16:06:12.444782+00:00", "service": "dummy-backend", "level": "INFO", "route": "/profile", "status": 200, "latency_ms": 901, "user_id": "u082", "msg": "ok", "trace_id": "af960de060acceb9"}
{"@timestamp": "2026-02-09T16:06:12.948835+00:00", "service": "dummy-backend", "level": "INFO", "route": "/profile", "status": 200, "latency_ms": 152, "user_id": "u094", "msg": "ok", "trace_id": "af7128ba315f1c89"}
{"@timestamp": "2026-02-09T16:06:13.452951+00:00", "service": "dummy-backend", "level": "ERROR", "route": "/search", "status": 200, "latency_ms": 957, "user_id": "u169", "msg": "ok", "trace_id": "508b2dac74c5d273"}
{"@timestamp": "2026-02-09T16:06:13.957518+00:00", "service": "dummy-backend", "level": "INFO", "route": "/logout", "status": 200, "latency_ms": 864, "user_id": "u038", "msg": "ok", "trace_id": "bbb7a3c3386255b1"}
{"@timestamp": "2026-02-09T16:06:14.461778+00:00", "service": "dummy-backend", "level": "INFO", "route": "/logout", "status": 200, "latency_ms": 203, "user_id": "u091", "msg": "ok", "trace_id": "85761adc15cd7484"}
{"@timestamp": "2026-02-09T16:06:14.965717+00:00", "service": "dummy-backend", "level": "INFO", "route": "/login", "status": 200, "latency_ms": 775, "user_id": "u140", "msg": "ok", "trace_id": "e7f88d3e07808371"}
{"@timestamp": "2026-02-09T16:06:15.471892+00:00", "service": "dummy-backend", "level": "INFO", "route": "/search", "status": 200, "latency_ms": 916, "user_id": "u102", "msg": "ok", "trace_id": "5a68c2f4547a0852"}
{"@timestamp": "2026-02-09T16:06:15.977369+00:00", "service": "dummy-backend", "level": "WARN", "route": "/logout", "status": 200, "latency_ms": 606, "user_id": "u017", "msg": "ok", "trace_id": "883d9744b083111a"}
{"@timestamp": "2026-02-09T16:06:16.482663+00:00", "service": "dummy-backend", "level": "INFO", "route": "/profile", "status": 200, "latency_ms": 997, "user_id": "u090", "msg": "ok", "trace_id": "8b42b8dae94c4b6d"}
{"@timestamp": "2026-02-09T16:06:16.986749+00:00", "service": "dummy-backend", "level": "INFO", "route": "/profile", "status": 200, "latency_ms": 825, "user_id": "u167", "msg": "ok", "trace_id": "2bbc8439754db3bc"}
{"@timestamp": "2026-02-09T16:06:17.490887+00:00", "service": "dummy-backend", "level": "WARN", "route": "/checkout", "status": 409, "latency_ms": 1192, "user_id": "u014", "msg": "gateway_error", "trace_id": "31ac0ce48c0c3a51"}
{"@timestamp": "2026-02-09T16:06:17.995001+00:00", "service": "dummy-backend", "level": "INFO", "route": "/login", "status": 200, "latency_ms": 677, "user_id": "u070", "msg": "ok", "trace_id": "e5d27fe658bec78c"}
{"@timestamp": "2026-02-09T16:06:18.499458+00:00", "service": "dummy-backend", "level": "INFO", "route": "/checkout", "status": 200, "latency_ms": 68, "user_id": "u003", "msg": "ok", "trace_id": "c66e83d4f559bed3"}
{"@timestamp": "2026-02-09T16:06:19.003502+00:00", "service": "dummy-backend", "level": "INFO", "route": "/search", "status": 200, "latency_ms": 782, "user_id": "u143", "msg": "ok", "trace_id": "0db80a002d1eca76"}
{"@timestamp": "2026-02-09T16:06:19.506923+00:00", "service": "dummy-backend", "level": "INFO", "route": "/profile", "status": 200, "latency_ms": 364, "user_id": "u006", "msg": "ok", "trace_id": "dde2bf6191dbc1c8"}
{"@timestamp": "2026-02-09T16:06:20.010478+00:00", "service": "dummy-backend", "level": "INFO", "route": "/checkout", "status": 200, "latency_ms": 1197, "user_id": "u191", "msg": "ok", "trace_id": "65418dd44b3bf7ae"}
{"@timestamp": "2026-02-09T16:06:20.515324+00:00", "service": "dummy-backend", "level": "INFO", "route": "/logout", "status": 200, "latency_ms": 963, "user_id": "u084", "msg": "ok", "trace_id": "06aaa52b9fa2bbc8"}
{"@timestamp": "2026-02-09T16:06:21.020332+00:00", "service": "dummy-backend", "level": "WARN", "route": "/login", "status": 200, "latency_ms": 683, "user_id": "u192", "msg": "ok", "trace_id": "973d08a2687253f1"}
{"@timestamp": "2026-02-09T16:06:21.524301+00:00", "service": "dummy-backend", "level": "INFO", "route": "/checkout", "status": 200, "latency_ms": 24, "user_id": "u042", "msg": "ok", "trace_id": "6994f7f4d7f2d443"}
{"@timestamp": "2026-02-09T16:06:22.028615+00:00", "service": "dummy-backend", "level": "INFO", "route": "/profile", "status": 200, "latency_ms": 149, "user_id": "u111", "msg": "ok", "trace_id": "2c15b8eeac81b23a"}
{"@timestamp": "2026-02-09T16:06:22.532130+00:00", "service": "dummy-backend", "level": "INFO", "route": "/checkout", "status": 200, "latency_ms": 1087, "user_id": "u182", "msg": "ok", "trace_id": "5599e7d8e2e15488"}
{"@timestamp": "2026-02-09T16:06:23.035845+00:00", "service": "dummy-backend", "level": "INFO", "route": "/login", "status": 200, "latency_ms": 1052, "user_id": "u094", "msg": "ok", "trace_id": "e83ca52d1353910f"}
{"@timestamp": "2026-02-09T16:06:23.540640+00:00", "service": "dummy-backend", "level": "INFO", "route": "/login", "status": 200, "latency_ms": 28, "user_id": "u101", "msg": "ok", "trace_id": "fc93e26861d1250a"}
{"@timestamp": "2026-02-09T16:06:24.044361+00:00", "service": "dummy-backend", "level": "ERROR", "route": "/login", "status": 401, "latency_ms": 634, "user_id": "u063", "msg": "token_expired", "trace_id": "b2fe3398d6219b71"}
{"@timestamp": "2026-02-09T16:06:24.548582+00:00", "service": "dummy-backend", "level": "INFO", "route": "/profile", "status": 200, "latency_ms": 560, "user_id": "u187", "msg": "ok", "trace_id": "45b9a9f6a271cd1e"}
{"@timestamp": "2026-02-09T16:06:25.044346+00:00", "service": "dummy-backend", "level": "INFO", "route": "/logout", "status": 200, "latency_ms": 18, "user_id": "u149", "msg": "ok", "trace_id": "7314970aa381fb80"}
{"@timestamp": "2026-02-09T16:06:25.548379+00:00", "service": "dummy-backend", "level": "INFO", "route": "/search", "status": 200, "latency_ms": 1121, "user_id": "u156", "msg": "ok", "trace_id": "853e08bc67258428"}
{"@timestamp": "2026-02-09T16:06:26.052841+00:00", "service": "dummy-backend", "level": "INFO", "route": "/search", "status": 200, "latency_ms": 5, "user_id": "u200", "msg": "ok", "trace_id": "8d00bb2e086d4a3f"}
{"@timestamp": "2026-02-09T16:06:26.557066+00:00", "service": "dummy-backend", "level": "INFO", "route": "/logout", "status": 200, "latency_ms": 1155, "user_id": "u054", "msg": "ok", "trace_id": "d6884af710369f0f"}
{"@timestamp": "2026-02-09T16:06:27.061082+00:00", "service": "dummy-backend", "level": "WARN", "route": "/logout", "status": 200, "latency_ms": 427, "user_id": "u192", "msg": "ok", "trace_id": "48bcdef58f332c5a"}
{"@timestamp": "2026-02-09T16:06:27.564650+00:00", "service": "dummy-backend", "level": "INFO", "route": "/profile", "status": 200, "latency_ms": 681, "user_id": "u034", "msg": "ok", "trace_id": "9a363adf550760db"}
{"@timestamp": "2026-02-09T16:06:28.069319+00:00", "service": "dummy-backend", "level": "INFO", "route": "/logout", "status": 200, "latency_ms": 1103, "user_id": "u075", "msg": "ok", "trace_id": "e8701abaed0ba404"}
{"@timestamp": "2026-02-09T16:06:28.573839+00:00", "service": "dummy-backend", "level": "INFO", "route": "/checkout", "status": 200, "latency_ms": 794, "user_id": "u166", "msg": "ok", "trace_id": "1640592c04cc1e4b"}
{"@timestamp": "2026-02-09T16:06:29.079483+00:00", "service": "dummy-backend", "level": "INFO", "route": "/search", "status": 200, "latency_ms": 705, "user_id": "u058", "msg": "ok", "trace_id": "b53a465165ad28b0"}
{"@timestamp": "2026-02-09T16:06:29.585419+00:00", "service": "dummy-backend", "level": "INFO", "route": "/logout", "status": 200, "latency_ms": 323, "user_id": "u138", "msg": "ok", "trace_id": "8fb957f156380542"}
{"@timestamp": "2026-02-09T16:06:30.091147+00:00", "service": "dummy-backend", "level": "INFO", "route": "/checkout", "status": 200, "latency_ms": 553, "user_id": "u087", "msg": "ok", "trace_id": "871f109a7afd5365"}
{"@timestamp": "2026-02-09T16:06:30.595390+00:00", "service": "dummy-backend", "level": "INFO", "route": "/login", "status": 200, "latency_ms": 1060, "user_id": "u021", "msg": "ok", "trace_id": "083b508469fc2ecb"}
{"@timestamp": "2026-02-09T16:06:31.102011+00:00", "service": "dummy-backend", "level": "INFO", "route": "/profile", "status": 200, "latency_ms": 542, "user_id": "u026", "msg": "ok", "trace_id": "4e5974e16a915814"}
{"@timestamp": "2026-02-09T16:06:31.608399+00:00", "service": "dummy-backend", "level": "ERROR", "route": "/checkout", "status": 500, "latency_ms": 202, "user_id": "u107", "msg": "gateway_error", "trace_id": "4a49009196c3a8cc"}
{"@timestamp": "2026-02-09T16:06:32.112049+00:00", "service": "dummy-backend", "level": "INFO", "route": "/search", "status": 200, "latency_ms": 1117, "user_id": "u003", "msg": "ok", "trace_id": "036585fc9e3ed92f"}
{"@timestamp": "2026-02-09T16:06:32.618365+00:00", "service": "dummy-backend", "level": "INFO", "route": "/login", "status": 200, "latency_ms": 803, "user_id": "u040", "msg": "ok", "trace_id": "da0a23ee4d4abba9"}
{"@timestamp": "2026-02-09T16:06:33.121688+00:00", "service": "dummy-backend", "level": "INFO", "route": "/profile", "status": 200, "latency_ms": 952, "user_id": "u101", "msg": "ok", "trace_id": "10b0c1dc335adebd"}
{"@timestamp": "2026-02-09T16:06:33.626672+00:00", "service": "dummy-backend", "level": "INFO", "route": "/search", "status": 200, "latency_ms": 825, "user_id": "u056", "msg": "ok", "trace_id": "20aab282d5729259"}
{"@timestamp": "2026-02-09T16:06:34.132222+00:00", "service": "dummy-backend", "level": "INFO", "route": "/search", "status": 200, "latency_ms": 131, "user_id": "u017", "msg": "ok", "trace_id": "6b162e7da8c0b256"}
{"@timestamp": "2026-02-09T16:06:34.638278+00:00", "service": "dummy-backend", "level": "INFO", "route": "/search", "status": 200, "latency_ms": 1089, "user_id": "u184", "msg": "ok", "trace_id": "6ff04e5e6a6a1d8d"}
{"@timestamp": "2026-02-09T16:06:35.142691+00:00", "service": "dummy-backend", "level": "INFO", "route": "/logout", "status": 200, "latency_ms": 212, "user_id": "u190", "msg": "ok", "trace_id": "61430bce28e6ecc0"}
{"@timestamp": "2026-02-09T16:06:35.646511+00:00", "service": "dummy-backend", "level": "INFO", "route": "/logout", "status": 200, "latency_ms": 867, "user_id": "u015", "msg": "ok", "trace_id": "54e533a13fc98969"}
{"@timestamp": "2026-02-09T16:06:36.150478+00:00", "service": "dummy-backend", "level": "INFO", "route": "/search", "status": 200, "latency_ms": 443, "user_id": "u181", "msg": "ok", "trace_id": "aea9f2a27fcdaddc"}
{"@timestamp": "2026-02-09T16:06:36.654709+00:00", "service": "dummy-backend", "level": "INFO", "route": "/search", "status": 200, "latency_ms": 1050, "user_id": "u085", "msg": "ok", "trace_id": "9ac47a166ba21926"}
{"@timestamp": "2026-02-09T16:06:37.160002+00:00", "service": "dummy-backend", "level": "INFO", "route": "/logout", "status": 200, "latency_ms": 490, "user_id": "u183", "msg": "ok", "trace_id": "61c5fbe6a82ea838"}
{"@timestamp": "2026-02-09T16:06:37.663817+00:00", "service": "dummy-backend", "level": "INFO", "route": "/profile", "status": 200, "latency_ms": 995, "user_id": "u198", "msg": "ok", "trace_id": "1140d834ac6a7640"}
{"@timestamp": "2026-02-09T16:06:38.167370+00:00", "service": "dummy-backend", "level": "INFO", "route": "/login", "status": 200, "latency_ms": 1128, "user_id": "u072", "msg": "ok", "trace_id": "4cf8ff37e160988f"}
{"@timestamp": "2026-02-09T16:06:38.672010+00:00", "service": "dummy-backend", "level": "INFO", "route": "/logout", "status": 200, "latency_ms": 1096, "user_id": "u074", "msg": "ok", "trace_id": "2526ba26ede23c5e"}
{"@timestamp": "2026-02-09T16:06:39.175729+00:00", "service": "dummy-backend", "level": "INFO", "route": "/logout", "status": 200, "latency_ms": 1145, "user_id": "u103", "msg": "ok", "trace_id": "db3c8ad582103893"}
{"@timestamp": "2026-02-09T16:06:39.681805+00:00", "service": "dummy-backend", "level": "INFO", "route": "/profile", "status": 200, "latency_ms": 505, "user_id": "u143", "msg": "ok", "trace_id": "095aa6c0b31689fb"}
{"@timestamp": "2026-02-09T16:06:40.187128+00:00", "service": "dummy-backend", "level": "INFO", "route": "/checkout", "status": 200, "latency_ms": 1013, "user_id": "u069", "msg": "ok", "trace_id": "77bc22f7bba69388"}
{"@timestamp": "2026-02-09T16:06:40.692114+00:00", "service": "dummy-backend", "level": "INFO", "route": "/profile", "status": 200, "latency_ms": 584, "user_id": "u144", "msg": "ok", "trace_id": "efdfd788ff4a1639"}
{"@timestamp": "2026-02-09T16:06:41.196695+00:00", "service": "dummy-backend", "level": "INFO", "route": "/checkout", "status": 200, "latency_ms": 635, "user_id": "u105", "msg": "ok", "trace_id": "cbc1a6dd7df20061"}
{"@timestamp": "2026-02-09T16:06:41.700618+00:00", "service": "dummy-backend", "level": "INFO", "route": "/checkout", "status": 200, "latency_ms": 24, "user_id": "u037", "msg": "ok", "trace_id": "2246e388da028a0f"}
{"@timestamp": "2026-02-09T16:06:42.207009+00:00", "service": "dummy-backend", "level": "ERROR", "route": "/checkout", "status": 500, "latency_ms": 218, "user_id": "u095", "msg": "payment_retry", "trace_id": "fb91f83ae4cf2a8b"}
{"@timestamp": "2026-02-09T16:06:42.710658+00:00", "service": "dummy-backend", "level": "INFO", "route": "/profile", "status": 200, "latency_ms": 327, "user_id": "u128", "msg": "ok", "trace_id": "69c1ad3e2be49a7f"}
{"@timestamp": "2026-02-09T16:06:43.215082+00:00", "service": "dummy-backend", "level": "ERROR", "route": "/checkout", "status": 409, "latency_ms": 480, "user_id": "u002", "msg": "payment_retry", "trace_id": "3eed11949bf9426e"}
{"@timestamp": "2026-02-09T16:06:43.719252+00:00", "service": "dummy-backend", "level": "INFO", "route": "/login", "status": 200, "latency_ms": 792, "user_id": "u152", "msg": "ok", "trace_id": "a26cd4629b0aac15"}
{"@timestamp": "2026-02-09T16:06:44.222969+00:00", "service": "dummy-backend", "level": "INFO", "route": "/login", "status": 200, "latency_ms": 101, "user_id": "u141", "msg": "ok", "trace_id": "9c9821a3819478d0"}
{"@timestamp": "2026-02-09T16:06:44.727289+00:00", "service": "dummy-backend", "level": "ERROR", "route": "/profile", "status": 200, "latency_ms": 57, "user_id": "u172", "msg": "ok", "trace_id": "555d2a797a7af6d3"}
{"@timestamp": "2026-02-09T16:06:45.233362+00:00", "service": "dummy-backend", "level": "INFO", "route": "/login", "status": 200, "latency_ms": 393, "user_id": "u006", "msg": "ok", "trace_id": "fba322707ad82d93"}
{"@timestamp": "2026-02-09T16:06:45.738460+00:00", "service": "dummy-backend", "level": "INFO", "route": "/profile", "status": 200, "latency_ms": 1073, "user_id": "u124", "msg": "ok", "trace_id": "66f6a3a22ae49c4e"}
{"@timestamp": "2026-02-09T16:06:46.243315+00:00", "service": "dummy-backend", "level": "INFO", "route": "/search", "status": 200, "latency_ms": 680, "user_id": "u041", "msg": "ok", "trace_id": "9313518756808ceb"}
{"@timestamp": "2026-02-09T16:06:46.748426+00:00", "service": "dummy-backend", "level": "INFO", "route": "/login", "status": 200, "latency_ms": 900, "user_id": "u068", "msg": "ok", "trace_id": "3f933644fb99aed7"}
{"@timestamp": "2026-02-09T16:06:47.252659+00:00", "service": "dummy-backend", "level": "INFO", "route": "/checkout", "status": 200, "latency_ms": 506, "user_id": "u194", "msg": "ok", "trace_id": "fd7e37446d2eea39"}
{"@timestamp": "2026-02-09T16:06:47.758124+00:00", "service": "dummy-backend", "level": "INFO", "route": "/checkout", "status": 200, "latency_ms": 138, "user_id": "u028", "msg": "ok", "trace_id": "f99f503f3cfb4567"}
{"@timestamp": "2026-02-09T16:06:48.263395+00:00", "service": "dummy-backend", "level": "ERROR", "route": "/profile", "status": 200, "latency_ms": 491, "user_id": "u005", "msg": "ok", "trace_id": "3b32bbc9118ee4c1"}
{"@timestamp": "2026-02-09T16:06:48.768353+00:00", "service": "dummy-backend", "level": "INFO", "route": "/logout", "status": 200, "latency_ms": 334, "user_id": "u098", "msg": "ok", "trace_id": "194d46ca33a9c51d"}
{"@timestamp": "2026-02-09T16:06:49.274818+00:00", "service": "dummy-backend", "level": "INFO", "route": "/logout", "status": 200, "latency_ms": 615, "user_id": "u056", "msg": "ok", "trace_id": "89aa287fbfdc6225"}
{"@timestamp": "2026-02-09T16:06:49.780555+00:00", "service": "dummy-backend", "level": "INFO", "route": "/search", "status": 200, "latency_ms": 716, "user_id": "u092", "msg": "ok", "trace_id": "18631aa14685675f"}
{"@timestamp": "2026-02-09T16:06:50.286051+00:00", "service": "dummy-backend", "level": "INFO", "route": "/login", "status": 200, "latency_ms": 203, "user_id": "u159", "msg": "ok", "trace_id": "d0ac7f01a7368c5e"}
{"@timestamp": "2026-02-09T16:06:50.791696+00:00", "service": "dummy-backend", "level": "INFO", "route": "/profile", "status": 200, "latency_ms": 235, "user_id": "u005", "msg": "ok", "trace_id": "f4629d22ab34fc46"}
{"@timestamp": "2026-02-09T16:06:51.297568+00:00", "service": "dummy-backend", "level": "INFO", "route": "/logout", "status": 200, "latency_ms": 1171, "user_id": "u060", "msg": "ok", "trace_id": "b80e8c26c8fc0191"}
{"@timestamp": "2026-02-09T16:06:51.803537+00:00", "service": "dummy-backend", "level": "INFO", "route": "/logout", "status": 200, "latency_ms": 367, "user_id": "u066", "msg": "ok", "trace_id": "3f7343c5e52d42fb"}
{"@timestamp": "2026-02-09T16:06:52.314629+00:00", "service": "dummy-backend", "level": "INFO", "route": "/login", "status": 200, "latency_ms": 84, "user_id": "u064", "msg": "ok", "trace_id": "e8a4d15b8a16ba25"}
{"@timestamp": "2026-02-09T16:06:52.818450+00:00", "service": "dummy-backend", "level": "INFO", "route": "/profile", "status": 200, "latency_ms": 459, "user_id": "u043", "msg": "ok", "trace_id": "741be3120cd76b37"}
{"@timestamp": "2026-02-09T16:06:53.322289+00:00", "service": "dummy-backend", "level": "INFO", "route": "/search", "status": 200, "latency_ms": 1135, "user_id": "u070", "msg": "ok", "trace_id": "051163e13680d7d0"}
{"@timestamp": "2026-02-09T16:06:53.825784+00:00", "service": "dummy-backend", "level": "INFO", "route": "/checkout", "status": 200, "latency_ms": 808, "user_id": "u108", "msg": "ok", "trace_id": "3227c3037fe3834c"}
{"@timestamp": "2026-02-09T16:06:54.330792+00:00", "service": "dummy-backend", "level": "INFO", "route": "/checkout", "status": 200, "latency_ms": 192, "user_id": "u155", "msg": "ok", "trace_id": "4b353e7d7310d176"}
{"@timestamp": "2026-02-09T16:06:54.834424+00:00", "service": "dummy-backend", "level": "INFO", "route": "/checkout", "status": 200, "latency_ms": 640, "user_id": "u052", "msg": "ok", "trace_id": "328d4eab18dcd1f4"}
{"@timestamp": "2026-02-09T16:06:55.331982+00:00", "service": "dummy-backend", "level": "INFO", "route": "/login", "status": 200, "latency_ms": 371, "user_id": "u003", "msg": "ok", "trace_id": "daa8e1d2d73b1713"}
{"@timestamp": "2026-02-09T16:06:55.835361+00:00", "service": "dummy-backend", "level": "ERROR", "route": "/logout", "status": 200, "latency_ms": 747, "user_id": "u097", "msg": "ok", "trace_id": "7d6a4aa59f64fe7c"}
{"@timestamp": "2026-02-09T16:06:56.340120+00:00", "service": "dummy-backend", "level": "WARN", "route": "/logout", "status": 200, "latency_ms": 323, "user_id": "u040", "msg": "ok", "trace_id": "dde6af037e9889d1"}
{"@timestamp": "2026-02-09T16:06:56.843724+00:00", "service": "dummy-backend", "level": "INFO", "route": "/logout", "status": 200, "latency_ms": 398, "user_id": "u079", "msg": "ok", "trace_id": "41f75f21f6862bf9"}
{"@timestamp": "2026-02-09T16:06:57.348487+00:00", "service": "dummy-backend", "level": "WARN", "route": "/profile", "status": 200, "latency_ms": 380, "user_id": "u150", "msg": "ok", "trace_id": "721df5f4cf1616c6"}
{"@timestamp": "2026-02-09T16:06:57.852995+00:00", "service": "dummy-backend", "level": "INFO", "route": "/search", "status": 200, "latency_ms": 22, "user_id": "u117", "msg": "ok", "trace_id": "7e7b10f63deed803"}
{"@timestamp": "2026-02-09T16:06:58.357435+00:00", "service": "dummy-backend", "level": "WARN", "route": "/search", "status": 200, "latency_ms": 1108, "user_id": "u023", "msg": "ok", "trace_id": "2d47445a4d5b753b"}
{"@timestamp": "2026-02-09T16:06:58.861394+00:00", "service": "dummy-backend", "level": "INFO", "route": "/checkout", "status": 200, "latency_ms": 993, "user_id": "u008", "msg": "ok", "trace_id": "0c6fc3979b1e6924"}
{"@timestamp": "2026-02-09T16:06:59.367813+00:00", "service": "dummy-backend", "level": "INFO", "route": "/logout", "status": 200, "latency_ms": 72, "user_id": "u188", "msg": "ok", "trace_id": "9536cf15111fe712"}
{"@timestamp": "2026-02-09T16:06:59.873645+00:00", "service": "dummy-backend", "level": "INFO", "route": "/search", "status": 200, "latency_ms": 532, "user_id": "u117", "msg": "ok", "trace_id": "7b03ec3e4ad6b65d"}
{"@timestamp": "2026-02-09T16:07:00.379450+00:00", "service": "dummy-backend", "level": "INFO", "route": "/logout", "status": 200, "latency_ms": 550, "user_id": "u017", "msg": "ok", "trace_id": "eca2522fcf676a4c"}
{"@timestamp": "2026-02-09T16:07:00.884148+00:00", "service": "dummy-backend", "level": "INFO", "route": "/checkout", "status": 200, "latency_ms": 1029, "user_id": "u136", "msg": "ok", "trace_id": "65cb11a400c8c93f"}
{"@timestamp": "2026-02-09T16:07:01.389183+00:00", "service": "dummy-backend", "level": "WARN", "route": "/login", "status": 200, "latency_ms": 1023, "user_id": "u144", "msg": "ok", "trace_id": "ad22a090d37a6746"}
{"@timestamp": "2026-02-09T16:07:01.893294+00:00", "service": "dummy-backend", "level": "INFO", "route": "/profile", "status": 200, "latency_ms": 218, "user_id": "u197", "msg": "ok", "trace_id": "7ca556c5439fdbb1"}
{"@timestamp": "2026-02-09T16:07:02.397527+00:00", "service": "dummy-backend", "level": "INFO", "route": "/login", "status": 200, "latency_ms": 34, "user_id": "u040", "msg": "ok", "trace_id": "924d9f100db7cbdb"}
{"@timestamp": "2026-02-09T16:07:02.902701+00:00", "service": "dummy-backend", "level": "INFO", "route": "/search", "status": 200, "latency_ms": 980, "user_id": "u048", "msg": "ok", "trace_id": "a917045cd05f66ee"}
{"@timestamp": "2026-02-09T16:07:03.406763+00:00", "service": "dummy-backend", "level": "WARN", "route": "/login", "status": 200, "latency_ms": 681, "user_id": "u133", "msg": "ok", "trace_id": "a1f6d945f5750218"}
{"@timestamp": "2026-02-09T16:07:03.911847+00:00", "service": "dummy-backend", "level": "INFO", "route": "/checkout", "status": 200, "latency_ms": 1007, "user_id": "u135", "msg": "ok", "trace_id": "2898b114a97250e0"}
{"@timestamp": "2026-02-09T16:07:04.417711+00:00", "service": "dummy-backend", "level": "INFO", "route": "/profile", "status": 200, "latency_ms": 323, "user_id": "u173", "msg": "ok", "trace_id": "b848d06042d416b0"}
{"@timestamp": "2026-02-09T16:07:04.921564+00:00", "service": "dummy-backend", "level": "INFO", "route": "/login", "status": 200, "latency_ms": 937, "user_id": "u111", "msg": "ok", "trace_id": "3a14529ea63de7be"}
{"@timestamp": "2026-02-09T16:07:05.426367+00:00", "service": "dummy-backend", "level": "INFO", "route": "/profile", "status": 200, "latency_ms": 956, "user_id": "u123", "msg": "ok", "trace_id": "9dae53fb15050732"}
{"@timestamp": "2026-02-09T16:07:05.931699+00:00", "service": "dummy-backend", "level": "INFO", "route": "/profile", "status": 200, "latency_ms": 604, "user_id": "u188", "msg": "ok", "trace_id": "dc75d4cd5351a5ac"}
{"@timestamp": "2026-02-09T16:07:06.436864+00:00", "service": "dummy-backend", "level": "INFO", "route": "/logout", "status": 200, "latency_ms": 1099, "user_id": "u116", "msg": "ok", "trace_id": "fe7ee2735d31fbf9"}
{"@timestamp": "2026-02-09T16:07:06.942373+00:00", "service": "dummy-backend", "level": "INFO", "route": "/login", "status": 200, "latency_ms": 743, "user_id": "u049", "msg": "ok", "trace_id": "abdc1547618f4678"}
{"@timestamp": "2026-02-09T16:07:07.447414+00:00", "service": "dummy-backend", "level": "INFO", "route": "/login", "status": 200, "latency_ms": 434, "user_id": "u013", "msg": "ok", "trace_id": "a214512a0b0ee570"}
{"@timestamp": "2026-02-09T16:07:07.952476+00:00", "service": "dummy-backend", "level": "INFO", "route": "/checkout", "status": 200, "latency_ms": 980, "user_id": "u070", "msg": "ok", "trace_id": "9367bbcd09febd9b"}
{"@timestamp": "2026-02-09T16:07:08.457338+00:00", "service": "dummy-backend", "level": "INFO", "route": "/profile", "status": 200, "latency_ms": 849, "user_id": "u161", "msg": "ok", "trace_id": "a4e48bf92fdc754e"}
{"@timestamp": "2026-02-09T16:07:08.961202+00:00", "service": "dummy-backend", "level": "INFO", "route": "/checkout", "status": 200, "latency_ms": 242, "user_id": "u062", "msg": "ok", "trace_id": "942a7b9813d32b89"}
{"@timestamp": "2026-02-09T16:07:09.465321+00:00", "service": "dummy-backend", "level": "INFO", "route": "/login", "status": 200, "latency_ms": 7, "user_id": "u027", "msg": "ok", "trace_id": "6533d49cfd834e1f"}
{"@timestamp": "2026-02-09T16:07:09.968737+00:00", "service": "dummy-backend", "level": "ERROR", "route": "/profile", "status": 200, "latency_ms": 794, "user_id": "u155", "msg": "ok", "trace_id": "f503426e3a5d8d0e"}
{"@timestamp": "2026-02-09T16:07:10.474239+00:00", "service": "dummy-backend", "level": "INFO", "route": "/login", "status": 200, "latency_ms": 64, "user_id": "u156", "msg": "ok", "trace_id": "0a15938444884c40"}
{"@timestamp": "2026-02-09T16:07:10.979946+00:00", "service": "dummy-backend", "level": "INFO", "route": "/search", "status": 200, "latency_ms": 322, "user_id": "u038", "msg": "ok", "trace_id": "b96ee0eea53bb431"}
{"@timestamp": "2026-02-09T16:07:11.485353+00:00", "service": "dummy-backend", "level": "INFO", "route": "/search", "status": 200, "latency_ms": 500, "user_id": "u003", "msg": "ok", "trace_id": "8b23c81f9acb952c"}
{"@timestamp": "2026-02-09T16:07:11.989107+00:00", "service": "dummy-backend", "level": "INFO", "route": "/search", "status": 200, "latency_ms": 581, "user_id": "u090", "msg": "ok", "trace_id": "60664264de68ead2"}
{"@timestamp": "2026-02-09T16:07:12.494133+00:00", "service": "dummy-backend", "level": "INFO", "route": "/checkout", "status": 200, "latency_ms": 129, "user_id": "u123", "msg": "ok", "trace_id": "4c5d0471736eac0e"}
{"@timestamp": "2026-02-09T16:07:12.998516+00:00", "service": "dummy-backend", "level": "INFO", "route": "/login", "status": 200, "latency_ms": 852, "user_id": "u163", "msg": "ok", "trace_id": "36800eaf27d0f87c"}
{"@timestamp": "2026-02-09T16:07:13.502765+00:00", "service": "dummy-backend", "level": "INFO", "route": "/logout", "status": 200, "latency_ms": 959, "user_id": "u002", "msg": "ok", "trace_id": "6a549e7d60eebc91"}
{"@timestamp": "2026-02-09T16:07:14.006111+00:00", "service": "dummy-backend", "level": "INFO", "route": "/login", "status": 200, "latency_ms": 447, "user_id": "u053", "msg": "ok", "trace_id": "104d52756b4996cb"}
{"@timestamp": "2026-02-09T16:07:14.511023+00:00", "service": "dummy-backend", "level": "ERROR", "route": "/logout", "status": 200, "latency_ms": 805, "user_id": "u106", "msg": "ok", "trace_id": "9a4f53090dfb466f"}
{"@timestamp": "2026-02-09T16:07:15.014668+00:00", "service": "dummy-backend", "level": "INFO", "route": "/search", "status": 200, "latency_ms": 37, "user_id": "u012", "msg": "ok", "trace_id": "2da57c59c4ebbf7a"}
{"@timestamp": "2026-02-09T16:07:15.518725+00:00", "service": "dummy-backend", "level": "INFO", "route": "/profile", "status": 200, "latency_ms": 740, "user_id": "u138", "msg": "ok", "trace_id": "1d80c146343e92a2"}
{"@timestamp": "2026-02-09T16:07:16.023975+00:00", "service": "dummy-backend", "level": "INFO", "route": "/search", "status": 200, "latency_ms": 49, "user_id": "u008", "msg": "ok", "trace_id": "6d33a615a2ce3395"}
{"@timestamp": "2026-02-09T16:07:16.529590+00:00", "service": "dummy-backend", "level": "INFO", "route": "/checkout", "status": 200, "latency_ms": 1153, "user_id": "u073", "msg": "ok", "trace_id": "dfab86f40bb97d13"}
{"@timestamp": "2026-02-09T16:07:17.034045+00:00", "service": "dummy-backend", "level": "INFO", "route": "/logout", "status": 200, "latency_ms": 836, "user_id": "u056", "msg": "ok", "trace_id": "9152a2201aaa4a19"}
{"@timestamp": "2026-02-09T16:07:17.538580+00:00", "service": "dummy-backend", "level": "INFO", "route": "/profile", "status": 200, "latency_ms": 378, "user_id": "u143", "msg": "ok", "trace_id": "44cee56cf17b6784"}
{"@timestamp": "2026-02-09T16:07:18.042176+00:00", "service": "dummy-backend", "level": "INFO", "route": "/search", "status": 200, "latency_ms": 1050, "user_id": "u034", "msg": "ok", "trace_id": "4ef3696e63addcc1"}
{"@timestamp": "2026-02-09T16:07:18.546029+00:00", "service": "dummy-backend", "level": "INFO", "route": "/search", "status": 200, "latency_ms": 471, "user_id": "u148", "msg": "ok", "trace_id": "1f5f4b48fce712fd"}
{"@timestamp": "2026-02-09T16:07:19.050673+00:00", "service": "dummy-backend", "level": "INFO", "route": "/profile", "status": 200, "latency_ms": 1159, "user_id": "u182", "msg": "ok", "trace_id": "09dae60954b69764"}
{"@timestamp": "2026-02-09T16:07:19.555207+00:00", "service": "dummy-backend", "level": "INFO", "route": "/search", "status": 200, "latency_ms": 383, "user_id": "u043", "msg": "ok", "trace_id": "5db53b42d91a75ae"}
{"@timestamp": "2026-02-09T16:07:20.060490+00:00", "service": "dummy-backend", "level": "INFO", "route": "/login", "status": 200, "latency_ms": 40, "user_id": "u057", "msg": "ok", "trace_id": "fbcd0a9efb8d3355"}
{"@timestamp": "2026-02-09T16:07:20.564485+00:00", "service": "dummy-backend", "level": "INFO", "route": "/search", "status": 200, "latency_ms": 1068, "user_id": "u181", "msg": "ok", "trace_id": "9e691038dbf41b3e"}
{"@timestamp": "2026-02-09T16:07:21.068670+00:00", "service": "dummy-backend", "level": "INFO", "route": "/search", "status": 200, "latency_ms": 929, "user_id": "u146", "msg": "ok", "trace_id": "0dd8bab549617f20"}
{"@timestamp": "2026-02-09T16:07:21.573200+00:00", "service": "dummy-backend", "level": "INFO", "route": "/checkout", "status": 200, "latency_ms": 154, "user_id": "u008", "msg": "ok", "trace_id": "1fba565981630bf5"}
{"@timestamp": "2026-02-09T16:07:22.078399+00:00", "service": "dummy-backend", "level": "INFO", "route": "/login", "status": 200, "latency_ms": 708, "user_id": "u065", "msg": "ok", "trace_id": "e8d5dfbc2611b795"}
{"@timestamp": "2026-02-09T16:07:22.582631+00:00", "service": "dummy-backend", "level": "INFO", "route": "/checkout", "status": 200, "latency_ms": 1061, "user_id": "u099", "msg": "ok", "trace_id": "759e459da8288f3c"}
{"@timestamp": "2026-02-09T16:07:23.086696+00:00", "service": "dummy-backend", "level": "INFO", "route": "/search", "status": 200, "latency_ms": 530, "user_id": "u077", "msg": "ok", "trace_id": "38797418b3030c15"}
{"@timestamp": "2026-02-09T16:07:23.591390+00:00", "service": "dummy-backend", "level": "INFO", "route": "/search", "status": 200, "latency_ms": 1123, "user_id": "u023", "msg": "ok", "trace_id": "5f2cd139ad9f394b"}
{"@timestamp": "2026-02-09T16:07:24.095243+00:00", "service": "dummy-backend", "level": "ERROR", "route": "/logout", "status": 200, "latency_ms": 404, "user_id": "u048", "msg": "ok", "trace_id": "612c627c07775bb5"}
{"@timestamp": "2026-02-09T16:07:24.599657+00:00", "service": "dummy-backend", "level": "WARN", "route": "/checkout", "status": 500, "latency_ms": 555, "user_id": "u067", "msg": "payment_retry", "trace_id": "40abb0df66951a09"}
{"@timestamp": "2026-02-09T16:07:25.095308+00:00", "service": "dummy-backend", "level": "WARN", "route": "/logout", "status": 200, "latency_ms": 19, "user_id": "u069", "msg": "ok", "trace_id": "24c6c592d0567478"}
{"@timestamp": "2026-02-09T16:07:25.598913+00:00", "service": "dummy-backend", "level": "INFO", "route": "/profile", "status": 200, "latency_ms": 256, "user_id": "u056", "msg": "ok", "trace_id": "9e9191f0cc974ffe"}
{"@timestamp": "2026-02-09T16:07:26.103825+00:00", "service": "dummy-backend", "level": "INFO", "route": "/checkout", "status": 200, "latency_ms": 1129, "user_id": "u097", "msg": "ok", "trace_id": "49414843c7e59d3c"}
{"@timestamp": "2026-02-09T16:07:26.608158+00:00", "service": "dummy-backend", "level": "INFO", "route": "/logout", "status": 200, "latency_ms": 559, "user_id": "u103", "msg": "ok", "trace_id": "78f503747bb18a10"}
{"@timestamp": "2026-02-09T16:07:27.112834+00:00", "service": "dummy-backend", "level": "WARN", "route": "/profile", "status": 200, "latency_ms": 1003, "user_id": "u061", "msg": "ok", "trace_id": "fb12dddf301f435e"}
{"@timestamp": "2026-02-09T16:07:27.618191+00:00", "service": "dummy-backend", "level": "INFO", "route": "/profile", "status": 200, "latency_ms": 137, "user_id": "u128", "msg": "ok", "trace_id": "54a00a6e163285c5"}
{"@timestamp": "2026-02-09T16:07:28.122446+00:00", "service": "dummy-backend", "level": "INFO", "route": "/logout", "status": 200, "latency_ms": 527, "user_id": "u116", "msg": "ok", "trace_id": "8c537f15b17b740a"}
{"@timestamp": "2026-02-09T16:07:28.626801+00:00", "service": "dummy-backend", "level": "INFO", "route": "/profile", "status": 200, "latency_ms": 330, "user_id": "u146", "msg": "ok", "trace_id": "0e97042f8f753331"}
{"@timestamp": "2026-02-09T16:07:29.131073+00:00", "service": "dummy-backend", "level": "INFO", "route": "/checkout", "status": 200, "latency_ms": 1043, "user_id": "u078", "msg": "ok", "trace_id": "1029edd7b4cdb3c3"}
{"@timestamp": "2026-02-09T16:07:29.634817+00:00", "service": "dummy-backend", "level": "INFO", "route": "/search", "status": 200, "latency_ms": 1030, "user_id": "u184", "msg": "ok", "trace_id": "db59135488f67170"}
{"@timestamp": "2026-02-09T16:07:30.139158+00:00", "service": "dummy-backend", "level": "INFO", "route": "/search", "status": 200, "latency_ms": 848, "user_id": "u033", "msg": "ok", "trace_id": "cadc48320a809dd3"}
{"@timestamp": "2026-02-09T16:07:30.642745+00:00", "service": "dummy-backend", "level": "INFO", "route": "/search", "status": 200, "latency_ms": 1166, "user_id": "u046", "msg": "ok", "trace_id": "36f413f715170d6d"}
{"@timestamp": "2026-02-09T16:07:31.146826+00:00", "service": "dummy-backend", "level": "INFO", "route": "/profile", "status": 200, "latency_ms": 918, "user_id": "u128", "msg": "ok", "trace_id": "9c68d4552fa0d1bd"}
{"@timestamp": "2026-02-09T16:07:31.651131+00:00", "service": "dummy-backend", "level": "INFO", "route": "/search", "status": 200, "latency_ms": 810, "user_id": "u136", "msg": "ok", "trace_id": "a8b29ed22288e64b"}
{"@timestamp": "2026-02-09T16:07:32.155925+00:00", "service": "dummy-backend", "level": "WARN", "route": "/logout", "status": 200, "latency_ms": 563, "user_id": "u096", "msg": "ok", "trace_id": "ddd376d094592671"}
{"@timestamp": "2026-02-09T16:07:32.660431+00:00", "service": "dummy-backend", "level": "INFO", "route": "/login", "status": 200, "latency_ms": 152, "user_id": "u068", "msg": "ok", "trace_id": "fbc4f104c5f4d185"}
{"@timestamp": "2026-02-09T16:07:33.165039+00:00", "service": "dummy-backend", "level": "INFO", "route": "/logout", "status": 200, "latency_ms": 987, "user_id": "u199", "msg": "ok", "trace_id": "b447f41404ff7cc2"}
{"@timestamp": "2026-02-09T16:07:33.669495+00:00", "service": "dummy-backend", "level": "WARN", "route": "/search", "status": 200, "latency_ms": 918, "user_id": "u136", "msg": "ok", "trace_id": "cc91f7537872c60b"}
{"@timestamp": "2026-02-09T16:07:34.174235+00:00", "service": "dummy-backend", "level": "ERROR", "route": "/checkout", "status": 422, "latency_ms": 970, "user_id": "u153", "msg": "gateway_error", "trace_id": "3d4db2873006a168"}
{"@timestamp": "2026-02-09T16:07:34.678700+00:00", "service": "dummy-backend", "level": "INFO", "route": "/logout", "status": 200, "latency_ms": 636, "user_id": "u153", "msg": "ok", "trace_id": "bac7fd6ff8300f74"}
{"@timestamp": "2026-02-09T16:07:35.182848+00:00", "service": "dummy-backend", "level": "INFO", "route": "/profile", "status": 200, "latency_ms": 138, "user_id": "u135", "msg": "ok", "trace_id": "0518193e793e78b5"}
{"@timestamp": "2026-02-09T16:07:35.686970+00:00", "service": "dummy-backend", "level": "INFO", "route": "/checkout", "status": 200, "latency_ms": 124, "user_id": "u193", "msg": "ok", "trace_id": "bebafb1a4f2e9c36"}
{"@timestamp": "2026-02-09T16:07:36.190855+00:00", "service": "dummy-backend", "level": "INFO", "route": "/logout", "status": 200, "latency_ms": 137, "user_id": "u009", "msg": "ok", "trace_id": "2d53e44c1d1596d5"}
{"@timestamp": "2026-02-09T16:07:36.695816+00:00", "service": "dummy-backend", "level": "INFO", "route": "/search", "status": 200, "latency_ms": 366, "user_id": "u045", "msg": "ok", "trace_id": "8dbec8b319676119"}
{"@timestamp": "2026-02-09T16:07:37.200411+00:00", "service": "dummy-backend", "level": "INFO", "route": "/checkout", "status": 200, "latency_ms": 1080, "user_id": "u164", "msg": "ok", "trace_id": "863f2fcfb27986d4"}
{"@timestamp": "2026-02-09T16:07:37.705849+00:00", "service": "dummy-backend", "level": "ERROR", "route": "/login", "status": 500, "latency_ms": 328, "user_id": "u123", "msg": "token_expired", "trace_id": "fa05257119990a6c"}
{"@timestamp": "2026-02-09T16:07:38.210200+00:00", "service": "dummy-backend", "level": "ERROR", "route": "/profile", "status": 200, "latency_ms": 515, "user_id": "u185", "msg": "ok", "trace_id": "72d1cae50fc009dd"}
{"@timestamp": "2026-02-09T16:07:38.714398+00:00", "service": "dummy-backend", "level": "INFO", "route": "/profile", "status": 200, "latency_ms": 655, "user_id": "u114", "msg": "ok", "trace_id": "f2e6a52fa2ba6e0f"}
{"@timestamp": "2026-02-09T16:07:39.218298+00:00", "service": "dummy-backend", "level": "INFO", "route": "/logout", "status": 200, "latency_ms": 472, "user_id": "u076", "msg": "ok", "trace_id": "8732b85d94ccaf76"}
{"@timestamp": "2026-02-09T16:07:39.723115+00:00", "service": "dummy-backend", "level": "INFO", "route": "/login", "status": 200, "latency_ms": 1163, "user_id": "u151", "msg": "ok", "trace_id": "380caf8a06987894"}
{"@timestamp": "2026-02-09T16:07:40.227897+00:00", "service": "dummy-backend", "level": "INFO", "route": "/logout", "status": 200, "latency_ms": 947, "user_id": "u101", "msg": "ok", "trace_id": "bc79e361abfb3787"}
{"@timestamp": "2026-02-09T16:07:40.736875+00:00", "service": "dummy-backend", "level": "INFO", "route": "/profile", "status": 200, "latency_ms": 999, "user_id": "u042", "msg": "ok", "trace_id": "e0edb094e127f779"}
{"@timestamp": "2026-02-09T16:07:41.241030+00:00", "service": "dummy-backend", "level": "INFO", "route": "/checkout", "status": 200, "latency_ms": 268, "user_id": "u131", "msg": "ok", "trace_id": "0910dd9da66343d0"}
{"@timestamp": "2026-02-09T16:07:41.744982+00:00", "service": "dummy-backend", "level": "INFO", "route": "/search", "status": 200, "latency_ms": 215, "user_id": "u141", "msg": "ok", "trace_id": "241d8b06ebe6950b"}
{"@timestamp": "2026-02-09T16:07:42.251711+00:00", "service": "dummy-backend", "level": "INFO", "route": "/login", "status": 200, "latency_ms": 427, "user_id": "u121", "msg": "ok", "trace_id": "759bc4739cd79eaf"}
{"@timestamp": "2026-02-09T16:07:42.755276+00:00", "service": "dummy-backend", "level": "INFO", "route": "/profile", "status": 200, "latency_ms": 314, "user_id": "u116", "msg": "ok", "trace_id": "49d9e733007d3b73"}
{"@timestamp": "2026-02-09T16:07:43.259794+00:00", "service": "dummy-backend", "level": "INFO", "route": "/logout", "status": 200, "latency_ms": 754, "user_id": "u138", "msg": "ok", "trace_id": "d0b86e0566df45cc"}
{"@timestamp": "2026-02-09T16:07:43.763438+00:00", "service": "dummy-backend", "level": "INFO", "route": "/login", "status": 200, "latency_ms": 104, "user_id": "u176", "msg": "ok", "trace_id": "0a2c02b589b05797"}
{"@timestamp": "2026-02-09T16:07:44.270674+00:00", "service": "dummy-backend", "level": "INFO", "route": "/checkout", "status": 200, "latency_ms": 1186, "user_id": "u166", "msg": "ok", "trace_id": "7fdff497981715b5"}
{"@timestamp": "2026-02-09T16:07:44.775504+00:00", "service": "dummy-backend", "level": "INFO", "route": "/logout", "status": 200, "latency_ms": 848, "user_id": "u170", "msg": "ok", "trace_id": "11eda207817e2501"}
{"@timestamp": "2026-02-09T16:07:45.280291+00:00", "service": "dummy-backend", "level": "INFO", "route": "/profile", "status": 200, "latency_ms": 526, "user_id": "u032", "msg": "ok", "trace_id": "272e70e947638231"}
{"@timestamp": "2026-02-09T16:07:45.784756+00:00", "service": "dummy-backend", "level": "INFO", "route": "/checkout", "status": 200, "latency_ms": 441, "user_id": "u018", "msg": "ok", "trace_id": "62fb836eeeb12751"}
{"@timestamp": "2026-02-09T16:07:46.289806+00:00", "service": "dummy-backend", "level": "INFO", "route": "/profile", "status": 200, "latency_ms": 496, "user_id": "u137", "msg": "ok", "trace_id": "8d696e020edb7a1d"}
{"@timestamp": "2026-02-09T16:07:46.793963+00:00", "service": "dummy-backend", "level": "INFO", "route": "/profile", "status": 200, "latency_ms": 1016, "user_id": "u181", "msg": "ok", "trace_id": "43216efe7d45ed73"}
{"@timestamp": "2026-02-09T16:07:47.297833+00:00", "service": "dummy-backend", "level": "INFO", "route": "/search", "status": 200, "latency_ms": 423, "user_id": "u071", "msg": "ok", "trace_id": "17b5d2ba1c3c8cd2"}
{"@timestamp": "2026-02-09T16:07:47.801189+00:00", "service": "dummy-backend", "level": "INFO", "route": "/login", "status": 200, "latency_ms": 46, "user_id": "u048", "msg": "ok", "trace_id": "c2bbba2638ad9020"}
{"@timestamp": "2026-02-09T16:07:48.304989+00:00", "service": "dummy-backend", "level": "INFO", "route": "/logout", "status": 200, "latency_ms": 300, "user_id": "u109", "msg": "ok", "trace_id": "fde3938e44ec8654"}
{"@timestamp": "2026-02-09T16:07:48.808737+00:00", "service": "dummy-backend", "level": "INFO", "route": "/logout", "status": 200, "latency_ms": 264, "user_id": "u135", "msg": "ok", "trace_id": "57bd3f51e01e8100"}
{"@timestamp": "2026-02-09T16:07:49.312539+00:00", "service": "dummy-backend", "level": "WARN", "route": "/logout", "status": 200, "latency_ms": 1083, "user_id": "u167", "msg": "ok", "trace_id": "9c8b68e82b26e1f0"}
{"@timestamp": "2026-02-09T16:07:49.817033+00:00", "service": "dummy-backend", "level": "INFO", "route": "/profile", "status": 200, "latency_ms": 591, "user_id": "u068", "msg": "ok", "trace_id": "60f5681db3bbb19c"}
{"@timestamp": "2026-02-09T16:07:50.322034+00:00", "service": "dummy-backend", "level": "INFO", "route": "/login", "status": 200, "latency_ms": 1046, "user_id": "u174", "msg": "ok", "trace_id": "44a25ae599e55428"}
{"@timestamp": "2026-02-09T16:07:50.827427+00:00", "service": "dummy-backend", "level": "INFO", "route": "/checkout", "status": 200, "latency_ms": 1090, "user_id": "u054", "msg": "ok", "trace_id": "0fa2c757909c09a5"}
{"@timestamp": "2026-02-09T16:07:51.332762+00:00", "service": "dummy-backend", "level": "INFO", "route": "/profile", "status": 200, "latency_ms": 170, "user_id": "u052", "msg": "ok", "trace_id": "4c471fa00b781c47"}
{"@timestamp": "2026-02-09T16:07:51.837147+00:00", "service": "dummy-backend", "level": "INFO", "route": "/login", "status": 200, "latency_ms": 1055, "user_id": "u060", "msg": "ok", "trace_id": "3ee1da882fe0329e"}
{"@timestamp": "2026-02-09T16:07:52.344158+00:00", "service": "dummy-backend", "level": "INFO", "route": "/profile", "status": 200, "latency_ms": 182, "user_id": "u179", "msg": "ok", "trace_id": "ac137843438a0c2a"}
{"@timestamp": "2026-02-09T16:07:52.848941+00:00", "service": "dummy-backend", "level": "INFO", "route": "/login", "status": 200, "latency_ms": 574, "user_id": "u132", "msg": "ok", "trace_id": "340010b85b3cdbca"}
{"@timestamp": "2026-02-09T16:07:53.353261+00:00", "service": "dummy-backend", "level": "INFO", "route": "/login", "status": 200, "latency_ms": 40, "user_id": "u142", "msg": "ok", "trace_id": "a3b530596d44f782"}
{"@timestamp": "2026-02-09T16:07:53.857192+00:00", "service": "dummy-backend", "level": "INFO", "route": "/profile", "status": 200, "latency_ms": 712, "user_id": "u008", "msg": "ok", "trace_id": "28e12097dc550a46"}
{"@timestamp": "2026-02-09T16:07:54.361233+00:00", "service": "dummy-backend", "level": "INFO", "route": "/profile", "status": 200, "latency_ms": 973, "user_id": "u164", "msg": "ok", "trace_id": "167ee299e8b8c104"}
{"@timestamp": "2026-02-09T16:07:54.857938+00:00", "service": "dummy-backend", "level": "INFO", "route": "/profile", "status": 200, "latency_ms": 582, "user_id": "u131", "msg": "ok", "trace_id": "0caf9ec4d3c45364"}
{"@timestamp": "2026-02-09T16:07:55.362627+00:00", "service": "dummy-backend", "level": "INFO", "route": "/profile", "status": 200, "latency_ms": 1042, "user_id": "u135", "msg": "ok", "trace_id": "383e34041d17e7ac"}
{"@timestamp": "2026-02-09T16:07:55.866864+00:00", "service": "dummy-backend", "level": "INFO", "route": "/logout", "status": 200, "latency_ms": 702, "user_id": "u184", "msg": "ok", "trace_id": "f5b673762e16841c"}
{"@timestamp": "2026-02-09T16:07:56.371148+00:00", "service": "dummy-backend", "level": "INFO", "route": "/logout", "status": 200, "latency_ms": 507, "user_id": "u079", "msg": "ok", "trace_id": "1bf6100b432ba427"}
{"@timestamp": "2026-02-09T16:07:56.874481+00:00", "service": "dummy-backend", "level": "INFO", "route": "/search", "status": 200, "latency_ms": 217, "user_id": "u119", "msg": "ok", "trace_id": "cf9aa6ba971fef08"}
{"@timestamp": "2026-02-09T16:07:57.379038+00:00", "service": "dummy-backend", "level": "INFO", "route": "/search", "status": 200, "latency_ms": 571, "user_id": "u171", "msg": "ok", "trace_id": "03f15f53756d9f79"}
{"@timestamp": "2026-02-09T16:07:57.883949+00:00", "service": "dummy-backend", "level": "INFO", "route": "/search", "status": 200, "latency_ms": 689, "user_id": "u095", "msg": "ok", "trace_id": "a01ee32a220305d3"}
{"@timestamp": "2026-02-09T16:07:58.390399+00:00", "service": "dummy-backend", "level": "INFO", "route": "/profile", "status": 200, "latency_ms": 330, "user_id": "u036", "msg": "ok", "trace_id": "b8dc3c904d6678ec"}
{"@timestamp": "2026-02-09T16:07:58.895055+00:00", "service": "dummy-backend", "level": "INFO", "route": "/checkout", "status": 200, "latency_ms": 426, "user_id": "u059", "msg": "ok", "trace_id": "31f020a8c41cf26b"}
{"@timestamp": "2026-02-09T16:07:59.398458+00:00", "service": "dummy-backend", "level": "WARN", "route": "/search", "status": 200, "latency_ms": 1037, "user_id": "u167", "msg": "ok", "trace_id": "a82c628922cc56e9"}
{"@timestamp": "2026-02-09T16:07:59.902349+00:00", "service": "dummy-backend", "level": "INFO", "route": "/profile", "status": 200, "latency_ms": 238, "user_id": "u162", "msg": "ok", "trace_id": "a0161d29e6410c48"}
{"@timestamp": "2026-02-09T16:08:00.406141+00:00", "service": "dummy-backend", "level": "INFO", "route": "/checkout", "status": 200, "latency_ms": 1128, "user_id": "u001", "msg": "ok", "trace_id": "75268b563ff356f0"}
{"@timestamp": "2026-02-09T16:08:00.911311+00:00", "service": "dummy-backend", "level": "INFO", "route": "/profile", "status": 200, "latency_ms": 918, "user_id": "u075", "msg": "ok", "trace_id": "647e66bae4210c88"}
{"@timestamp": "2026-02-09T16:08:01.415411+00:00", "service": "dummy-backend", "level": "INFO", "route": "/search", "status": 200, "latency_ms": 301, "user_id": "u161", "msg": "ok", "trace_id": "8f8ac8fde7bdaec7"}
{"@timestamp": "2026-02-09T16:08:01.918934+00:00", "service": "dummy-backend", "level": "INFO", "route": "/logout", "status": 200, "latency_ms": 692, "user_id": "u002", "msg": "ok", "trace_id": "3a72261d82fd23a1"}
{"@timestamp": "2026-02-09T16:08:02.423456+00:00", "service": "dummy-backend", "level": "INFO", "route": "/profile", "status": 200, "latency_ms": 626, "user_id": "u171", "msg": "ok", "trace_id": "17d0c9f24032c322"}
{"@timestamp": "2026-02-09T16:08:02.927969+00:00", "service": "dummy-backend", "level": "ERROR", "route": "/search", "status": 200, "latency_ms": 324, "user_id": "u022", "msg": "ok", "trace_id": "9995600658f7b9a9"}
{"@timestamp": "2026-02-09T16:08:03.432199+00:00", "service": "dummy-backend", "level": "INFO", "route": "/profile", "status": 200, "latency_ms": 1040, "user_id": "u008", "msg": "ok", "trace_id": "c72c888ab293179a"}
{"@timestamp": "2026-02-09T16:08:03.936320+00:00", "service": "dummy-backend", "level": "INFO", "route": "/logout", "status": 200, "latency_ms": 1025, "user_id": "u143", "msg": "ok", "trace_id": "734f32378ec12306"}
{"@timestamp": "2026-02-09T16:08:04.439962+00:00", "service": "dummy-backend", "level": "WARN", "route": "/logout", "status": 200, "latency_ms": 431, "user_id": "u126", "msg": "ok", "trace_id": "57175ea4581df3e2"}
{"@timestamp": "2026-02-09T16:08:04.944319+00:00", "service": "dummy-backend", "level": "WARN", "route": "/login", "status": 200, "latency_ms": 355, "user_id": "u049", "msg": "ok", "trace_id": "87670aaaafec1e77"}
{"@timestamp": "2026-02-09T16:08:05.449379+00:00", "service": "dummy-backend", "level": "WARN", "route": "/checkout", "status": 500, "latency_ms": 232, "user_id": "u118", "msg": "insufficient_stock", "trace_id": "55f6f7b793cbba51"}
{"@timestamp": "2026-02-09T16:08:05.954168+00:00", "service": "dummy-backend", "level": "INFO", "route": "/logout", "status": 200, "latency_ms": 791, "user_id": "u074", "msg": "ok", "trace_id": "58555847e7fc5179"}
{"@timestamp": "2026-02-09T16:08:06.457762+00:00", "service": "dummy-backend", "level": "INFO", "route": "/profile", "status": 200, "latency_ms": 442, "user_id": "u164", "msg": "ok", "trace_id": "fea43b91bbadfbd2"}
{"@timestamp": "2026-02-09T16:08:06.962350+00:00", "service": "dummy-backend", "level": "INFO", "route": "/checkout", "status": 200, "latency_ms": 864, "user_id": "u074", "msg": "ok", "trace_id": "8185a45b330839f6"}
{"@timestamp": "2026-02-09T16:08:07.466714+00:00", "service": "dummy-backend", "level": "WARN", "route": "/profile", "status": 200, "latency_ms": 255, "user_id": "u159", "msg": "ok", "trace_id": "db0ed0f6f8253762"}
{"@timestamp": "2026-02-09T16:08:07.970795+00:00", "service": "dummy-backend", "level": "INFO", "route": "/logout", "status": 200, "latency_ms": 967, "user_id": "u196", "msg": "ok", "trace_id": "9ac5707cf1660555"}
{"@timestamp": "2026-02-09T16:08:08.475185+00:00", "service": "dummy-backend", "level": "INFO", "route": "/search", "status": 200, "latency_ms": 688, "user_id": "u137", "msg": "ok", "trace_id": "b0f1a984278f0556"}
{"@timestamp": "2026-02-09T16:08:08.980417+00:00", "service": "dummy-backend", "level": "INFO", "route": "/logout", "status": 200, "latency_ms": 579, "user_id": "u028", "msg": "ok", "trace_id": "d08aa18573dcf3f4"}
{"@timestamp": "2026-02-09T16:08:09.484516+00:00", "service": "dummy-backend", "level": "INFO", "route": "/profile", "status": 200, "latency_ms": 46, "user_id": "u008", "msg": "ok", "trace_id": "9a638aed8e691b60"}
{"@timestamp": "2026-02-09T16:08:09.988430+00:00", "service": "dummy-backend", "level": "INFO", "route": "/checkout", "status": 200, "latency_ms": 641, "user_id": "u144", "msg": "ok", "trace_id": "eefcf1c2bd714013"}
{"@timestamp": "2026-02-09T16:08:10.492528+00:00", "service": "dummy-backend", "level": "INFO", "route": "/checkout", "status": 200, "latency_ms": 421, "user_id": "u037", "msg": "ok", "trace_id": "ea19c7578ee7b6ef"}
{"@timestamp": "2026-02-09T16:08:10.997148+00:00", "service": "dummy-backend", "level": "WARN", "route": "/checkout", "status": 500, "latency_ms": 644, "user_id": "u198", "msg": "payment_retry", "trace_id": "b6b9f739ac21d2ae"}
{"@timestamp": "2026-02-09T16:08:11.501920+00:00", "service": "dummy-backend", "level": "INFO", "route": "/search", "status": 200, "latency_ms": 1122, "user_id": "u053", "msg": "ok", "trace_id": "bd305d0ebee6ef09"}
{"@timestamp": "2026-02-09T16:08:12.008923+00:00", "service": "dummy-backend", "level": "INFO", "route": "/profile", "status": 200, "latency_ms": 1034, "user_id": "u157", "msg": "ok", "trace_id": "ce268160c8cd6e1c"}
{"@timestamp": "2026-02-09T16:08:12.513056+00:00", "service": "dummy-backend", "level": "INFO", "route": "/login", "status": 200, "latency_ms": 1069, "user_id": "u170", "msg": "ok", "trace_id": "3cf2f8d8db2e3c20"}
{"@timestamp": "2026-02-09T16:08:13.017356+00:00", "service": "dummy-backend", "level": "INFO", "route": "/profile", "status": 200, "latency_ms": 830, "user_id": "u113", "msg": "ok", "trace_id": "4f8474179982d44e"}
{"@timestamp": "2026-02-09T16:08:13.521447+00:00", "service": "dummy-backend", "level": "INFO", "route": "/logout", "status": 200, "latency_ms": 1186, "user_id": "u032", "msg": "ok", "trace_id": "910cc5dd859b4fcc"}
{"@timestamp": "2026-02-09T16:08:14.025926+00:00", "service": "dummy-backend", "level": "INFO", "route": "/profile", "status": 200, "latency_ms": 220, "user_id": "u080", "msg": "ok", "trace_id": "2c858af72c9be262"}
{"@timestamp": "2026-02-09T16:08:14.530602+00:00", "service": "dummy-backend", "level": "WARN", "route": "/profile", "status": 200, "latency_ms": 232, "user_id": "u191", "msg": "ok", "trace_id": "667c97379c39468d"}
{"@timestamp": "2026-02-09T16:08:15.034178+00:00", "service": "dummy-backend", "level": "INFO", "route": "/logout", "status": 200, "latency_ms": 520, "user_id": "u159", "msg": "ok", "trace_id": "dce0e9322a7d5fb9"}
{"@timestamp": "2026-02-09T16:08:15.538024+00:00", "service": "dummy-backend", "level": "WARN", "route": "/checkout", "status": 422, "latency_ms": 790, "user_id": "u055", "msg": "insufficient_stock", "trace_id": "b96aff20779e37db"}
{"@timestamp": "2026-02-09T16:08:16.041525+00:00", "service": "dummy-backend", "level": "INFO", "route": "/logout", "status": 200, "latency_ms": 1142, "user_id": "u166", "msg": "ok", "trace_id": "945abc3adf641926"}
{"@timestamp": "2026-02-09T16:08:16.545483+00:00", "service": "dummy-backend", "level": "INFO", "route": "/logout", "status": 200, "latency_ms": 1041, "user_id": "u156", "msg": "ok", "trace_id": "1b0ea74dd9fbd93e"}
{"@timestamp": "2026-02-09T16:08:17.048835+00:00", "service": "dummy-backend", "level": "INFO", "route": "/login", "status": 200, "latency_ms": 591, "user_id": "u156", "msg": "ok", "trace_id": "d42de1bc451ab0a2"}
{"@timestamp": "2026-02-09T16:08:17.552754+00:00", "service": "dummy-backend", "level": "INFO", "route": "/logout", "status": 200, "latency_ms": 836, "user_id": "u104", "msg": "ok", "trace_id": "7f2f9fa6e819d2c6"}
{"@timestamp": "2026-02-09T16:08:18.055969+00:00", "service": "dummy-backend", "level": "ERROR", "route": "/logout", "status": 200, "latency_ms": 1047, "user_id": "u078", "msg": "ok", "trace_id": "58286c4d7c48c0e7"}
{"@timestamp": "2026-02-09T16:08:18.559916+00:00", "service": "dummy-backend", "level": "INFO", "route": "/login", "status": 200, "latency_ms": 1002, "user_id": "u103", "msg": "ok", "trace_id": "04e04f9896f7ff9f"}
{"@timestamp": "2026-02-09T16:08:19.063227+00:00", "service": "dummy-backend", "level": "INFO", "route": "/logout", "status": 200, "latency_ms": 1168, "user_id": "u109", "msg": "ok", "trace_id": "206ffb0ffd7b9fa7"}
{"@timestamp": "2026-02-09T16:08:19.566929+00:00", "service": "dummy-backend", "level": "INFO", "route": "/logout", "status": 200, "latency_ms": 607, "user_id": "u107", "msg": "ok", "trace_id": "2fa0a920be37d055"}
{"@timestamp": "2026-02-09T16:08:20.070461+00:00", "service": "dummy-backend", "level": "INFO", "route": "/checkout", "status": 200, "latency_ms": 125, "user_id": "u001", "msg": "ok", "trace_id": "9974749f887633fa"}
{"@timestamp": "2026-02-09T16:08:20.574903+00:00", "service": "dummy-backend", "level": "INFO", "route": "/search", "status": 200, "latency_ms": 173, "user_id": "u049", "msg": "ok", "trace_id": "6618b0a650e0ab56"}
{"@timestamp": "2026-02-09T16:08:21.078825+00:00", "service": "dummy-backend", "level": "INFO", "route": "/search", "status": 200, "latency_ms": 727, "user_id": "u046", "msg": "ok", "trace_id": "c4a4067d54ae0c74"}
{"@timestamp": "2026-02-09T16:08:21.583294+00:00", "service": "dummy-backend", "level": "INFO", "route": "/search", "status": 200, "latency_ms": 769, "user_id": "u137", "msg": "ok", "trace_id": "97834d94caf94e90"}
{"@timestamp": "2026-02-09T16:08:22.086717+00:00", "service": "dummy-backend", "level": "WARN", "route": "/search", "status": 200, "latency_ms": 1195, "user_id": "u031", "msg": "ok", "trace_id": "2d3017bc7a30f801"}
{"@timestamp": "2026-02-09T16:08:22.591160+00:00", "service": "dummy-backend", "level": "INFO", "route": "/logout", "status": 200, "latency_ms": 549, "user_id": "u097", "msg": "ok", "trace_id": "8be48a079d330875"}
{"@timestamp": "2026-02-09T16:08:23.094968+00:00", "service": "dummy-backend", "level": "INFO", "route": "/checkout", "status": 200, "latency_ms": 1180, "user_id": "u058", "msg": "ok", "trace_id": "f250b9143441b97d"}
{"@timestamp": "2026-02-09T16:08:23.598827+00:00", "service": "dummy-backend", "level": "INFO", "route": "/profile", "status": 200, "latency_ms": 133, "user_id": "u198", "msg": "ok", "trace_id": "ab153c13be1cf730"}
{"@timestamp": "2026-02-09T16:08:24.102882+00:00", "service": "dummy-backend", "level": "INFO", "route": "/profile", "status": 200, "latency_ms": 1139, "user_id": "u185", "msg": "ok", "trace_id": "d6dbecdac07199d3"}
{"@timestamp": "2026-02-09T16:08:24.606750+00:00", "service": "dummy-backend", "level": "INFO", "route": "/logout", "status": 200, "latency_ms": 546, "user_id": "u197", "msg": "ok", "trace_id": "ae7c5b1098c5470d"}
{"@timestamp": "2026-02-09T16:08:25.101857+00:00", "service": "dummy-backend", "level": "INFO", "route": "/checkout", "status": 200, "latency_ms": 799, "user_id": "u165", "msg": "ok", "trace_id": "2241a7c03d8d030a"}
{"@timestamp": "2026-02-09T16:08:25.606014+00:00", "service": "dummy-backend", "level": "INFO", "route": "/profile", "status": 200, "latency_ms": 1119, "user_id": "u026", "msg": "ok", "trace_id": "2cfd68ab32ad5608"}
{"@timestamp": "2026-02-09T16:08:26.110916+00:00", "service": "dummy-backend", "level": "WARN", "route": "/login", "status": 200, "latency_ms": 1045, "user_id": "u131", "msg": "ok", "trace_id": "352c053c905be56f"}
{"@timestamp": "2026-02-09T16:08:26.616050+00:00", "service": "dummy-backend", "level": "INFO", "route": "/logout", "status": 200, "latency_ms": 1117, "user_id": "u092", "msg": "ok", "trace_id": "5c67aaceecd9206d"}
{"@timestamp": "2026-02-09T16:08:27.121299+00:00", "service": "dummy-backend", "level": "WARN", "route": "/profile", "status": 200, "latency_ms": 955, "user_id": "u058", "msg": "ok", "trace_id": "335b5634157a3406"}
{"@timestamp": "2026-02-09T16:08:27.625568+00:00", "service": "dummy-backend", "level": "INFO", "route": "/checkout", "status": 200, "latency_ms": 864, "user_id": "u090", "msg": "ok", "trace_id": "70d6a0e3f1c86e96"}
{"@timestamp": "2026-02-09T16:08:28.129864+00:00", "service": "dummy-backend", "level": "WARN", "route": "/logout", "status": 200, "latency_ms": 565, "user_id": "u091", "msg": "ok", "trace_id": "76b44bd8c2c1a558"}
{"@timestamp": "2026-02-09T16:08:28.633485+00:00", "service": "dummy-backend", "level": "INFO", "route": "/login", "status": 200, "latency_ms": 112, "user_id": "u118", "msg": "ok", "trace_id": "18d9afbbf7b93dd0"}
{"@timestamp": "2026-02-09T16:08:29.137535+00:00", "service": "dummy-backend", "level": "WARN", "route": "/login", "status": 200, "latency_ms": 248, "user_id": "u037", "msg": "ok", "trace_id": "a4f5611db5893279"}
{"@timestamp": "2026-02-09T16:08:29.641136+00:00", "service": "dummy-backend", "level": "INFO", "route": "/profile", "status": 200, "latency_ms": 775, "user_id": "u048", "msg": "ok", "trace_id": "6107f4f2dd74eebd"}
{"@timestamp": "2026-02-09T16:08:30.145140+00:00", "service": "dummy-backend", "level": "INFO", "route": "/logout", "status": 200, "latency_ms": 364, "user_id": "u129", "msg": "ok", "trace_id": "aedc68fa53a70454"}
{"@timestamp": "2026-02-09T16:08:30.648979+00:00", "service": "dummy-backend", "level": "INFO", "route": "/profile", "status": 200, "latency_ms": 91, "user_id": "u019", "msg": "ok", "trace_id": "265200a44c4aea95"}
{"@timestamp": "2026-02-09T16:08:31.153377+00:00", "service": "dummy-backend", "level": "WARN", "route": "/profile", "status": 200, "latency_ms": 86, "user_id": "u007", "msg": "ok", "trace_id": "2c71b0d0915caed4"}
{"@timestamp": "2026-02-09T16:08:31.657549+00:00", "service": "dummy-backend", "level": "WARN", "route": "/logout", "status": 200, "latency_ms": 776, "user_id": "u078", "msg": "ok", "trace_id": "ea55e6f1f320ea9f"}
{"@timestamp": "2026-02-09T16:08:32.161834+00:00", "service": "dummy-backend", "level": "INFO", "route": "/logout", "status": 200, "latency_ms": 79, "user_id": "u168", "msg": "ok", "trace_id": "5b386f4ee61809bc"}
{"@timestamp": "2026-02-09T16:08:32.665626+00:00", "service": "dummy-backend", "level": "INFO", "route": "/checkout", "status": 200, "latency_ms": 88, "user_id": "u106", "msg": "ok", "trace_id": "8edfc13d6b864180"}
{"@timestamp": "2026-02-09T16:08:33.169310+00:00", "service": "dummy-backend", "level": "WARN", "route": "/profile", "status": 200, "latency_ms": 542, "user_id": "u049", "msg": "ok", "trace_id": "98b838783a20cef6"}
{"@timestamp": "2026-02-09T16:08:33.673226+00:00", "service": "dummy-backend", "level": "INFO", "route": "/logout", "status": 200, "latency_ms": 366, "user_id": "u167", "msg": "ok", "trace_id": "5b91c0d0a51984d2"}
{"@timestamp": "2026-02-09T16:08:34.177149+00:00", "service": "dummy-backend", "level": "INFO", "route": "/search", "status": 200, "latency_ms": 522, "user_id": "u167", "msg": "ok", "trace_id": "d0d33dda1639d2a5"}
{"@timestamp": "2026-02-09T16:08:34.681485+00:00", "service": "dummy-backend", "level": "WARN", "route": "/search", "status": 200, "latency_ms": 1170, "user_id": "u149", "msg": "ok", "trace_id": "3388fdea371acb30"}
{"@timestamp": "2026-02-09T16:08:35.185107+00:00", "service": "dummy-backend", "level": "INFO", "route": "/search", "status": 200, "latency_ms": 953, "user_id": "u164", "msg": "ok", "trace_id": "f1afa513c9600e26"}
{"@timestamp": "2026-02-09T16:08:35.689451+00:00", "service": "dummy-backend", "level": "WARN", "route": "/checkout", "status": 500, "latency_ms": 268, "user_id": "u043", "msg": "gateway_error", "trace_id": "e8baf8d5642bcea7"}
{"@timestamp": "2026-02-09T16:08:36.193702+00:00", "service": "dummy-backend", "level": "INFO", "route": "/search", "status": 200, "latency_ms": 128, "user_id": "u017", "msg": "ok", "trace_id": "c62c3c98eeb16e4c"}
{"@timestamp": "2026-02-09T16:08:36.697535+00:00", "service": "dummy-backend", "level": "INFO", "route": "/checkout", "status": 200, "latency_ms": 770, "user_id": "u169", "msg": "ok", "trace_id": "35f9b396b5019948"}
{"@timestamp": "2026-02-09T16:08:37.201722+00:00", "service": "dummy-backend", "level": "INFO", "route": "/login", "status": 200, "latency_ms": 516, "user_id": "u045", "msg": "ok", "trace_id": "57fe0d0c8bb4ed5f"}
{"@timestamp": "2026-02-09T16:08:37.705354+00:00", "service": "dummy-backend", "level": "INFO", "route": "/profile", "status": 200, "latency_ms": 928, "user_id": "u200", "msg": "ok", "trace_id": "18d7576c8c5888b7"}
{"@timestamp": "2026-02-09T16:08:38.209379+00:00", "service": "dummy-backend", "level": "INFO", "route": "/search", "status": 200, "latency_ms": 630, "user_id": "u126", "msg": "ok", "trace_id": "523e1db9e8abd52c"}
{"@timestamp": "2026-02-09T16:08:38.713483+00:00", "service": "dummy-backend", "level": "WARN", "route": "/search", "status": 200, "latency_ms": 1123, "user_id": "u028", "msg": "ok", "trace_id": "a05a7e11118675c6"}
{"@timestamp": "2026-02-09T16:08:39.218250+00:00", "service": "dummy-backend", "level": "INFO", "route": "/login", "status": 200, "latency_ms": 963, "user_id": "u066", "msg": "ok", "trace_id": "e6e600e8c0b69248"}
{"@timestamp": "2026-02-09T16:08:39.722416+00:00", "service": "dummy-backend", "level": "INFO", "route": "/profile", "status": 200, "latency_ms": 292, "user_id": "u065", "msg": "ok", "trace_id": "4a71ea23712d858e"}
{"@timestamp": "2026-02-09T16:08:40.226110+00:00", "service": "dummy-backend", "level": "INFO", "route": "/login", "status": 200, "latency_ms": 583, "user_id": "u013", "msg": "ok", "trace_id": "b87ce7b9e9d29296"}
{"@timestamp": "2026-02-09T16:08:40.730110+00:00", "service": "dummy-backend", "level": "INFO", "route": "/search", "status": 200, "latency_ms": 506, "user_id": "u130", "msg": "ok", "trace_id": "916dbbf1e4d06214"}
{"@timestamp": "2026-02-09T16:08:41.233825+00:00", "service": "dummy-backend", "level": "INFO", "route": "/checkout", "status": 200, "latency_ms": 73, "user_id": "u189", "msg": "ok", "trace_id": "13896bceecb3b465"}
{"@timestamp": "2026-02-09T16:08:41.738638+00:00", "service": "dummy-backend", "level": "INFO", "route": "/checkout", "status": 200, "latency_ms": 789, "user_id": "u001", "msg": "ok", "trace_id": "1f1a010996bf587d"}
{"@timestamp": "2026-02-09T16:08:42.242279+00:00", "service": "dummy-backend", "level": "INFO", "route": "/profile", "status": 200, "latency_ms": 1179, "user_id": "u026", "msg": "ok", "trace_id": "8d0ea5706d8b460b"}
{"@timestamp": "2026-02-09T16:08:42.746301+00:00", "service": "dummy-backend", "level": "INFO", "route": "/checkout", "status": 200, "latency_ms": 245, "user_id": "u167", "msg": "ok", "trace_id": "ac5865f878f62993"}
{"@timestamp": "2026-02-09T16:08:43.249927+00:00", "service": "dummy-backend", "level": "INFO", "route": "/search", "status": 200, "latency_ms": 499, "user_id": "u047", "msg": "ok", "trace_id": "f3ef4ff298af2102"}
{"@timestamp": "2026-02-09T16:08:43.754233+00:00", "service": "dummy-backend", "level": "INFO", "route": "/profile", "status": 200, "latency_ms": 1154, "user_id": "u021", "msg": "ok", "trace_id": "ca9566908b6a037a"}
{"@timestamp": "2026-02-09T16:08:44.258710+00:00", "service": "dummy-backend", "level": "INFO", "route": "/logout", "status": 200, "latency_ms": 357, "user_id": "u155", "msg": "ok", "trace_id": "f422db1c7a897d47"}
{"@timestamp": "2026-02-09T16:08:44.764443+00:00", "service": "dummy-backend", "level": "INFO", "route": "/logout", "status": 200, "latency_ms": 738, "user_id": "u029", "msg": "ok", "trace_id": "14d83c2a7ac166dd"}
{"@timestamp": "2026-02-09T16:08:45.269309+00:00", "service": "dummy-backend", "level": "ERROR", "route": "/checkout", "status": 422, "latency_ms": 516, "user_id": "u031", "msg": "payment_retry", "trace_id": "cffb6d399e15a0a4"}
{"@timestamp": "2026-02-09T16:08:45.774453+00:00", "service": "dummy-backend", "level": "INFO", "route": "/profile", "status": 200, "latency_ms": 186, "user_id": "u159", "msg": "ok", "trace_id": "da0325924962ffd6"}
{"@timestamp": "2026-02-09T16:08:46.279288+00:00", "service": "dummy-backend", "level": "INFO", "route": "/logout", "status": 200, "latency_ms": 1105, "user_id": "u052", "msg": "ok", "trace_id": "de9b92f6dd8fda0d"}
{"@timestamp": "2026-02-09T16:08:46.783098+00:00", "service": "dummy-backend", "level": "INFO", "route": "/profile", "status": 200, "latency_ms": 793, "user_id": "u121", "msg": "ok", "trace_id": "aa4c5e6e5444f092"}
{"@timestamp": "2026-02-09T16:08:47.286908+00:00", "service": "dummy-backend", "level": "INFO", "route": "/search", "status": 200, "latency_ms": 534, "user_id": "u168", "msg": "ok", "trace_id": "95c12f474b43932a"}
{"@timestamp": "2026-02-09T16:08:47.790847+00:00", "service": "dummy-backend", "level": "ERROR", "route": "/logout", "status": 200, "latency_ms": 1182, "user_id": "u131", "msg": "ok", "trace_id": "cc559dabeccb231a"}
{"@timestamp": "2026-02-09T16:08:48.297104+00:00", "service": "dummy-backend", "level": "INFO", "route": "/checkout", "status": 200, "latency_ms": 483, "user_id": "u162", "msg": "ok", "trace_id": "3eb0d841f9d21eea"}
{"@timestamp": "2026-02-09T16:08:48.801246+00:00", "service": "dummy-backend", "level": "INFO", "route": "/logout", "status": 200, "latency_ms": 719, "user_id": "u092", "msg": "ok", "trace_id": "d40fa0fc588fdec1"}
{"@timestamp": "2026-02-09T16:08:49.305432+00:00", "service": "dummy-backend", "level": "INFO", "route": "/search", "status": 200, "latency_ms": 297, "user_id": "u192", "msg": "ok", "trace_id": "537b4aa821bba848"}
{"@timestamp": "2026-02-09T16:08:49.810079+00:00", "service": "dummy-backend", "level": "ERROR", "route": "/logout", "status": 200, "latency_ms": 354, "user_id": "u175", "msg": "ok", "trace_id": "8dc68cfc38b9aa67"}
{"@timestamp": "2026-02-09T16:08:50.315599+00:00", "service": "dummy-backend", "level": "INFO", "route": "/profile", "status": 200, "latency_ms": 364, "user_id": "u144", "msg": "ok", "trace_id": "a6684c1d53288f9e"}
{"@timestamp": "2026-02-09T16:08:50.820850+00:00", "service": "dummy-backend", "level": "WARN", "route": "/profile", "status": 200, "latency_ms": 844, "user_id": "u026", "msg": "ok", "trace_id": "fec6c638ee323d09"}
{"@timestamp": "2026-02-09T16:08:51.324623+00:00", "service": "dummy-backend", "level": "INFO", "route": "/search", "status": 200, "latency_ms": 701, "user_id": "u155", "msg": "ok", "trace_id": "4c4e6991ed7fbe50"}
{"@timestamp": "2026-02-09T16:08:51.828826+00:00", "service": "dummy-backend", "level": "INFO", "route": "/login", "status": 200, "latency_ms": 155, "user_id": "u168", "msg": "ok", "trace_id": "b3f829b436f2bd53"}
{"@timestamp": "2026-02-09T16:08:52.334020+00:00", "service": "dummy-backend", "level": "INFO", "route": "/search", "status": 200, "latency_ms": 930, "user_id": "u157", "msg": "ok", "trace_id": "a403a5f02116148b"}
{"@timestamp": "2026-02-09T16:08:52.838572+00:00", "service": "dummy-backend", "level": "INFO", "route": "/checkout", "status": 200, "latency_ms": 185, "user_id": "u062", "msg": "ok", "trace_id": "fbdf8e9113339d5a"}
{"@timestamp": "2026-02-09T16:08:53.342479+00:00", "service": "dummy-backend", "level": "INFO", "route": "/profile", "status": 200, "latency_ms": 269, "user_id": "u029", "msg": "ok", "trace_id": "0523c40deae1a0e0"}
{"@timestamp": "2026-02-09T16:08:53.846900+00:00", "service": "dummy-backend", "level": "INFO", "route": "/logout", "status": 200, "latency_ms": 27, "user_id": "u028", "msg": "ok", "trace_id": "19789921c3014f27"}
{"@timestamp": "2026-02-09T16:08:54.350744+00:00", "service": "dummy-backend", "level": "WARN", "route": "/logout", "status": 200, "latency_ms": 500, "user_id": "u114", "msg": "ok", "trace_id": "3129055b67ce6adb"}
{"@timestamp": "2026-02-09T16:08:54.847139+00:00", "service": "dummy-backend", "level": "INFO", "route": "/login", "status": 200, "latency_ms": 1049, "user_id": "u189", "msg": "ok", "trace_id": "ed78fe62f0c212f0"}
{"@timestamp": "2026-02-09T16:08:55.350850+00:00", "service": "dummy-backend", "level": "ERROR", "route": "/checkout", "status": 409, "latency_ms": 682, "user_id": "u144", "msg": "insufficient_stock", "trace_id": "173b7896b50859ce"}
{"@timestamp": "2026-02-09T16:08:55.855639+00:00", "service": "dummy-backend", "level": "WARN", "route": "/profile", "status": 200, "latency_ms": 103, "user_id": "u037", "msg": "ok", "trace_id": "3a880e4493acd4ad"}
{"@timestamp": "2026-02-09T16:08:56.360044+00:00", "service": "dummy-backend", "level": "INFO", "route": "/profile", "status": 200, "latency_ms": 378, "user_id": "u056", "msg": "ok", "trace_id": "27e02b62fe70a57b"}
{"@timestamp": "2026-02-09T16:08:56.864454+00:00", "service": "dummy-backend", "level": "INFO", "route": "/logout", "status": 200, "latency_ms": 867, "user_id": "u029", "msg": "ok", "trace_id": "313081b9a1a02bfc"}
{"@timestamp": "2026-02-09T16:08:57.367928+00:00", "service": "dummy-backend", "level": "INFO", "route": "/login", "status": 200, "latency_ms": 1131, "user_id": "u065", "msg": "ok", "trace_id": "07daa5ef63d3a22c"}
{"@timestamp": "2026-02-09T16:08:57.872161+00:00", "service": "dummy-backend", "level": "INFO", "route": "/profile", "status": 200, "latency_ms": 81, "user_id": "u104", "msg": "ok", "trace_id": "aad3b8452ff8223b"}
{"@timestamp": "2026-02-09T16:08:58.376937+00:00", "service": "dummy-backend", "level": "INFO", "route": "/checkout", "status": 200, "latency_ms": 803, "user_id": "u001", "msg": "ok", "trace_id": "143d3e5047ec0d80"}
{"@timestamp": "2026-02-09T16:08:58.881694+00:00", "service": "dummy-backend", "level": "INFO", "route": "/logout", "status": 200, "latency_ms": 991, "user_id": "u121", "msg": "ok", "trace_id": "e2351f707d61f630"}
{"@timestamp": "2026-02-09T16:08:59.386172+00:00", "service": "dummy-backend", "level": "INFO", "route": "/profile", "status": 200, "latency_ms": 352, "user_id": "u181", "msg": "ok", "trace_id": "78630ec09b53f4f8"}
{"@timestamp": "2026-02-09T16:08:59.890849+00:00", "service": "dummy-backend", "level": "INFO", "route": "/profile", "status": 200, "latency_ms": 287, "user_id": "u158", "msg": "ok", "trace_id": "294d080130d18761"}
{"@timestamp": "2026-02-09T16:09:00.395065+00:00", "service": "dummy-backend", "level": "INFO", "route": "/logout", "status": 200, "latency_ms": 917, "user_id": "u063", "msg": "ok", "trace_id": "ec4abdfa3ed832ee"}
{"@timestamp": "2026-02-09T16:09:00.899320+00:00", "service": "dummy-backend", "level": "INFO", "route": "/logout", "status": 200, "latency_ms": 688, "user_id": "u199", "msg": "ok", "trace_id": "ec24158d4bfc7a59"}
{"@timestamp": "2026-02-09T16:09:01.404999+00:00", "service": "dummy-backend", "level": "INFO", "route": "/checkout", "status": 200, "latency_ms": 967, "user_id": "u104", "msg": "ok", "trace_id": "6f937c7e4ceb52fa"}
{"@timestamp": "2026-02-09T16:09:01.910308+00:00", "service": "dummy-backend", "level": "INFO", "route": "/login", "status": 200, "latency_ms": 145, "user_id": "u009", "msg": "ok", "trace_id": "d632823da412d156"}
{"@timestamp": "2026-02-09T16:09:02.415523+00:00", "service": "dummy-backend", "level": "INFO", "route": "/checkout", "status": 200, "latency_ms": 991, "user_id": "u157", "msg": "ok", "trace_id": "28cfb5f5748f49ba"}
{"@timestamp": "2026-02-09T16:09:02.919494+00:00", "service": "dummy-backend", "level": "INFO", "route": "/checkout", "status": 200, "latency_ms": 773, "user_id": "u175", "msg": "ok", "trace_id": "19ec79deea1c2fb9"}
{"@timestamp": "2026-02-09T16:09:03.425415+00:00", "service": "dummy-backend", "level": "INFO", "route": "/logout", "status": 200, "latency_ms": 828, "user_id": "u189", "msg": "ok", "trace_id": "100cfc7054636f75"}
{"@timestamp": "2026-02-09T16:09:03.930057+00:00", "service": "dummy-backend", "level": "WARN", "route": "/search", "status": 200, "latency_ms": 340, "user_id": "u003", "msg": "ok", "trace_id": "8c730f539dec0b9e"}
{"@timestamp": "2026-02-09T16:09:04.438857+00:00", "service": "dummy-backend", "level": "INFO", "route": "/logout", "status": 200, "latency_ms": 826, "user_id": "u163", "msg": "ok", "trace_id": "f3a54628ae523e7b"}
{"@timestamp": "2026-02-09T16:09:04.943731+00:00", "service": "dummy-backend", "level": "INFO", "route": "/logout", "status": 200, "latency_ms": 83, "user_id": "u047", "msg": "ok", "trace_id": "db8d5bec7778e984"}
{"@timestamp": "2026-02-09T16:09:05.449392+00:00", "service": "dummy-backend", "level": "WARN", "route": "/login", "status": 200, "latency_ms": 464, "user_id": "u016", "msg": "ok", "trace_id": "2fe5288476f56a6a"}
{"@timestamp": "2026-02-09T16:09:05.953901+00:00", "service": "dummy-backend", "level": "WARN", "route": "/checkout", "status": 422, "latency_ms": 398, "user_id": "u004", "msg": "insufficient_stock", "trace_id": "03e86a253ee1e4e7"}
{"@timestamp": "2026-02-09T16:09:06.459344+00:00", "service": "dummy-backend", "level": "INFO", "route": "/login", "status": 200, "latency_ms": 925, "user_id": "u053", "msg": "ok", "trace_id": "04869936e8ab4d11"}
{"@timestamp": "2026-02-09T16:09:06.963713+00:00", "service": "dummy-backend", "level": "INFO", "route": "/search", "status": 200, "latency_ms": 726, "user_id": "u184", "msg": "ok", "trace_id": "8911a41fc0b0f1f8"}
{"@timestamp": "2026-02-09T16:09:07.467841+00:00", "service": "dummy-backend", "level": "INFO", "route": "/profile", "status": 200, "latency_ms": 1130, "user_id": "u169", "msg": "ok", "trace_id": "e4fe2a4a2b134fbf"}
{"@timestamp": "2026-02-09T16:09:07.973029+00:00", "service": "dummy-backend", "level": "INFO", "route": "/checkout", "status": 200, "latency_ms": 31, "user_id": "u072", "msg": "ok", "trace_id": "06e1b02de102f2a1"}
{"@timestamp": "2026-02-09T16:09:08.476871+00:00", "service": "dummy-backend", "level": "INFO", "route": "/checkout", "status": 200, "latency_ms": 680, "user_id": "u092", "msg": "ok", "trace_id": "456607872568051f"}
{"@timestamp": "2026-02-09T16:09:08.981566+00:00", "service": "dummy-backend", "level": "INFO", "route": "/search", "status": 200, "latency_ms": 634, "user_id": "u088", "msg": "ok", "trace_id": "07cabdafa8c6f86c"}
{"@timestamp": "2026-02-09T16:09:09.487243+00:00", "service": "dummy-backend", "level": "INFO", "route": "/logout", "status": 200, "latency_ms": 620, "user_id": "u093", "msg": "ok", "trace_id": "bf3a3856f60d30df"}
{"@timestamp": "2026-02-09T16:09:09.992890+00:00", "service": "dummy-backend", "level": "INFO", "route": "/search", "status": 200, "latency_ms": 328, "user_id": "u020", "msg": "ok", "trace_id": "c86c689b0413f06a"}
{"@timestamp": "2026-02-09T16:09:10.496517+00:00", "service": "dummy-backend", "level": "INFO", "route": "/logout", "status": 200, "latency_ms": 666, "user_id": "u073", "msg": "ok", "trace_id": "c53f46e852240c09"}
{"@timestamp": "2026-02-09T16:09:11.000039+00:00", "service": "dummy-backend", "level": "INFO", "route": "/logout", "status": 200, "latency_ms": 171, "user_id": "u020", "msg": "ok", "trace_id": "18716604879de5ab"}
{"@timestamp": "2026-02-09T16:09:11.503712+00:00", "service": "dummy-backend", "level": "INFO", "route": "/logout", "status": 200, "latency_ms": 398, "user_id": "u012", "msg": "ok", "trace_id": "6ba26ab6306e1237"}
{"@timestamp": "2026-02-09T16:09:12.006822+00:00", "service": "dummy-backend", "level": "ERROR", "route": "/checkout", "status": 500, "latency_ms": 597, "user_id": "u049", "msg": "payment_retry", "trace_id": "f356ba5ab296b6f3"}
{"@timestamp": "2026-02-09T16:09:12.511091+00:00", "service": "dummy-backend", "level": "ERROR", "route": "/login", "status": 500, "latency_ms": 253, "user_id": "u012", "msg": "token_expired", "trace_id": "1dcf7e99112a521b"}
{"@timestamp": "2026-02-09T16:09:13.015611+00:00", "service": "dummy-backend", "level": "ERROR", "route": "/logout", "status": 200, "latency_ms": 451, "user_id": "u060", "msg": "ok", "trace_id": "a510b0b43f7aefa4"}
{"@timestamp": "2026-02-09T16:09:13.518960+00:00", "service": "dummy-backend", "level": "ERROR", "route": "/profile", "status": 200, "latency_ms": 575, "user_id": "u063", "msg": "ok", "trace_id": "e763ca927db5945a"}
{"@timestamp": "2026-02-09T16:09:14.023725+00:00", "service": "dummy-backend", "level": "INFO", "route": "/search", "status": 200, "latency_ms": 651, "user_id": "u035", "msg": "ok", "trace_id": "68451f5f2565b15a"}
{"@timestamp": "2026-02-09T16:09:14.527685+00:00", "service": "dummy-backend", "level": "INFO", "route": "/profile", "status": 200, "latency_ms": 608, "user_id": "u164", "msg": "ok", "trace_id": "27ba5ae86cd29bf7"}
{"@timestamp": "2026-02-09T16:09:15.031642+00:00", "service": "dummy-backend", "level": "INFO", "route": "/search", "status": 200, "latency_ms": 109, "user_id": "u043", "msg": "ok", "trace_id": "64988a87ece13810"}
{"@timestamp": "2026-02-09T16:09:15.535678+00:00", "service": "dummy-backend", "level": "INFO", "route": "/logout", "status": 200, "latency_ms": 550, "user_id": "u043", "msg": "ok", "trace_id": "6f94d827adda5271"}
{"@timestamp": "2026-02-09T16:09:16.039239+00:00", "service": "dummy-backend", "level": "WARN", "route": "/logout", "status": 200, "latency_ms": 783, "user_id": "u013", "msg": "ok", "trace_id": "2439817ee8746c28"}
{"@timestamp": "2026-02-09T16:09:16.543752+00:00", "service": "dummy-backend", "level": "INFO", "route": "/checkout", "status": 200, "latency_ms": 557, "user_id": "u004", "msg": "ok", "trace_id": "7789627733db9f33"}
{"@timestamp": "2026-02-09T16:09:17.048995+00:00", "service": "dummy-backend", "level": "INFO", "route": "/search", "status": 200, "latency_ms": 1117, "user_id": "u167", "msg": "ok", "trace_id": "03bd4f31bdf9ccf3"}
{"@timestamp": "2026-02-09T16:09:17.553938+00:00", "service": "dummy-backend", "level": "INFO", "route": "/login", "status": 200, "latency_ms": 1179, "user_id": "u175", "msg": "ok", "trace_id": "36c5c89b46daff71"}
{"@timestamp": "2026-02-09T16:09:18.058838+00:00", "service": "dummy-backend", "level": "INFO", "route": "/logout", "status": 200, "latency_ms": 159, "user_id": "u063", "msg": "ok", "trace_id": "0223daf7b227a1a2"}
{"@timestamp": "2026-02-09T16:09:18.562906+00:00", "service": "dummy-backend", "level": "INFO", "route": "/search", "status": 200, "latency_ms": 487, "user_id": "u134", "msg": "ok", "trace_id": "7e03efbb8260c141"}
{"@timestamp": "2026-02-09T16:09:19.067355+00:00", "service": "dummy-backend", "level": "INFO", "route": "/logout", "status": 200, "latency_ms": 966, "user_id": "u107", "msg": "ok", "trace_id": "124607cfa76c645f"}
{"@timestamp": "2026-02-09T16:09:19.572662+00:00", "service": "dummy-backend", "level": "INFO", "route": "/profile", "status": 200, "latency_ms": 450, "user_id": "u086", "msg": "ok", "trace_id": "bf1bd38078891126"}
{"@timestamp": "2026-02-09T16:09:20.078002+00:00", "service": "dummy-backend", "level": "WARN", "route": "/checkout", "status": 409, "latency_ms": 914, "user_id": "u068", "msg": "insufficient_stock", "trace_id": "f57dd883531d5189"}
{"@timestamp": "2026-02-09T16:09:20.581887+00:00", "service": "dummy-backend", "level": "INFO", "route": "/profile", "status": 200, "latency_ms": 520, "user_id": "u100", "msg": "ok", "trace_id": "077d896088b39d2d"}
{"@timestamp": "2026-02-09T16:09:21.086899+00:00", "service": "dummy-backend", "level": "INFO", "route": "/logout", "status": 200, "latency_ms": 1175, "user_id": "u108", "msg": "ok", "trace_id": "c6dda19abf878865"}
{"@timestamp": "2026-02-09T16:09:21.591709+00:00", "service": "dummy-backend", "level": "INFO", "route": "/profile", "status": 200, "latency_ms": 1094, "user_id": "u039", "msg": "ok", "trace_id": "053c0f99d62f1814"}
{"@timestamp": "2026-02-09T16:09:22.096017+00:00", "service": "dummy-backend", "level": "INFO", "route": "/checkout", "status": 200, "latency_ms": 516, "user_id": "u097", "msg": "ok", "trace_id": "c3fb327a0ddcc93a"}
{"@timestamp": "2026-02-09T16:09:22.600806+00:00", "service": "dummy-backend", "level": "INFO", "route": "/search", "status": 200, "latency_ms": 292, "user_id": "u167", "msg": "ok", "trace_id": "ad6e8fa26c32006b"}
{"@timestamp": "2026-02-09T16:09:23.105711+00:00", "service": "dummy-backend", "level": "WARN", "route": "/checkout", "status": 409, "latency_ms": 731, "user_id": "u163", "msg": "payment_retry", "trace_id": "10985dfb5f218674"}
{"@timestamp": "2026-02-09T16:09:23.610474+00:00", "service": "dummy-backend", "level": "INFO", "route": "/profile", "status": 200, "latency_ms": 800, "user_id": "u108", "msg": "ok", "trace_id": "82bb94ff81c87860"}
{"@timestamp": "2026-02-09T16:09:24.115357+00:00", "service": "dummy-backend", "level": "INFO", "route": "/search", "status": 200, "latency_ms": 1097, "user_id": "u146", "msg": "ok", "trace_id": "dfbddf33d8e015f4"}
{"@timestamp": "2026-02-09T16:09:24.620399+00:00", "service": "dummy-backend", "level": "INFO", "route": "/logout", "status": 200, "latency_ms": 374, "user_id": "u182", "msg": "ok", "trace_id": "259418d552135223"}
{"@timestamp": "2026-02-09T16:09:25.118538+00:00", "service": "dummy-backend", "level": "INFO", "route": "/checkout", "status": 200, "latency_ms": 357, "user_id": "u014", "msg": "ok", "trace_id": "d4f6cdb7a8e2026a"}
{"@timestamp": "2026-02-09T16:09:25.623279+00:00", "service": "dummy-backend", "level": "ERROR", "route": "/checkout", "status": 500, "latency_ms": 1099, "user_id": "u013", "msg": "payment_retry", "trace_id": "c62fd3c1067593fa"}
{"@timestamp": "2026-02-09T16:09:26.127830+00:00", "service": "dummy-backend", "level": "INFO", "route": "/logout", "status": 200, "latency_ms": 422, "user_id": "u018", "msg": "ok", "trace_id": "6dcab08d1ed0f90d"}
{"@timestamp": "2026-02-09T16:09:26.632339+00:00", "service": "dummy-backend", "level": "INFO", "route": "/search", "status": 200, "latency_ms": 753, "user_id": "u122", "msg": "ok", "trace_id": "268a3f5a57809ea6"}
{"@timestamp": "2026-02-09T16:09:27.135922+00:00", "service": "dummy-backend", "level": "INFO", "route": "/search", "status": 200, "latency_ms": 309, "user_id": "u198", "msg": "ok", "trace_id": "e44ac3c2d89469c8"}
{"@timestamp": "2026-02-09T16:09:27.640071+00:00", "service": "dummy-backend", "level": "INFO", "route": "/logout", "status": 200, "latency_ms": 12, "user_id": "u055", "msg": "ok", "trace_id": "f429585ae095c342"}
{"@timestamp": "2026-02-09T16:09:28.143808+00:00", "service": "dummy-backend", "level": "INFO", "route": "/search", "status": 200, "latency_ms": 447, "user_id": "u072", "msg": "ok", "trace_id": "dfce088b8e085bcf"}
{"@timestamp": "2026-02-09T16:09:28.649343+00:00", "service": "dummy-backend", "level": "ERROR", "route": "/search", "status": 200, "latency_ms": 61, "user_id": "u156", "msg": "ok", "trace_id": "bd4342add2dfbe62"}
{"@timestamp": "2026-02-09T16:09:29.154616+00:00", "service": "dummy-backend", "level": "WARN", "route": "/checkout", "status": 409, "latency_ms": 122, "user_id": "u185", "msg": "payment_retry", "trace_id": "a9afd15ca99704d2"}
{"@timestamp": "2026-02-09T16:09:29.659846+00:00", "service": "dummy-backend", "level": "INFO", "route": "/login", "status": 200, "latency_ms": 726, "user_id": "u014", "msg": "ok", "trace_id": "51bba1acf9d5a6d6"}
{"@timestamp": "2026-02-09T16:09:30.164861+00:00", "service": "dummy-backend", "level": "INFO", "route": "/login", "status": 200, "latency_ms": 826, "user_id": "u161", "msg": "ok", "trace_id": "a140b2ec23e969dc"}
{"@timestamp": "2026-02-09T16:09:30.670256+00:00", "service": "dummy-backend", "level": "INFO", "route": "/search", "status": 200, "latency_ms": 1075, "user_id": "u006", "msg": "ok", "trace_id": "0d6441dc26f862c5"}
{"@timestamp": "2026-02-09T16:09:31.176768+00:00", "service": "dummy-backend", "level": "WARN", "route": "/checkout", "status": 409, "latency_ms": 809, "user_id": "u074", "msg": "gateway_error", "trace_id": "99ce55b9da90447b"}
{"@timestamp": "2026-02-09T16:09:31.682392+00:00", "service": "dummy-backend", "level": "INFO", "route": "/logout", "status": 200, "latency_ms": 995, "user_id": "u005", "msg": "ok", "trace_id": "8000140d3d885028"}
{"@timestamp": "2026-02-09T16:09:32.188423+00:00", "service": "dummy-backend", "level": "INFO", "route": "/checkout", "status": 200, "latency_ms": 561, "user_id": "u173", "msg": "ok", "trace_id": "517569ef5e85b53b"}
{"@timestamp": "2026-02-09T16:09:32.694651+00:00", "service": "dummy-backend", "level": "INFO", "route": "/profile", "status": 200, "latency_ms": 206, "user_id": "u157", "msg": "ok", "trace_id": "d9a3e54e92a12313"}
{"@timestamp": "2026-02-09T16:09:33.198386+00:00", "service": "dummy-backend", "level": "INFO", "route": "/search", "status": 200, "latency_ms": 1165, "user_id": "u010", "msg": "ok", "trace_id": "afed07ffbc853a24"}
{"@timestamp": "2026-02-09T16:09:33.702447+00:00", "service": "dummy-backend", "level": "INFO", "route": "/logout", "status": 200, "latency_ms": 917, "user_id": "u101", "msg": "ok", "trace_id": "da3073c93f91871a"}
{"@timestamp": "2026-02-09T16:09:34.205844+00:00", "service": "dummy-backend", "level": "WARN", "route": "/checkout", "status": 422, "latency_ms": 247, "user_id": "u111", "msg": "gateway_error", "trace_id": "e6d67c09f4fb5be4"}
{"@timestamp": "2026-02-09T16:09:34.710785+00:00", "service": "dummy-backend", "level": "INFO", "route": "/profile", "status": 200, "latency_ms": 5, "user_id": "u170", "msg": "ok", "trace_id": "5fab892c305f6ebb"}
{"@timestamp": "2026-02-09T16:09:35.215019+00:00", "service": "dummy-backend", "level": "INFO", "route": "/checkout", "status": 200, "latency_ms": 1108, "user_id": "u004", "msg": "ok", "trace_id": "159c74db37ffa6d0"}
{"@timestamp": "2026-02-09T16:09:35.719743+00:00", "service": "dummy-backend", "level": "INFO", "route": "/checkout", "status": 200, "latency_ms": 1019, "user_id": "u066", "msg": "ok", "trace_id": "7aab6a60d372f44d"}
{"@timestamp": "2026-02-09T16:09:36.223767+00:00", "service": "dummy-backend", "level": "INFO", "route": "/checkout", "status": 200, "latency_ms": 852, "user_id": "u119", "msg": "ok", "trace_id": "73cffd6055a8b88c"}
{"@timestamp": "2026-02-09T16:09:36.727618+00:00", "service": "dummy-backend", "level": "INFO", "route": "/login", "status": 200, "latency_ms": 426, "user_id": "u060", "msg": "ok", "trace_id": "b35d2b2bec928191"}
{"@timestamp": "2026-02-09T16:09:37.232447+00:00", "service": "dummy-backend", "level": "INFO", "route": "/checkout", "status": 200, "latency_ms": 1047, "user_id": "u098", "msg": "ok", "trace_id": "a2a312b4222f6569"}
{"@timestamp": "2026-02-09T16:09:37.736493+00:00", "service": "dummy-backend", "level": "INFO", "route": "/search", "status": 200, "latency_ms": 982, "user_id": "u187", "msg": "ok", "trace_id": "fe0732675a81c409"}
{"@timestamp": "2026-02-09T16:09:38.241064+00:00", "service": "dummy-backend", "level": "INFO", "route": "/logout", "status": 200, "latency_ms": 214, "user_id": "u044", "msg": "ok", "trace_id": "588409057290c537"}
{"@timestamp": "2026-02-09T16:09:38.745079+00:00", "service": "dummy-backend", "level": "INFO", "route": "/logout", "status": 200, "latency_ms": 210, "user_id": "u022", "msg": "ok", "trace_id": "7599b209b4f48747"}
{"@timestamp": "2026-02-09T16:09:39.250544+00:00", "service": "dummy-backend", "level": "INFO", "route": "/checkout", "status": 200, "latency_ms": 139, "user_id": "u026", "msg": "ok", "trace_id": "1dfcb6a81171c3ce"}
{"@timestamp": "2026-02-09T16:09:39.756487+00:00", "service": "dummy-backend", "level": "INFO", "route": "/checkout", "status": 200, "latency_ms": 757, "user_id": "u135", "msg": "ok", "trace_id": "b97a72023f4f694c"}
{"@timestamp": "2026-02-09T16:09:40.260642+00:00", "service": "dummy-backend", "level": "INFO", "route": "/search", "status": 200, "latency_ms": 871, "user_id": "u038", "msg": "ok", "trace_id": "d5793923eb1e1d74"}
{"@timestamp": "2026-02-09T16:09:40.765351+00:00", "service": "dummy-backend", "level": "INFO", "route": "/login", "status": 200, "latency_ms": 910, "user_id": "u081", "msg": "ok", "trace_id": "b67aa4ab11f738c1"}
{"@timestamp": "2026-02-09T16:09:41.271190+00:00", "service": "dummy-backend", "level": "WARN", "route": "/checkout", "status": 422, "latency_ms": 920, "user_id": "u145", "msg": "gateway_error", "trace_id": "aae06151262ee0e0"}
{"@timestamp": "2026-02-09T16:09:41.776767+00:00", "service": "dummy-backend", "level": "INFO", "route": "/checkout", "status": 200, "latency_ms": 312, "user_id": "u150", "msg": "ok", "trace_id": "f0cc85b2956648cb"}
{"@timestamp": "2026-02-09T16:09:42.282564+00:00", "service": "dummy-backend", "level": "INFO", "route": "/login", "status": 200, "latency_ms": 489, "user_id": "u120", "msg": "ok", "trace_id": "84b66622f107fe8a"}
{"@timestamp": "2026-02-09T16:09:42.787155+00:00", "service": "dummy-backend", "level": "INFO", "route": "/checkout", "status": 200, "latency_ms": 299, "user_id": "u073", "msg": "ok", "trace_id": "5888198120882a77"}
{"@timestamp": "2026-02-09T16:09:43.290886+00:00", "service": "dummy-backend", "level": "WARN", "route": "/checkout", "status": 422, "latency_ms": 663, "user_id": "u136", "msg": "payment_retry", "trace_id": "596bdcd63c7a45e2"}
{"@timestamp": "2026-02-09T16:09:43.794873+00:00", "service": "dummy-backend", "level": "INFO", "route": "/logout", "status": 200, "latency_ms": 611, "user_id": "u186", "msg": "ok", "trace_id": "6f74e045aaf2254d"}
{"@timestamp": "2026-02-09T16:09:44.299031+00:00", "service": "dummy-backend", "level": "INFO", "route": "/profile", "status": 200, "latency_ms": 812, "user_id": "u191", "msg": "ok", "trace_id": "380f8f778228cc92"}
{"@timestamp": "2026-02-09T16:09:44.803175+00:00", "service": "dummy-backend", "level": "INFO", "route": "/checkout", "status": 200, "latency_ms": 792, "user_id": "u197", "msg": "ok", "trace_id": "6bc590db65461a75"}
{"@timestamp": "2026-02-09T16:09:45.308826+00:00", "service": "dummy-backend", "level": "INFO", "route": "/profile", "status": 200, "latency_ms": 316, "user_id": "u057", "msg": "ok", "trace_id": "baf48b21290e2c61"}
{"@timestamp": "2026-02-09T16:09:45.812413+00:00", "service": "dummy-backend", "level": "INFO", "route": "/logout", "status": 200, "latency_ms": 779, "user_id": "u167", "msg": "ok", "trace_id": "efd759bc92cc5555"}
{"@timestamp": "2026-02-09T16:09:46.316340+00:00", "service": "dummy-backend", "level": "INFO", "route": "/login", "status": 200, "latency_ms": 905, "user_id": "u109", "msg": "ok", "trace_id": "e697ed11d285dbd4"}
{"@timestamp": "2026-02-09T16:09:46.820579+00:00", "service": "dummy-backend", "level": "INFO", "route": "/search", "status": 200, "latency_ms": 1148, "user_id": "u114", "msg": "ok", "trace_id": "f760b5bdbe593f82"}
{"@timestamp": "2026-02-09T16:09:47.326429+00:00", "service": "dummy-backend", "level": "INFO", "route": "/checkout", "status": 200, "latency_ms": 735, "user_id": "u066", "msg": "ok", "trace_id": "25d26d8c91b49fef"}
{"@timestamp": "2026-02-09T16:09:47.830461+00:00", "service": "dummy-backend", "level": "INFO", "route": "/logout", "status": 200, "latency_ms": 663, "user_id": "u032", "msg": "ok", "trace_id": "915382743f020d94"}
{"@timestamp": "2026-02-09T16:09:48.335492+00:00", "service": "dummy-backend", "level": "INFO", "route": "/profile", "status": 200, "latency_ms": 859, "user_id": "u017", "msg": "ok", "trace_id": "26f3afab9066dfed"}
{"@timestamp": "2026-02-09T16:09:48.841632+00:00", "service": "dummy-backend", "level": "INFO", "route": "/logout", "status": 200, "latency_ms": 112, "user_id": "u061", "msg": "ok", "trace_id": "d918b7790a5fc2b7"}
{"@timestamp": "2026-02-09T16:09:49.346010+00:00", "service": "dummy-backend", "level": "INFO", "route": "/logout", "status": 200, "latency_ms": 1028, "user_id": "u062", "msg": "ok", "trace_id": "5abe69b8e2cedffa"}
{"@timestamp": "2026-02-09T16:09:49.850336+00:00", "service": "dummy-backend", "level": "INFO", "route": "/profile", "status": 200, "latency_ms": 1150, "user_id": "u092", "msg": "ok", "trace_id": "9866290725c06b65"}
{"@timestamp": "2026-02-09T16:09:50.353941+00:00", "service": "dummy-backend", "level": "INFO", "route": "/search", "status": 200, "latency_ms": 396, "user_id": "u019", "msg": "ok", "trace_id": "a53302cafc38f762"}
{"@timestamp": "2026-02-09T16:09:50.857492+00:00", "service": "dummy-backend", "level": "INFO", "route": "/search", "status": 200, "latency_ms": 497, "user_id": "u053", "msg": "ok", "trace_id": "b3ef0083d32937e4"}
{"@timestamp": "2026-02-09T16:09:51.362028+00:00", "service": "dummy-backend", "level": "INFO", "route": "/checkout", "status": 200, "latency_ms": 64, "user_id": "u066", "msg": "ok", "trace_id": "6f1afc1033e77da2"}
{"@timestamp": "2026-02-09T16:09:51.866904+00:00", "service": "dummy-backend", "level": "INFO", "route": "/profile", "status": 200, "latency_ms": 274, "user_id": "u067", "msg": "ok", "trace_id": "7e3468545b920792"}
{"@timestamp": "2026-02-09T16:09:52.371581+00:00", "service": "dummy-backend", "level": "INFO", "route": "/checkout", "status": 200, "latency_ms": 559, "user_id": "u051", "msg": "ok", "trace_id": "623309e1f37005b7"}
{"@timestamp": "2026-02-09T16:09:52.877434+00:00", "service": "dummy-backend", "level": "INFO", "route": "/logout", "status": 200, "latency_ms": 200, "user_id": "u178", "msg": "ok", "trace_id": "0676b0b49c75ebaa"}
{"@timestamp": "2026-02-09T16:09:53.382245+00:00", "service": "dummy-backend", "level": "INFO", "route": "/checkout", "status": 200, "latency_ms": 526, "user_id": "u063", "msg": "ok", "trace_id": "3b992ed0f4fc58f6"}
{"@timestamp": "2026-02-09T16:09:53.887739+00:00", "service": "dummy-backend", "level": "INFO", "route": "/profile", "status": 200, "latency_ms": 996, "user_id": "u030", "msg": "ok", "trace_id": "63cc3cebdcee1d33"}
{"@timestamp": "2026-02-09T16:09:54.393448+00:00", "service": "dummy-backend", "level": "INFO", "route": "/checkout", "status": 200, "latency_ms": 116, "user_id": "u125", "msg": "ok", "trace_id": "8c2db4e2fec49cc0"}
{"@timestamp": "2026-02-09T16:09:54.890124+00:00", "service": "dummy-backend", "level": "INFO", "route": "/checkout", "status": 200, "latency_ms": 39, "user_id": "u176", "msg": "ok", "trace_id": "5626aca6168f33ef"}
{"@timestamp": "2026-02-09T16:09:55.396286+00:00", "service": "dummy-backend", "level": "INFO", "route": "/profile", "status": 200, "latency_ms": 123, "user_id": "u090", "msg": "ok", "trace_id": "9a37e56a264a82bc"}
{"@timestamp": "2026-02-09T16:09:55.901928+00:00", "service": "dummy-backend", "level": "INFO", "route": "/login", "status": 200, "latency_ms": 1192, "user_id": "u167", "msg": "ok", "trace_id": "cc141aad38bd5abc"}
{"@timestamp": "2026-02-09T16:09:56.405972+00:00", "service": "dummy-backend", "level": "INFO", "route": "/search", "status": 200, "latency_ms": 748, "user_id": "u024", "msg": "ok", "trace_id": "2e9b1cab1158053f"}
{"@timestamp": "2026-02-09T16:09:56.910221+00:00", "service": "dummy-backend", "level": "INFO", "route": "/checkout", "status": 200, "latency_ms": 1195, "user_id": "u196", "msg": "ok", "trace_id": "d5a6b43b8671f99e"}
{"@timestamp": "2026-02-09T16:09:57.415823+00:00", "service": "dummy-backend", "level": "INFO", "route": "/login", "status": 200, "latency_ms": 66, "user_id": "u036", "msg": "ok", "trace_id": "57dd90dff56d1831"}
{"@timestamp": "2026-02-09T16:09:57.921049+00:00", "service": "dummy-backend", "level": "ERROR", "route": "/checkout", "status": 409, "latency_ms": 737, "user_id": "u083", "msg": "payment_retry", "trace_id": "7c9863711e8e1d5d"}
{"@timestamp": "2026-02-09T16:09:58.425250+00:00", "service": "dummy-backend", "level": "INFO", "route": "/profile", "status": 200, "latency_ms": 1085, "user_id": "u127", "msg": "ok", "trace_id": "755f21d781a89e56"}
{"@timestamp": "2026-02-09T16:09:58.931264+00:00", "service": "dummy-backend", "level": "INFO", "route": "/logout", "status": 200, "latency_ms": 1175, "user_id": "u185", "msg": "ok", "trace_id": "8d0e26d673d0b4db"}
{"@timestamp": "2026-02-09T16:09:59.435040+00:00", "service": "dummy-backend", "level": "INFO", "route": "/search", "status": 200, "latency_ms": 706, "user_id": "u150", "msg": "ok", "trace_id": "9f661a67b066dd78"}
{"@timestamp": "2026-02-09T16:09:59.939361+00:00", "service": "dummy-backend", "level": "INFO", "route": "/search", "status": 200, "latency_ms": 58, "user_id": "u041", "msg": "ok", "trace_id": "33da65f6fc5e9fa3"}
{"@timestamp": "2026-02-09T16:10:00.442812+00:00", "service": "dummy-backend", "level": "INFO", "route": "/login", "status": 200, "latency_ms": 586, "user_id": "u021", "msg": "ok", "trace_id": "b7b8940c16ffda0b"}
{"@timestamp": "2026-02-09T16:10:00.947871+00:00", "service": "dummy-backend", "level": "INFO", "route": "/login", "status": 200, "latency_ms": 875, "user_id": "u019", "msg": "ok", "trace_id": "b1349a43a1884179"}
{"@timestamp": "2026-02-09T16:10:01.453083+00:00", "service": "dummy-backend", "level": "INFO", "route": "/logout", "status": 200, "latency_ms": 1171, "user_id": "u062", "msg": "ok", "trace_id": "a8867e867b946698"}
{"@timestamp": "2026-02-09T16:10:01.956533+00:00", "service": "dummy-backend", "level": "INFO", "route": "/search", "status": 200, "latency_ms": 279, "user_id": "u125", "msg": "ok", "trace_id": "55165f9fa8a3080e"}
{"@timestamp": "2026-02-09T16:10:02.460221+00:00", "service": "dummy-backend", "level": "INFO", "route": "/profile", "status": 200, "latency_ms": 141, "user_id": "u171", "msg": "ok", "trace_id": "1a371ced674c3963"}
{"@timestamp": "2026-02-09T16:10:02.964230+00:00", "service": "dummy-backend", "level": "INFO", "route": "/logout", "status": 200, "latency_ms": 649, "user_id": "u060", "msg": "ok", "trace_id": "02a6fc0e3156ccf7"}
{"@timestamp": "2026-02-09T16:10:03.468910+00:00", "service": "dummy-backend", "level": "INFO", "route": "/login", "status": 200, "latency_ms": 226, "user_id": "u134", "msg": "ok", "trace_id": "be78282d8e46ca47"}
{"@timestamp": "2026-02-09T16:10:03.975649+00:00", "service": "dummy-backend", "level": "WARN", "route": "/checkout", "status": 409, "latency_ms": 1099, "user_id": "u173", "msg": "payment_retry", "trace_id": "1ae90273597c1c46"}
{"@timestamp": "2026-02-09T16:10:04.482066+00:00", "service": "dummy-backend", "level": "INFO", "route": "/login", "status": 200, "latency_ms": 47, "user_id": "u196", "msg": "ok", "trace_id": "585d9f311b20c0d9"}
{"@timestamp": "2026-02-09T16:10:04.986834+00:00", "service": "dummy-backend", "level": "INFO", "route": "/search", "status": 200, "latency_ms": 508, "user_id": "u196", "msg": "ok", "trace_id": "084af9765fefbdbe"}
{"@timestamp": "2026-02-09T16:10:05.490418+00:00", "service": "dummy-backend", "level": "INFO", "route": "/profile", "status": 200, "latency_ms": 291, "user_id": "u004", "msg": "ok", "trace_id": "954058e877236158"}
{"@timestamp": "2026-02-09T16:10:05.994074+00:00", "service": "dummy-backend", "level": "ERROR", "route": "/login", "status": 403, "latency_ms": 174, "user_id": "u159", "msg": "db_timeout", "trace_id": "9f40f0fa916f867b"}
{"@timestamp": "2026-02-09T16:10:06.497852+00:00", "service": "dummy-backend", "level": "WARN", "route": "/profile", "status": 200, "latency_ms": 703, "user_id": "u015", "msg": "ok", "trace_id": "2d6e14628e6118c8"}
{"@timestamp": "2026-02-09T16:10:07.002424+00:00", "service": "dummy-backend", "level": "INFO", "route": "/logout", "status": 200, "latency_ms": 21, "user_id": "u081", "msg": "ok", "trace_id": "91e8b892058c2d84"}
{"@timestamp": "2026-02-09T16:10:07.507403+00:00", "service": "dummy-backend", "level": "INFO", "route": "/profile", "status": 200, "latency_ms": 886, "user_id": "u185", "msg": "ok", "trace_id": "79c9ca0f9dbd13b8"}
{"@timestamp": "2026-02-09T16:10:08.010866+00:00", "service": "dummy-backend", "level": "INFO", "route": "/checkout", "status": 200, "latency_ms": 1149, "user_id": "u017", "msg": "ok", "trace_id": "b8b5b1890f587946"}
{"@timestamp": "2026-02-09T16:10:08.514937+00:00", "service": "dummy-backend", "level": "INFO", "route": "/logout", "status": 200, "latency_ms": 814, "user_id": "u024", "msg": "ok", "trace_id": "67dbfaaaab5c6e1d"}
{"@timestamp": "2026-02-09T16:10:09.018540+00:00", "service": "dummy-backend", "level": "INFO", "route": "/logout", "status": 200, "latency_ms": 866, "user_id": "u032", "msg": "ok", "trace_id": "1b7e9f12355d81a4"}
{"@timestamp": "2026-02-09T16:10:09.522171+00:00", "service": "dummy-backend", "level": "INFO", "route": "/logout", "status": 200, "latency_ms": 1058, "user_id": "u046", "msg": "ok", "trace_id": "f75b22d4ff8535bb"}
{"@timestamp": "2026-02-09T16:10:10.025681+00:00", "service": "dummy-backend", "level": "INFO", "route": "/logout", "status": 200, "latency_ms": 892, "user_id": "u082", "msg": "ok", "trace_id": "48ea560b306abbcc"}
{"@timestamp": "2026-02-09T16:10:10.529804+00:00", "service": "dummy-backend", "level": "INFO", "route": "/checkout", "status": 200, "latency_ms": 587, "user_id": "u109", "msg": "ok", "trace_id": "0fbcc770432c9ac2"}
{"@timestamp": "2026-02-09T16:10:11.034372+00:00", "service": "dummy-backend", "level": "INFO", "route": "/logout", "status": 200, "latency_ms": 40, "user_id": "u052", "msg": "ok", "trace_id": "971a249a97c6be49"}
{"@timestamp": "2026-02-09T16:10:11.538709+00:00", "service": "dummy-backend", "level": "WARN", "route": "/profile", "status": 200, "latency_ms": 753, "user_id": "u010", "msg": "ok", "trace_id": "9f183e5f795e5e9e"}
{"@timestamp": "2026-02-09T16:10:12.042828+00:00", "service": "dummy-backend", "level": "INFO", "route": "/login", "status": 200, "latency_ms": 178, "user_id": "u154", "msg": "ok", "trace_id": "69185f4aa4050129"}
{"@timestamp": "2026-02-09T16:10:12.547600+00:00", "service": "dummy-backend", "level": "INFO", "route": "/login", "status": 200, "latency_ms": 128, "user_id": "u102", "msg": "ok", "trace_id": "667cb27cc84a1a03"}
{"@timestamp": "2026-02-09T16:10:13.052308+00:00", "service": "dummy-backend", "level": "WARN", "route": "/profile", "status": 200, "latency_ms": 873, "user_id": "u012", "msg": "ok", "trace_id": "8f46578bf6330ce7"}
{"@timestamp": "2026-02-09T16:10:13.556236+00:00", "service": "dummy-backend", "level": "INFO", "route": "/checkout", "status": 200, "latency_ms": 882, "user_id": "u068", "msg": "ok", "trace_id": "c77196488f4d9139"}
{"@timestamp": "2026-02-09T16:10:14.060926+00:00", "service": "dummy-backend", "level": "WARN", "route": "/checkout", "status": 409, "latency_ms": 1059, "user_id": "u137", "msg": "payment_retry", "trace_id": "0483a7022864d83d"}
{"@timestamp": "2026-02-09T16:10:14.565043+00:00", "service": "dummy-backend", "level": "INFO", "route": "/profile", "status": 200, "latency_ms": 817, "user_id": "u105", "msg": "ok", "trace_id": "c712cfdcc7592af2"}
{"@timestamp": "2026-02-09T16:10:15.070312+00:00", "service": "dummy-backend", "level": "INFO", "route": "/login", "status": 200, "latency_ms": 471, "user_id": "u001", "msg": "ok", "trace_id": "5848b7718a813486"}
{"@timestamp": "2026-02-09T16:10:15.575413+00:00", "service": "dummy-backend", "level": "INFO", "route": "/profile", "status": 200, "latency_ms": 202, "user_id": "u186", "msg": "ok", "trace_id": "e360275be0485aa2"}
{"@timestamp": "2026-02-09T16:10:16.079639+00:00", "service": "dummy-backend", "level": "INFO", "route": "/search", "status": 200, "latency_ms": 104, "user_id": "u148", "msg": "ok", "trace_id": "dfb021be67151f81"}
{"@timestamp": "2026-02-09T16:10:16.584281+00:00", "service": "dummy-backend", "level": "INFO", "route": "/search", "status": 200, "latency_ms": 679, "user_id": "u006", "msg": "ok", "trace_id": "ab7756a1e195f6be"}
{"@timestamp": "2026-02-09T16:10:17.088519+00:00", "service": "dummy-backend", "level": "INFO", "route": "/profile", "status": 200, "latency_ms": 100, "user_id": "u130", "msg": "ok", "trace_id": "e8cb283b7def5892"}
{"@timestamp": "2026-02-09T16:10:17.594055+00:00", "service": "dummy-backend", "level": "INFO", "route": "/profile", "status": 200, "latency_ms": 217, "user_id": "u013", "msg": "ok", "trace_id": "cc076203f8a5f366"}
{"@timestamp": "2026-02-09T16:10:18.098853+00:00", "service": "dummy-backend", "level": "WARN", "route": "/login", "status": 200, "latency_ms": 877, "user_id": "u119", "msg": "ok", "trace_id": "1f88442e80265ee1"}
{"@timestamp": "2026-02-09T16:10:18.603341+00:00", "service": "dummy-backend", "level": "INFO", "route": "/logout", "status": 200, "latency_ms": 361, "user_id": "u105", "msg": "ok", "trace_id": "55048c48c5e2ad6c"}
{"@timestamp": "2026-02-09T16:10:19.108480+00:00", "service": "dummy-backend", "level": "INFO", "route": "/login", "status": 200, "latency_ms": 418, "user_id": "u186", "msg": "ok", "trace_id": "e4b25d1d4eb9b94b"}
{"@timestamp": "2026-02-09T16:10:19.612350+00:00", "service": "dummy-backend", "level": "INFO", "route": "/profile", "status": 200, "latency_ms": 871, "user_id": "u169", "msg": "ok", "trace_id": "cd46e67eb77750c8"}
{"@timestamp": "2026-02-09T16:10:20.117057+00:00", "service": "dummy-backend", "level": "INFO", "route": "/profile", "status": 200, "latency_ms": 1090, "user_id": "u080", "msg": "ok", "trace_id": "fc3459979f0e3954"}
{"@timestamp": "2026-02-09T16:10:20.621849+00:00", "service": "dummy-backend", "level": "WARN", "route": "/login", "status": 200, "latency_ms": 251, "user_id": "u154", "msg": "ok", "trace_id": "5a14f8412b9d8d97"}
{"@timestamp": "2026-02-09T16:10:21.126960+00:00", "service": "dummy-backend", "level": "INFO", "route": "/login", "status": 200, "latency_ms": 709, "user_id": "u023", "msg": "ok", "trace_id": "aa048f4702a2154c"}
{"@timestamp": "2026-02-09T16:10:21.632233+00:00", "service": "dummy-backend", "level": "INFO", "route": "/search", "status": 200, "latency_ms": 304, "user_id": "u106", "msg": "ok", "trace_id": "5103eaf8e6934e11"}
{"@timestamp": "2026-02-09T16:10:22.137676+00:00", "service": "dummy-backend", "level": "INFO", "route": "/profile", "status": 200, "latency_ms": 95, "user_id": "u105", "msg": "ok", "trace_id": "c73739cbcfe862d3"}
{"@timestamp": "2026-02-09T16:10:22.641784+00:00", "service": "dummy-backend", "level": "WARN", "route": "/profile", "status": 200, "latency_ms": 947, "user_id": "u125", "msg": "ok", "trace_id": "1dc301e3c577620e"}
{"@timestamp": "2026-02-09T16:10:23.145798+00:00", "service": "dummy-backend", "level": "WARN", "route": "/login", "status": 200, "latency_ms": 1089, "user_id": "u055", "msg": "ok", "trace_id": "8ee038a27fcc00fa"}
{"@timestamp": "2026-02-09T16:10:23.650699+00:00", "service": "dummy-backend", "level": "INFO", "route": "/search", "status": 200, "latency_ms": 405, "user_id": "u168", "msg": "ok", "trace_id": "d38a11a779e10f51"}
{"@timestamp": "2026-02-09T16:10:24.155127+00:00", "service": "dummy-backend", "level": "INFO", "route": "/logout", "status": 200, "latency_ms": 479, "user_id": "u174", "msg": "ok", "trace_id": "6a6d50fb3d38bc71"}
{"@timestamp": "2026-02-09T16:10:24.659926+00:00", "service": "dummy-backend", "level": "WARN", "route": "/search", "status": 200, "latency_ms": 672, "user_id": "u053", "msg": "ok", "trace_id": "9651282cb1997587"}
{"@timestamp": "2026-02-09T16:10:25.157091+00:00", "service": "dummy-backend", "level": "INFO", "route": "/logout", "status": 200, "latency_ms": 827, "user_id": "u126", "msg": "ok", "trace_id": "684ba30f7ca673be"}
{"@timestamp": "2026-02-09T16:10:25.662038+00:00", "service": "dummy-backend", "level": "INFO", "route": "/search", "status": 200, "latency_ms": 46, "user_id": "u108", "msg": "ok", "trace_id": "17c27fad83a27915"}
{"@timestamp": "2026-02-09T16:10:26.167138+00:00", "service": "dummy-backend", "level": "INFO", "route": "/checkout", "status": 200, "latency_ms": 188, "user_id": "u083", "msg": "ok", "trace_id": "541b0c5182ca418b"}
{"@timestamp": "2026-02-09T16:10:26.671594+00:00", "service": "dummy-backend", "level": "INFO", "route": "/checkout", "status": 200, "latency_ms": 966, "user_id": "u175", "msg": "ok", "trace_id": "646ad7a63326a1e3"}
{"@timestamp": "2026-02-09T16:10:27.175304+00:00", "service": "dummy-backend", "level": "INFO", "route": "/logout", "status": 200, "latency_ms": 858, "user_id": "u104", "msg": "ok", "trace_id": "b00ab1ecd8ae7a2b"}
{"@timestamp": "2026-02-09T16:10:27.679157+00:00", "service": "dummy-backend", "level": "INFO", "route": "/search", "status": 200, "latency_ms": 92, "user_id": "u168", "msg": "ok", "trace_id": "665547ae48740be5"}
{"@timestamp": "2026-02-09T16:10:28.183113+00:00", "service": "dummy-backend", "level": "INFO", "route": "/checkout", "status": 200, "latency_ms": 816, "user_id": "u039", "msg": "ok", "trace_id": "0c9dcb15827eb4ae"}
{"@timestamp": "2026-02-09T16:10:28.686660+00:00", "service": "dummy-backend", "level": "INFO", "route": "/search", "status": 200, "latency_ms": 229, "user_id": "u168", "msg": "ok", "trace_id": "d41d9bb88f60ae15"}
{"@timestamp": "2026-02-09T16:10:29.191017+00:00", "service": "dummy-backend", "level": "INFO", "route": "/logout", "status": 200, "latency_ms": 713, "user_id": "u198", "msg": "ok", "trace_id": "da0cac0b213d5b16"}
{"@timestamp": "2026-02-09T16:10:29.694750+00:00", "service": "dummy-backend", "level": "INFO", "route": "/search", "status": 200, "latency_ms": 368, "user_id": "u158", "msg": "ok", "trace_id": "156df61460930cb5"}
{"@timestamp": "2026-02-09T16:10:30.207946+00:00", "service": "dummy-backend", "level": "INFO", "route": "/login", "status": 200, "latency_ms": 302, "user_id": "u143", "msg": "ok", "trace_id": "738270cedd0b54bb"}
{"@timestamp": "2026-02-09T16:10:30.712388+00:00", "service": "dummy-backend", "level": "INFO", "route": "/logout", "status": 200, "latency_ms": 1090, "user_id": "u168", "msg": "ok", "trace_id": "8c826b7b9063eb97"}
{"@timestamp": "2026-02-09T16:10:31.216664+00:00", "service": "dummy-backend", "level": "INFO", "route": "/profile", "status": 200, "latency_ms": 213, "user_id": "u053", "msg": "ok", "trace_id": "0b6637cc626b124a"}
{"@timestamp": "2026-02-09T16:10:31.720670+00:00", "service": "dummy-backend", "level": "INFO", "route": "/search", "status": 200, "latency_ms": 1200, "user_id": "u089", "msg": "ok", "trace_id": "7821058eaf801fce"}
{"@timestamp": "2026-02-09T16:10:32.224918+00:00", "service": "dummy-backend", "level": "INFO", "route": "/checkout", "status": 200, "latency_ms": 125, "user_id": "u128", "msg": "ok", "trace_id": "5af5e112912cbbca"}
{"@timestamp": "2026-02-09T16:10:32.729917+00:00", "service": "dummy-backend", "level": "INFO", "route": "/login", "status": 200, "latency_ms": 612, "user_id": "u185", "msg": "ok", "trace_id": "4ea6b5e6fa2eec04"}
{"@timestamp": "2026-02-09T16:10:33.234061+00:00", "service": "dummy-backend", "level": "INFO", "route": "/search", "status": 200, "latency_ms": 1200, "user_id": "u024", "msg": "ok", "trace_id": "6f9302cbb1dc527b"}
{"@timestamp": "2026-02-09T16:10:33.738330+00:00", "service": "dummy-backend", "level": "INFO", "route": "/search", "status": 200, "latency_ms": 375, "user_id": "u184", "msg": "ok", "trace_id": "383133765209b081"}
{"@timestamp": "2026-02-09T16:10:34.242608+00:00", "service": "dummy-backend", "level": "INFO", "route": "/login", "status": 200, "latency_ms": 959, "user_id": "u148", "msg": "ok", "trace_id": "b0c04895e118fb01"}
{"@timestamp": "2026-02-09T16:10:34.746537+00:00", "service": "dummy-backend", "level": "INFO", "route": "/profile", "status": 200, "latency_ms": 814, "user_id": "u058", "msg": "ok", "trace_id": "1c4fe2249da56adc"}
{"@timestamp": "2026-02-09T16:10:35.250392+00:00", "service": "dummy-backend", "level": "INFO", "route": "/checkout", "status": 200, "latency_ms": 518, "user_id": "u027", "msg": "ok", "trace_id": "c56669e22e9f60d8"}
{"@timestamp": "2026-02-09T16:10:35.754445+00:00", "service": "dummy-backend", "level": "INFO", "route": "/checkout", "status": 200, "latency_ms": 607, "user_id": "u050", "msg": "ok", "trace_id": "dc015c6d9787074b"}
{"@timestamp": "2026-02-09T16:10:36.258145+00:00", "service": "dummy-backend", "level": "WARN", "route": "/login", "status": 200, "latency_ms": 437, "user_id": "u074", "msg": "ok", "trace_id": "0b84e832f77a931f"}
{"@timestamp": "2026-02-09T16:10:36.761785+00:00", "service": "dummy-backend", "level": "INFO", "route": "/search", "status": 200, "latency_ms": 383, "user_id": "u147", "msg": "ok", "trace_id": "29abc50ccac5c408"}
{"@timestamp": "2026-02-09T16:10:37.265816+00:00", "service": "dummy-backend", "level": "INFO", "route": "/logout", "status": 200, "latency_ms": 448, "user_id": "u008", "msg": "ok", "trace_id": "8a1f9526628e2881"}
{"@timestamp": "2026-02-09T16:10:37.769732+00:00", "service": "dummy-backend", "level": "INFO", "route": "/search", "status": 200, "latency_ms": 537, "user_id": "u039", "msg": "ok", "trace_id": "af99278fabcebb04"}
{"@timestamp": "2026-02-09T16:10:38.273499+00:00", "service": "dummy-backend", "level": "INFO", "route": "/logout", "status": 200, "latency_ms": 547, "user_id": "u015", "msg": "ok", "trace_id": "2b48c989f8eee31b"}
{"@timestamp": "2026-02-09T16:10:38.777764+00:00", "service": "dummy-backend", "level": "INFO", "route": "/logout", "status": 200, "latency_ms": 287, "user_id": "u081", "msg": "ok", "trace_id": "e4d0b27e91dcfc97"}
{"@timestamp": "2026-02-09T16:10:39.281752+00:00", "service": "dummy-backend", "level": "WARN", "route": "/login", "status": 200, "latency_ms": 864, "user_id": "u146", "msg": "ok", "trace_id": "15359efec704224f"}
{"@timestamp": "2026-02-09T16:10:39.786181+00:00", "service": "dummy-backend", "level": "ERROR", "route": "/logout", "status": 200, "latency_ms": 680, "user_id": "u067", "msg": "ok", "trace_id": "42ff9469aaae5d3e"}
{"@timestamp": "2026-02-09T16:10:40.289526+00:00", "service": "dummy-backend", "level": "INFO", "route": "/search", "status": 200, "latency_ms": 1176, "user_id": "u111", "msg": "ok", "trace_id": "d2181cb93897f7b1"}
{"@timestamp": "2026-02-09T16:10:40.794624+00:00", "service": "dummy-backend", "level": "INFO", "route": "/profile", "status": 200, "latency_ms": 841, "user_id": "u189", "msg": "ok", "trace_id": "bd48f8a8d11a8750"}
{"@timestamp": "2026-02-09T16:10:41.298060+00:00", "service": "dummy-backend", "level": "INFO", "route": "/checkout", "status": 200, "latency_ms": 596, "user_id": "u049", "msg": "ok", "trace_id": "7ec8c928028c4f04"}
{"@timestamp": "2026-02-09T16:10:41.802521+00:00", "service": "dummy-backend", "level": "INFO", "route": "/profile", "status": 200, "latency_ms": 488, "user_id": "u125", "msg": "ok", "trace_id": "97549c47a882a0c2"}
{"@timestamp": "2026-02-09T16:10:42.306728+00:00", "service": "dummy-backend", "level": "INFO", "route": "/search", "status": 200, "latency_ms": 601, "user_id": "u027", "msg": "ok", "trace_id": "1259a00f2f0b23e0"}
{"@timestamp": "2026-02-09T16:10:42.810548+00:00", "service": "dummy-backend", "level": "INFO", "route": "/search", "status": 200, "latency_ms": 219, "user_id": "u016", "msg": "ok", "trace_id": "eef621487d867cbf"}
{"@timestamp": "2026-02-09T16:10:43.314578+00:00", "service": "dummy-backend", "level": "INFO", "route": "/logout", "status": 200, "latency_ms": 877, "user_id": "u019", "msg": "ok", "trace_id": "8f1b7f5a99a21b93"}
{"@timestamp": "2026-02-09T16:10:43.819150+00:00", "service": "dummy-backend", "level": "INFO", "route": "/profile", "status": 200, "latency_ms": 989, "user_id": "u012", "msg": "ok", "trace_id": "24cd97fa8e87af51"}
{"@timestamp": "2026-02-09T16:10:44.325142+00:00", "service": "dummy-backend", "level": "INFO", "route": "/login", "status": 200, "latency_ms": 157, "user_id": "u191", "msg": "ok", "trace_id": "85d3db8a9704fcb0"}
{"@timestamp": "2026-02-09T16:10:44.829776+00:00", "service": "dummy-backend", "level": "INFO", "route": "/checkout", "status": 200, "latency_ms": 902, "user_id": "u177", "msg": "ok", "trace_id": "01947be47bae49cf"}
{"@timestamp": "2026-02-09T16:10:45.333658+00:00", "service": "dummy-backend", "level": "INFO", "route": "/checkout", "status": 200, "latency_ms": 130, "user_id": "u066", "msg": "ok", "trace_id": "3a4d68d15b6f8fd7"}
{"@timestamp": "2026-02-09T16:10:45.837009+00:00", "service": "dummy-backend", "level": "INFO", "route": "/checkout", "status": 200, "latency_ms": 71, "user_id": "u072", "msg": "ok", "trace_id": "bfa6d4171ef37f8e"}
{"@timestamp": "2026-02-09T16:10:46.340649+00:00", "service": "dummy-backend", "level": "INFO", "route": "/login", "status": 200, "latency_ms": 389, "user_id": "u081", "msg": "ok", "trace_id": "d0772f6f115983b5"}
{"@timestamp": "2026-02-09T16:10:46.844116+00:00", "service": "dummy-backend", "level": "INFO", "route": "/profile", "status": 200, "latency_ms": 72, "user_id": "u110", "msg": "ok", "trace_id": "09d9bb5ef979d3e4"}
{"@timestamp": "2026-02-09T16:10:47.348294+00:00", "service": "dummy-backend", "level": "WARN", "route": "/logout", "status": 200, "latency_ms": 89, "user_id": "u124", "msg": "ok", "trace_id": "3ea6bd5b90293aaa"}
{"@timestamp": "2026-02-09T16:10:47.853027+00:00", "service": "dummy-backend", "level": "INFO", "route": "/profile", "status": 200, "latency_ms": 106, "user_id": "u041", "msg": "ok", "trace_id": "6df5186c135f292f"}
{"@timestamp": "2026-02-09T16:10:48.357296+00:00", "service": "dummy-backend", "level": "INFO", "route": "/checkout", "status": 200, "latency_ms": 479, "user_id": "u177", "msg": "ok", "trace_id": "ad13cf6f226962d1"}
{"@timestamp": "2026-02-09T16:10:48.860737+00:00", "service": "dummy-backend", "level": "INFO", "route": "/profile", "status": 200, "latency_ms": 877, "user_id": "u158", "msg": "ok", "trace_id": "7268b7f3de4605e1"}
{"@timestamp": "2026-02-09T16:10:49.365284+00:00", "service": "dummy-backend", "level": "INFO", "route": "/search", "status": 200, "latency_ms": 72, "user_id": "u180", "msg": "ok", "trace_id": "acf333919170f94e"}
{"@timestamp": "2026-02-09T16:10:49.871508+00:00", "service": "dummy-backend", "level": "INFO", "route": "/search", "status": 200, "latency_ms": 112, "user_id": "u125", "msg": "ok", "trace_id": "779ede5fa57ee5d7"}
{"@timestamp": "2026-02-09T16:10:50.375240+00:00", "service": "dummy-backend", "level": "INFO", "route": "/search", "status": 200, "latency_ms": 781, "user_id": "u096", "msg": "ok", "trace_id": "d2128e05eca23223"}
{"@timestamp": "2026-02-09T16:10:50.879396+00:00", "service": "dummy-backend", "level": "INFO", "route": "/checkout", "status": 200, "latency_ms": 739, "user_id": "u035", "msg": "ok", "trace_id": "4e4293abd1dbd138"}
{"@timestamp": "2026-02-09T16:10:51.384187+00:00", "service": "dummy-backend", "level": "WARN", "route": "/login", "status": 200, "latency_ms": 563, "user_id": "u107", "msg": "ok", "trace_id": "47def6b27fc4fe81"}
{"@timestamp": "2026-02-09T16:10:51.888607+00:00", "service": "dummy-backend", "level": "INFO", "route": "/logout", "status": 200, "latency_ms": 243, "user_id": "u190", "msg": "ok", "trace_id": "1dcfbe21295a343d"}
{"@timestamp": "2026-02-09T16:10:52.392223+00:00", "service": "dummy-backend", "level": "INFO", "route": "/logout", "status": 200, "latency_ms": 383, "user_id": "u200", "msg": "ok", "trace_id": "7ad979162337ce8f"}
{"@timestamp": "2026-02-09T16:10:52.897614+00:00", "service": "dummy-backend", "level": "WARN", "route": "/checkout", "status": 422, "latency_ms": 663, "user_id": "u195", "msg": "payment_retry", "trace_id": "a43b0fe3c09036e3"}
{"@timestamp": "2026-02-09T16:10:53.403712+00:00", "service": "dummy-backend", "level": "INFO", "route": "/login", "status": 200, "latency_ms": 311, "user_id": "u076", "msg": "ok", "trace_id": "47cbd1cc79ae7098"}
{"@timestamp": "2026-02-09T16:10:53.908289+00:00", "service": "dummy-backend", "level": "INFO", "route": "/checkout", "status": 200, "latency_ms": 993, "user_id": "u147", "msg": "ok", "trace_id": "f0c507ba27bf4b5b"}
{"@timestamp": "2026-02-09T16:10:54.412914+00:00", "service": "dummy-backend", "level": "INFO", "route": "/profile", "status": 200, "latency_ms": 408, "user_id": "u083", "msg": "ok", "trace_id": "4537208677e1aa91"}
{"@timestamp": "2026-02-09T16:10:54.909547+00:00", "service": "dummy-backend", "level": "INFO", "route": "/checkout", "status": 200, "latency_ms": 1076, "user_id": "u115", "msg": "ok", "trace_id": "ac2d4ffa4dfdb009"}
{"@timestamp": "2026-02-09T16:10:55.415089+00:00", "service": "dummy-backend", "level": "INFO", "route": "/profile", "status": 200, "latency_ms": 1101, "user_id": "u170", "msg": "ok", "trace_id": "e2ca804ddd86a0d1"}
{"@timestamp": "2026-02-09T16:10:55.919517+00:00", "service": "dummy-backend", "level": "INFO", "route": "/logout", "status": 200, "latency_ms": 927, "user_id": "u060", "msg": "ok", "trace_id": "de718b808c7bf7ce"}
{"@timestamp": "2026-02-09T16:10:56.424254+00:00", "service": "dummy-backend", "level": "INFO", "route": "/login", "status": 200, "latency_ms": 821, "user_id": "u085", "msg": "ok", "trace_id": "c3530a3f4687b6ec"}
{"@timestamp": "2026-02-09T16:10:56.928614+00:00", "service": "dummy-backend", "level": "INFO", "route": "/login", "status": 200, "latency_ms": 628, "user_id": "u127", "msg": "ok", "trace_id": "97c8857f251719f1"}
{"@timestamp": "2026-02-09T16:10:57.432038+00:00", "service": "dummy-backend", "level": "INFO", "route": "/profile", "status": 200, "latency_ms": 1021, "user_id": "u075", "msg": "ok", "trace_id": "ac6ae842d2d68988"}
{"@timestamp": "2026-02-09T16:10:57.936939+00:00", "service": "dummy-backend", "level": "INFO", "route": "/search", "status": 200, "latency_ms": 1021, "user_id": "u078", "msg": "ok", "trace_id": "b16e5e7f85cd8ef7"}
{"@timestamp": "2026-02-09T16:10:58.441674+00:00", "service": "dummy-backend", "level": "INFO", "route": "/logout", "status": 200, "latency_ms": 709, "user_id": "u105", "msg": "ok", "trace_id": "5d9e2a7f6c58d2a4"}
{"@timestamp": "2026-02-09T16:10:58.947107+00:00", "service": "dummy-backend", "level": "INFO", "route": "/checkout", "status": 200, "latency_ms": 560, "user_id": "u031", "msg": "ok", "trace_id": "b808fad46067369d"}
{"@timestamp": "2026-02-09T16:10:59.452069+00:00", "service": "dummy-backend", "level": "INFO", "route": "/login", "status": 200, "latency_ms": 1068, "user_id": "u066", "msg": "ok", "trace_id": "9997ddc3c112f876"}
{"@timestamp": "2026-02-09T16:10:59.956808+00:00", "service": "dummy-backend", "level": "INFO", "route": "/logout", "status": 200, "latency_ms": 437, "user_id": "u092", "msg": "ok", "trace_id": "f6fab32374423753"}
{"@timestamp": "2026-02-09T16:11:00.461852+00:00", "service": "dummy-backend", "level": "INFO", "route": "/login", "status": 200, "latency_ms": 633, "user_id": "u086", "msg": "ok", "trace_id": "952f659b3f4652d5"}
{"@timestamp": "2026-02-09T16:11:00.966003+00:00", "service": "dummy-backend", "level": "WARN", "route": "/search", "status": 200, "latency_ms": 381, "user_id": "u041", "msg": "ok", "trace_id": "ab769ea64e506c2e"}
{"@timestamp": "2026-02-09T16:11:01.477044+00:00", "service": "dummy-backend", "level": "INFO", "route": "/login", "status": 200, "latency_ms": 952, "user_id": "u058", "msg": "ok", "trace_id": "48e50adad4b4fa77"}
{"@timestamp": "2026-02-09T16:11:01.980601+00:00", "service": "dummy-backend", "level": "INFO", "route": "/search", "status": 200, "latency_ms": 475, "user_id": "u174", "msg": "ok", "trace_id": "84b04425af1cd356"}
{"@timestamp": "2026-02-09T16:11:02.485329+00:00", "service": "dummy-backend", "level": "INFO", "route": "/search", "status": 200, "latency_ms": 50, "user_id": "u180", "msg": "ok", "trace_id": "b608ab2ac200e373"}
{"@timestamp": "2026-02-09T16:11:02.990217+00:00", "service": "dummy-backend", "level": "INFO", "route": "/logout", "status": 200, "latency_ms": 1200, "user_id": "u071", "msg": "ok", "trace_id": "4e2d73086620a996"}
{"@timestamp": "2026-02-09T16:11:03.495150+00:00", "service": "dummy-backend", "level": "INFO", "route": "/logout", "status": 200, "latency_ms": 864, "user_id": "u189", "msg": "ok", "trace_id": "cddf2e4927c7a0e6"}
{"@timestamp": "2026-02-09T16:11:03.999252+00:00", "service": "dummy-backend", "level": "INFO", "route": "/search", "status": 200, "latency_ms": 372, "user_id": "u196", "msg": "ok", "trace_id": "d5c8d401725bfd17"}
{"@timestamp": "2026-02-09T16:11:04.505062+00:00", "service": "dummy-backend", "level": "ERROR", "route": "/checkout", "status": 422, "latency_ms": 447, "user_id": "u200", "msg": "gateway_error", "trace_id": "112a22d494926c95"}
{"@timestamp": "2026-02-09T16:11:05.009248+00:00", "service": "dummy-backend", "level": "INFO", "route": "/search", "status": 200, "latency_ms": 518, "user_id": "u172", "msg": "ok", "trace_id": "f52a294a50275a60"}
{"@timestamp": "2026-02-09T16:11:05.513247+00:00", "service": "dummy-backend", "level": "ERROR", "route": "/login", "status": 403, "latency_ms": 51, "user_id": "u096", "msg": "token_expired", "trace_id": "11cbc83edd89cbc2"}
{"@timestamp": "2026-02-09T16:11:06.018670+00:00", "service": "dummy-backend", "level": "INFO", "route": "/search", "status": 200, "latency_ms": 534, "user_id": "u171", "msg": "ok", "trace_id": "36124ab595c3304b"}
{"@timestamp": "2026-02-09T16:11:06.523734+00:00", "service": "dummy-backend", "level": "WARN", "route": "/logout", "status": 200, "latency_ms": 938, "user_id": "u026", "msg": "ok", "trace_id": "f5cdb5bc917fbe54"}
{"@timestamp": "2026-02-09T16:11:07.028527+00:00", "service": "dummy-backend", "level": "INFO", "route": "/checkout", "status": 200, "latency_ms": 102, "user_id": "u174", "msg": "ok", "trace_id": "c8d4fa6a3eaa4b5a"}
{"@timestamp": "2026-02-09T16:11:07.532108+00:00", "service": "dummy-backend", "level": "INFO", "route": "/search", "status": 200, "latency_ms": 1054, "user_id": "u066", "msg": "ok", "trace_id": "424d75893ff8e773"}
{"@timestamp": "2026-02-09T16:11:08.036482+00:00", "service": "dummy-backend", "level": "WARN", "route": "/search", "status": 200, "latency_ms": 601, "user_id": "u119", "msg": "ok", "trace_id": "c2103e83216c73ea"}
{"@timestamp": "2026-02-09T16:11:08.540794+00:00", "service": "dummy-backend", "level": "INFO", "route": "/login", "status": 200, "latency_ms": 1136, "user_id": "u147", "msg": "ok", "trace_id": "447c6108117a6269"}
{"@timestamp": "2026-02-09T16:11:09.045371+00:00", "service": "dummy-backend", "level": "INFO", "route": "/login", "status": 200, "latency_ms": 494, "user_id": "u044", "msg": "ok", "trace_id": "f5343401861cf6d1"}
{"@timestamp": "2026-02-09T16:11:09.549025+00:00", "service": "dummy-backend", "level": "INFO", "route": "/login", "status": 200, "latency_ms": 509, "user_id": "u044", "msg": "ok", "trace_id": "4594f97b778fd431"}
{"@timestamp": "2026-02-09T16:11:10.052604+00:00", "service": "dummy-backend", "level": "WARN", "route": "/logout", "status": 200, "latency_ms": 1161, "user_id": "u195", "msg": "ok", "trace_id": "0e2b848fd455fc3b"}
{"@timestamp": "2026-02-09T16:11:10.556197+00:00", "service": "dummy-backend", "level": "INFO", "route": "/login", "status": 200, "latency_ms": 894, "user_id": "u190", "msg": "ok", "trace_id": "e2a440bef58846af"}
{"@timestamp": "2026-02-09T16:11:11.060139+00:00", "service": "dummy-backend", "level": "INFO", "route": "/search", "status": 200, "latency_ms": 111, "user_id": "u117", "msg": "ok", "trace_id": "54acf85411bf9538"}
{"@timestamp": "2026-02-09T16:11:11.564284+00:00", "service": "dummy-backend", "level": "WARN", "route": "/logout", "status": 200, "latency_ms": 518, "user_id": "u138", "msg": "ok", "trace_id": "6d32cdc7bd1eda20"}
{"@timestamp": "2026-02-09T16:11:12.068519+00:00", "service": "dummy-backend", "level": "INFO", "route": "/logout", "status": 200, "latency_ms": 1083, "user_id": "u003", "msg": "ok", "trace_id": "9d88fdd1b8c9e1bc"}
{"@timestamp": "2026-02-09T16:11:12.572348+00:00", "service": "dummy-backend", "level": "INFO", "route": "/profile", "status": 200, "latency_ms": 575, "user_id": "u162", "msg": "ok", "trace_id": "c4088db69492518f"}
{"@timestamp": "2026-02-09T16:11:13.076709+00:00", "service": "dummy-backend", "level": "WARN", "route": "/search", "status": 200, "latency_ms": 252, "user_id": "u080", "msg": "ok", "trace_id": "81c9eee66f792a4c"}
{"@timestamp": "2026-02-09T16:11:13.580912+00:00", "service": "dummy-backend", "level": "WARN", "route": "/checkout", "status": 409, "latency_ms": 933, "user_id": "u045", "msg": "payment_retry", "trace_id": "ec2de1bc2cbafab5"}
{"@timestamp": "2026-02-09T16:11:14.086363+00:00", "service": "dummy-backend", "level": "WARN", "route": "/checkout", "status": 409, "latency_ms": 1072, "user_id": "u098", "msg": "insufficient_stock", "trace_id": "bffd5bc1e7c941a4"}
{"@timestamp": "2026-02-09T16:11:14.590827+00:00", "service": "dummy-backend", "level": "INFO", "route": "/logout", "status": 200, "latency_ms": 386, "user_id": "u181", "msg": "ok", "trace_id": "42b5c3e40fb0969d"}
{"@timestamp": "2026-02-09T16:11:15.094811+00:00", "service": "dummy-backend", "level": "WARN", "route": "/checkout", "status": 500, "latency_ms": 146, "user_id": "u123", "msg": "gateway_error", "trace_id": "0634aff2c0ae16eb"}
{"@timestamp": "2026-02-09T16:11:15.599675+00:00", "service": "dummy-backend", "level": "INFO", "route": "/logout", "status": 200, "latency_ms": 67, "user_id": "u197", "msg": "ok", "trace_id": "7b191f0700eeefd3"}
{"@timestamp": "2026-02-09T16:11:16.105459+00:00", "service": "dummy-backend", "level": "INFO", "route": "/checkout", "status": 200, "latency_ms": 1055, "user_id": "u170", "msg": "ok", "trace_id": "492344592244d885"}
{"@timestamp": "2026-02-09T16:11:16.609420+00:00", "service": "dummy-backend", "level": "INFO", "route": "/profile", "status": 200, "latency_ms": 231, "user_id": "u129", "msg": "ok", "trace_id": "ca2211121d3891a0"}
{"@timestamp": "2026-02-09T16:11:17.113466+00:00", "service": "dummy-backend", "level": "INFO", "route": "/logout", "status": 200, "latency_ms": 876, "user_id": "u075", "msg": "ok", "trace_id": "b882adc5411bbc0d"}
{"@timestamp": "2026-02-09T16:11:17.619339+00:00", "service": "dummy-backend", "level": "INFO", "route": "/logout", "status": 200, "latency_ms": 752, "user_id": "u026", "msg": "ok", "trace_id": "5d531258c022f9b1"}
{"@timestamp": "2026-02-09T16:11:18.123410+00:00", "service": "dummy-backend", "level": "INFO", "route": "/login", "status": 200, "latency_ms": 870, "user_id": "u012", "msg": "ok", "trace_id": "8235a0c27cb56e99"}
{"@timestamp": "2026-02-09T16:11:18.628219+00:00", "service": "dummy-backend", "level": "INFO", "route": "/profile", "status": 200, "latency_ms": 1169, "user_id": "u199", "msg": "ok", "trace_id": "8d2c1d2bb177cd88"}
{"@timestamp": "2026-02-09T16:11:19.132497+00:00", "service": "dummy-backend", "level": "INFO", "route": "/search", "status": 200, "latency_ms": 378, "user_id": "u145", "msg": "ok", "trace_id": "f9235c88a036cd63"}
{"@timestamp": "2026-02-09T16:11:19.637005+00:00", "service": "dummy-backend", "level": "INFO", "route": "/search", "status": 200, "latency_ms": 1079, "user_id": "u162", "msg": "ok", "trace_id": "5aa6a722c455a23e"}
{"@timestamp": "2026-02-09T16:11:20.142161+00:00", "service": "dummy-backend", "level": "WARN", "route": "/checkout", "status": 500, "latency_ms": 198, "user_id": "u029", "msg": "payment_retry", "trace_id": "eee0b8ab40ed592d"}
{"@timestamp": "2026-02-09T16:11:20.647680+00:00", "service": "dummy-backend", "level": "INFO", "route": "/search", "status": 200, "latency_ms": 892, "user_id": "u027", "msg": "ok", "trace_id": "1013f7430ad963bc"}
{"@timestamp": "2026-02-09T16:11:21.151483+00:00", "service": "dummy-backend", "level": "INFO", "route": "/login", "status": 200, "latency_ms": 1152, "user_id": "u043", "msg": "ok", "trace_id": "6668f942b46be2d8"}
{"@timestamp": "2026-02-09T16:11:21.656852+00:00", "service": "dummy-backend", "level": "INFO", "route": "/logout", "status": 200, "latency_ms": 351, "user_id": "u023", "msg": "ok", "trace_id": "2634a52957b6e7bd"}
{"@timestamp": "2026-02-09T16:11:22.163155+00:00", "service": "dummy-backend", "level": "INFO", "route": "/login", "status": 200, "latency_ms": 103, "user_id": "u013", "msg": "ok", "trace_id": "c83fb26dc8f9a511"}
{"@timestamp": "2026-02-09T16:11:22.667869+00:00", "service": "dummy-backend", "level": "INFO", "route": "/search", "status": 200, "latency_ms": 333, "user_id": "u174", "msg": "ok", "trace_id": "c9af3d66cfa99f1f"}
{"@timestamp": "2026-02-09T16:11:23.175998+00:00", "service": "dummy-backend", "level": "INFO", "route": "/profile", "status": 200, "latency_ms": 1008, "user_id": "u049", "msg": "ok", "trace_id": "023766619db3990c"}
{"@timestamp": "2026-02-09T16:11:23.682151+00:00", "service": "dummy-backend", "level": "INFO", "route": "/logout", "status": 200, "latency_ms": 730, "user_id": "u063", "msg": "ok", "trace_id": "c3ff2bef01645826"}
{"@timestamp": "2026-02-09T16:11:24.187652+00:00", "service": "dummy-backend", "level": "INFO", "route": "/search", "status": 200, "latency_ms": 209, "user_id": "u185", "msg": "ok", "trace_id": "98f5d51ab0563b9e"}
{"@timestamp": "2026-02-09T16:11:24.692966+00:00", "service": "dummy-backend", "level": "INFO", "route": "/checkout", "status": 200, "latency_ms": 133, "user_id": "u033", "msg": "ok", "trace_id": "8e872e7b0f5b4c4a"}
{"@timestamp": "2026-02-09T16:11:25.189920+00:00", "service": "dummy-backend", "level": "INFO", "route": "/search", "status": 200, "latency_ms": 1116, "user_id": "u159", "msg": "ok", "trace_id": "12c6eeed5003a868"}
{"@timestamp": "2026-02-09T16:11:25.693657+00:00", "service": "dummy-backend", "level": "INFO", "route": "/login", "status": 200, "latency_ms": 1181, "user_id": "u062", "msg": "ok", "trace_id": "0b187d377f205227"}
{"@timestamp": "2026-02-09T16:11:26.198631+00:00", "service": "dummy-backend", "level": "WARN", "route": "/search", "status": 200, "latency_ms": 1035, "user_id": "u112", "msg": "ok", "trace_id": "0dd795acf0ad4a64"}
{"@timestamp": "2026-02-09T16:11:26.704671+00:00", "service": "dummy-backend", "level": "INFO", "route": "/logout", "status": 200, "latency_ms": 899, "user_id": "u194", "msg": "ok", "trace_id": "4fc4eb565730c7bf"}
{"@timestamp": "2026-02-09T16:11:27.209358+00:00", "service": "dummy-backend", "level": "INFO", "route": "/logout", "status": 200, "latency_ms": 87, "user_id": "u010", "msg": "ok", "trace_id": "3c94b51623d0d4b7"}
{"@timestamp": "2026-02-09T16:11:27.713367+00:00", "service": "dummy-backend", "level": "WARN", "route": "/search", "status": 200, "latency_ms": 212, "user_id": "u159", "msg": "ok", "trace_id": "f0efd6c82b41c35a"}
{"@timestamp": "2026-02-09T16:11:28.217579+00:00", "service": "dummy-backend", "level": "INFO", "route": "/checkout", "status": 200, "latency_ms": 788, "user_id": "u073", "msg": "ok", "trace_id": "1132631347159747"}
{"@timestamp": "2026-02-09T16:11:28.722101+00:00", "service": "dummy-backend", "level": "INFO", "route": "/logout", "status": 200, "latency_ms": 1115, "user_id": "u119", "msg": "ok", "trace_id": "38a57a963761346c"}
{"@timestamp": "2026-02-09T16:11:29.227172+00:00", "service": "dummy-backend", "level": "INFO", "route": "/search", "status": 200, "latency_ms": 65, "user_id": "u168", "msg": "ok", "trace_id": "bd17571d5696d299"}
{"@timestamp": "2026-02-09T16:11:29.731556+00:00", "service": "dummy-backend", "level": "WARN", "route": "/logout", "status": 200, "latency_ms": 295, "user_id": "u154", "msg": "ok", "trace_id": "a34bdf0cd5eb2c14"}
{"@timestamp": "2026-02-09T16:11:30.235119+00:00", "service": "dummy-backend", "level": "INFO", "route": "/profile", "status": 200, "latency_ms": 843, "user_id": "u003", "msg": "ok", "trace_id": "2798f29c8cfabbfa"}
{"@timestamp": "2026-02-09T16:11:30.738541+00:00", "service": "dummy-backend", "level": "INFO", "route": "/profile", "status": 200, "latency_ms": 147, "user_id": "u065", "msg": "ok", "trace_id": "917664a40442d7bc"}
{"@timestamp": "2026-02-09T16:11:31.242184+00:00", "service": "dummy-backend", "level": "INFO", "route": "/search", "status": 200, "latency_ms": 945, "user_id": "u188", "msg": "ok", "trace_id": "5f2d78cb1f1ec450"}
{"@timestamp": "2026-02-09T16:11:31.746312+00:00", "service": "dummy-backend", "level": "INFO", "route": "/profile", "status": 200, "latency_ms": 893, "user_id": "u039", "msg": "ok", "trace_id": "8bef1f737901f22e"}
{"@timestamp": "2026-02-09T16:11:32.248804+00:00", "service": "dummy-backend", "level": "INFO", "route": "/search", "status": 200, "latency_ms": 182, "user_id": "u017", "msg": "ok", "trace_id": "efe5b5ceef219407"}
{"@timestamp": "2026-02-09T16:11:32.751594+00:00", "service": "dummy-backend", "level": "INFO", "route": "/checkout", "status": 200, "latency_ms": 1185, "user_id": "u145", "msg": "ok", "trace_id": "feab27a2404b874e"}
{"@timestamp": "2026-02-09T16:11:33.254362+00:00", "service": "dummy-backend", "level": "INFO", "route": "/profile", "status": 200, "latency_ms": 503, "user_id": "u185", "msg": "ok", "trace_id": "2c9f46329181265e"}
{"@timestamp": "2026-02-09T16:11:33.757241+00:00", "service": "dummy-backend", "level": "INFO", "route": "/checkout", "status": 200, "latency_ms": 502, "user_id": "u107", "msg": "ok", "trace_id": "3ebaadd307ab0d0e"}
{"@timestamp": "2026-02-09T16:11:34.259910+00:00", "service": "dummy-backend", "level": "INFO", "route": "/login", "status": 200, "latency_ms": 460, "user_id": "u167", "msg": "ok", "trace_id": "8271b0503bc42c72"}
{"@timestamp": "2026-02-09T16:11:34.762508+00:00", "service": "dummy-backend", "level": "INFO", "route": "/login", "status": 200, "latency_ms": 133, "user_id": "u039", "msg": "ok", "trace_id": "609aceb8dd9d0aaf"}
{"@timestamp": "2026-02-09T16:11:35.265209+00:00", "service": "dummy-backend", "level": "INFO", "route": "/profile", "status": 200, "latency_ms": 549, "user_id": "u069", "msg": "ok", "trace_id": "02c4a334ed739dde"}
{"@timestamp": "2026-02-09T16:11:35.768952+00:00", "service": "dummy-backend", "level": "INFO", "route": "/profile", "status": 200, "latency_ms": 999, "user_id": "u162", "msg": "ok", "trace_id": "0730d4169f51c828"}
{"@timestamp": "2026-02-09T16:11:36.271418+00:00", "service": "dummy-backend", "level": "INFO", "route": "/login", "status": 200, "latency_ms": 922, "user_id": "u146", "msg": "ok", "trace_id": "e98cd34b2a93e1fd"}
{"@timestamp": "2026-02-09T16:11:36.774847+00:00", "service": "dummy-backend", "level": "INFO", "route": "/logout", "status": 200, "latency_ms": 77, "user_id": "u097", "msg": "ok", "trace_id": "b3e8a7b8e2851044"}
{"@timestamp": "2026-02-09T16:11:37.277479+00:00", "service": "dummy-backend", "level": "ERROR", "route": "/profile", "status": 200, "latency_ms": 344, "user_id": "u101", "msg": "ok", "trace_id": "6910473e0de638d2"}
{"@timestamp": "2026-02-09T16:11:37.780036+00:00", "service": "dummy-backend", "level": "INFO", "route": "/login", "status": 200, "latency_ms": 352, "user_id": "u082", "msg": "ok", "trace_id": "b35e98b1ecc68dff"}
{"@timestamp": "2026-02-09T16:11:38.283491+00:00", "service": "dummy-backend", "level": "INFO", "route": "/login", "status": 200, "latency_ms": 984, "user_id": "u065", "msg": "ok", "trace_id": "b2920d70390161dd"}
{"@timestamp": "2026-02-09T16:11:38.786103+00:00", "service": "dummy-backend", "level": "INFO", "route": "/login", "status": 200, "latency_ms": 1165, "user_id": "u017", "msg": "ok", "trace_id": "af74e1ada5ac659a"}
{"@timestamp": "2026-02-09T16:11:39.288633+00:00", "service": "dummy-backend", "level": "INFO", "route": "/checkout", "status": 200, "latency_ms": 494, "user_id": "u158", "msg": "ok", "trace_id": "0532f4cddba3cc4a"}
{"@timestamp": "2026-02-09T16:11:39.790970+00:00", "service": "dummy-backend", "level": "INFO", "route": "/profile", "status": 200, "latency_ms": 102, "user_id": "u020", "msg": "ok", "trace_id": "7d372b99297ca3fd"}
{"@timestamp": "2026-02-09T16:11:40.293738+00:00", "service": "dummy-backend", "level": "INFO", "route": "/login", "status": 200, "latency_ms": 241, "user_id": "u097", "msg": "ok", "trace_id": "cd76e4256a5b7c74"}
{"@timestamp": "2026-02-09T16:11:40.796624+00:00", "service": "dummy-backend", "level": "ERROR", "route": "/logout", "status": 200, "latency_ms": 667, "user_id": "u009", "msg": "ok", "trace_id": "94e2a829b2db66f8"}
{"@timestamp": "2026-02-09T16:11:41.299598+00:00", "service": "dummy-backend", "level": "INFO", "route": "/login", "status": 200, "latency_ms": 926, "user_id": "u040", "msg": "ok", "trace_id": "71367fd5fb9afef4"}
{"@timestamp": "2026-02-09T16:11:41.802221+00:00", "service": "dummy-backend", "level": "INFO", "route": "/checkout", "status": 200, "latency_ms": 1056, "user_id": "u180", "msg": "ok", "trace_id": "64065d595aba8864"}
{"@timestamp": "2026-02-09T16:11:42.304772+00:00", "service": "dummy-backend", "level": "ERROR", "route": "/search", "status": 200, "latency_ms": 1043, "user_id": "u162", "msg": "ok", "trace_id": "38bc0d25c0475ec0"}
{"@timestamp": "2026-02-09T16:11:42.807897+00:00", "service": "dummy-backend", "level": "INFO", "route": "/checkout", "status": 200, "latency_ms": 258, "user_id": "u062", "msg": "ok", "trace_id": "18b47752b0ec1971"}
{"@timestamp": "2026-02-09T16:11:43.313806+00:00", "service": "dummy-backend", "level": "INFO", "route": "/search", "status": 200, "latency_ms": 531, "user_id": "u016", "msg": "ok", "trace_id": "e802af3167aacce3"}
{"@timestamp": "2026-02-09T16:11:43.817890+00:00", "service": "dummy-backend", "level": "INFO", "route": "/checkout", "status": 200, "latency_ms": 1031, "user_id": "u184", "msg": "ok", "trace_id": "8232c1afafb3fafb"}
{"@timestamp": "2026-02-09T16:11:44.325375+00:00", "service": "dummy-backend", "level": "INFO", "route": "/checkout", "status": 200, "latency_ms": 562, "user_id": "u035", "msg": "ok", "trace_id": "3ecfdfff3433f156"}
{"@timestamp": "2026-02-09T16:11:44.829014+00:00", "service": "dummy-backend", "level": "WARN", "route": "/login", "status": 200, "latency_ms": 1165, "user_id": "u116", "msg": "ok", "trace_id": "959f7909d02e00f8"}
{"@timestamp": "2026-02-09T16:11:45.336390+00:00", "service": "dummy-backend", "level": "INFO", "route": "/profile", "status": 200, "latency_ms": 104, "user_id": "u188", "msg": "ok", "trace_id": "7ff906d435706cc2"}
{"@timestamp": "2026-02-09T16:11:45.839211+00:00", "service": "dummy-backend", "level": "INFO", "route": "/logout", "status": 200, "latency_ms": 124, "user_id": "u031", "msg": "ok", "trace_id": "4e33311c978a5874"}
{"@timestamp": "2026-02-09T16:11:46.341659+00:00", "service": "dummy-backend", "level": "INFO", "route": "/login", "status": 200, "latency_ms": 254, "user_id": "u185", "msg": "ok", "trace_id": "5a960555b507bdbb"}
{"@timestamp": "2026-02-09T16:11:46.844053+00:00", "service": "dummy-backend", "level": "WARN", "route": "/login", "status": 200, "latency_ms": 364, "user_id": "u177", "msg": "ok", "trace_id": "c1f6e0789326dc45"}
{"@timestamp": "2026-02-09T16:11:47.347446+00:00", "service": "dummy-backend", "level": "INFO", "route": "/profile", "status": 200, "latency_ms": 388, "user_id": "u038", "msg": "ok", "trace_id": "2bb676a2c42b0c54"}
{"@timestamp": "2026-02-09T16:11:47.850070+00:00", "service": "dummy-backend", "level": "INFO", "route": "/profile", "status": 200, "latency_ms": 1052, "user_id": "u020", "msg": "ok", "trace_id": "123d92b01fccff1d"}
{"@timestamp": "2026-02-09T16:11:48.352872+00:00", "service": "dummy-backend", "level": "INFO", "route": "/login", "status": 200, "latency_ms": 339, "user_id": "u114", "msg": "ok", "trace_id": "493a2905376b0d7e"}
{"@timestamp": "2026-02-09T16:11:48.855412+00:00", "service": "dummy-backend", "level": "INFO", "route": "/login", "status": 200, "latency_ms": 851, "user_id": "u159", "msg": "ok", "trace_id": "2dd7bc4883153bb0"}
{"@timestamp": "2026-02-09T16:11:49.358665+00:00", "service": "dummy-backend", "level": "INFO", "route": "/logout", "status": 200, "latency_ms": 35, "user_id": "u157", "msg": "ok", "trace_id": "580d890d506c01ac"}
{"@timestamp": "2026-02-09T16:11:49.861703+00:00", "service": "dummy-backend", "level": "INFO", "route": "/search", "status": 200, "latency_ms": 1017, "user_id": "u192", "msg": "ok", "trace_id": "b0973f78710ef7d3"}
{"@timestamp": "2026-02-09T16:11:50.364432+00:00", "service": "dummy-backend", "level": "INFO", "route": "/checkout", "status": 200, "latency_ms": 891, "user_id": "u108", "msg": "ok", "trace_id": "adea2d4d78bfeb91"}
{"@timestamp": "2026-02-09T16:11:50.867260+00:00", "service": "dummy-backend", "level": "INFO", "route": "/logout", "status": 200, "latency_ms": 1188, "user_id": "u045", "msg": "ok", "trace_id": "ee8cb2d615a5743b"}
{"@timestamp": "2026-02-09T16:11:51.370104+00:00", "service": "dummy-backend", "level": "INFO", "route": "/checkout", "status": 200, "latency_ms": 169, "user_id": "u117", "msg": "ok", "trace_id": "c9c71cc71fcd0677"}
{"@timestamp": "2026-02-09T16:11:51.873486+00:00", "service": "dummy-backend", "level": "INFO", "route": "/search", "status": 200, "latency_ms": 1167, "user_id": "u106", "msg": "ok", "trace_id": "26085f7bc6d5d5b3"}
{"@timestamp": "2026-02-09T16:11:52.376772+00:00", "service": "dummy-backend", "level": "INFO", "route": "/profile", "status": 200, "latency_ms": 972, "user_id": "u158", "msg": "ok", "trace_id": "9314676d2496e2ef"}
{"@timestamp": "2026-02-09T16:11:52.879965+00:00", "service": "dummy-backend", "level": "INFO", "route": "/profile", "status": 200, "latency_ms": 591, "user_id": "u105", "msg": "ok", "trace_id": "5032d8e6fc3126d6"}
{"@timestamp": "2026-02-09T16:11:53.383011+00:00", "service": "dummy-backend", "level": "ERROR", "route": "/checkout", "status": 422, "latency_ms": 497, "user_id": "u133", "msg": "insufficient_stock", "trace_id": "9733dc7686ab821b"}
{"@timestamp": "2026-02-09T16:11:53.885606+00:00", "service": "dummy-backend", "level": "INFO", "route": "/login", "status": 200, "latency_ms": 298, "user_id": "u165", "msg": "ok", "trace_id": "79b6a2f3e89b7c4b"}
{"@timestamp": "2026-02-09T16:11:54.388672+00:00", "service": "dummy-backend", "level": "INFO", "route": "/logout", "status": 200, "latency_ms": 942, "user_id": "u145", "msg": "ok", "trace_id": "c74f98e9a4ea76c6"}
{"@timestamp": "2026-02-09T16:11:54.883810+00:00", "service": "dummy-backend", "level": "INFO", "route": "/search", "status": 200, "latency_ms": 486, "user_id": "u094", "msg": "ok", "trace_id": "2417c6a22b29ecb6"}
{"@timestamp": "2026-02-09T16:11:55.386273+00:00", "service": "dummy-backend", "level": "INFO", "route": "/checkout", "status": 200, "latency_ms": 352, "user_id": "u062", "msg": "ok", "trace_id": "dc13e70cf5fb92c2"}
{"@timestamp": "2026-02-09T16:11:55.889778+00:00", "service": "dummy-backend", "level": "INFO", "route": "/logout", "status": 200, "latency_ms": 565, "user_id": "u181", "msg": "ok", "trace_id": "1079ed542b7631ee"}
{"@timestamp": "2026-02-09T16:11:56.392182+00:00", "service": "dummy-backend", "level": "INFO", "route": "/logout", "status": 200, "latency_ms": 1069, "user_id": "u111", "msg": "ok", "trace_id": "b2bcff3e1e5806fa"}
{"@timestamp": "2026-02-09T16:11:56.895475+00:00", "service": "dummy-backend", "level": "INFO", "route": "/profile", "status": 200, "latency_ms": 1001, "user_id": "u020", "msg": "ok", "trace_id": "5d284a07ad778c7b"}
{"@timestamp": "2026-02-09T16:11:57.398692+00:00", "service": "dummy-backend", "level": "INFO", "route": "/checkout", "status": 200, "latency_ms": 803, "user_id": "u007", "msg": "ok", "trace_id": "ecb49289a9274da5"}
{"@timestamp": "2026-02-09T16:11:57.902178+00:00", "service": "dummy-backend", "level": "INFO", "route": "/login", "status": 200, "latency_ms": 773, "user_id": "u043", "msg": "ok", "trace_id": "1512635fc4dfdea8"}
{"@timestamp": "2026-02-09T16:11:58.405733+00:00", "service": "dummy-backend", "level": "INFO", "route": "/search", "status": 200, "latency_ms": 495, "user_id": "u047", "msg": "ok", "trace_id": "d8dd71ea0f09708e"}
{"@timestamp": "2026-02-09T16:11:58.908326+00:00", "service": "dummy-backend", "level": "INFO", "route": "/profile", "status": 200, "latency_ms": 605, "user_id": "u100", "msg": "ok", "trace_id": "5d5f6c6ce29328f6"}
{"@timestamp": "2026-02-09T16:11:59.411606+00:00", "service": "dummy-backend", "level": "INFO", "route": "/logout", "status": 200, "latency_ms": 106, "user_id": "u135", "msg": "ok", "trace_id": "a5c12fdfbdd98024"}
{"@timestamp": "2026-02-09T16:11:59.915324+00:00", "service": "dummy-backend", "level": "WARN", "route": "/search", "status": 200, "latency_ms": 91, "user_id": "u062", "msg": "ok", "trace_id": "ffca03ef513c32b7"}
{"@timestamp": "2026-02-09T16:12:00.418540+00:00", "service": "dummy-backend", "level": "INFO", "route": "/logout", "status": 200, "latency_ms": 443, "user_id": "u084", "msg": "ok", "trace_id": "5cab638f0ad5acec"}
{"@timestamp": "2026-02-09T16:12:00.921500+00:00", "service": "dummy-backend", "level": "INFO", "route": "/search", "status": 200, "latency_ms": 542, "user_id": "u150", "msg": "ok", "trace_id": "6c54ae9cf0748d09"}
{"@timestamp": "2026-02-09T16:12:01.423900+00:00", "service": "dummy-backend", "level": "INFO", "route": "/search", "status": 200, "latency_ms": 1003, "user_id": "u090", "msg": "ok", "trace_id": "aa769e08dc5f9755"}
{"@timestamp": "2026-02-09T16:12:01.926999+00:00", "service": "dummy-backend", "level": "INFO", "route": "/search", "status": 200, "latency_ms": 227, "user_id": "u199", "msg": "ok", "trace_id": "b83a92f7661f7119"}
{"@timestamp": "2026-02-09T16:12:02.429656+00:00", "service": "dummy-backend", "level": "INFO", "route": "/logout", "status": 200, "latency_ms": 133, "user_id": "u084", "msg": "ok", "trace_id": "71b3433617fa8cac"}
{"@timestamp": "2026-02-09T16:12:02.933029+00:00", "service": "dummy-backend", "level": "INFO", "route": "/profile", "status": 200, "latency_ms": 533, "user_id": "u170", "msg": "ok", "trace_id": "63cf30a68a2b308e"}
{"@timestamp": "2026-02-09T16:12:03.437054+00:00", "service": "dummy-backend", "level": "INFO", "route": "/login", "status": 200, "latency_ms": 471, "user_id": "u135", "msg": "ok", "trace_id": "837d677cb75b4224"}
{"@timestamp": "2026-02-09T16:12:03.939960+00:00", "service": "dummy-backend", "level": "INFO", "route": "/search", "status": 200, "latency_ms": 178, "user_id": "u011", "msg": "ok", "trace_id": "69c64b845961c3e0"}
{"@timestamp": "2026-02-09T16:12:04.444034+00:00", "service": "dummy-backend", "level": "INFO", "route": "/login", "status": 200, "latency_ms": 948, "user_id": "u120", "msg": "ok", "trace_id": "8b2bb40f5db304c5"}
{"@timestamp": "2026-02-09T16:12:04.947992+00:00", "service": "dummy-backend", "level": "INFO", "route": "/profile", "status": 200, "latency_ms": 920, "user_id": "u012", "msg": "ok", "trace_id": "c9e8f3c9bf9562eb"}
{"@timestamp": "2026-02-09T16:12:05.450758+00:00", "service": "dummy-backend", "level": "ERROR", "route": "/search", "status": 200, "latency_ms": 529, "user_id": "u046", "msg": "ok", "trace_id": "869f92b3d39d0a96"}
{"@timestamp": "2026-02-09T16:12:05.955122+00:00", "service": "dummy-backend", "level": "INFO", "route": "/logout", "status": 200, "latency_ms": 884, "user_id": "u013", "msg": "ok", "trace_id": "bb936db65efdb84c"}
{"@timestamp": "2026-02-09T16:12:06.459169+00:00", "service": "dummy-backend", "level": "INFO", "route": "/checkout", "status": 200, "latency_ms": 729, "user_id": "u093", "msg": "ok", "trace_id": "7f05fd628333d09a"}
{"@timestamp": "2026-02-09T16:12:06.962055+00:00", "service": "dummy-backend", "level": "INFO", "route": "/logout", "status": 200, "latency_ms": 996, "user_id": "u033", "msg": "ok", "trace_id": "01b4f59863043950"}
{"@timestamp": "2026-02-09T16:12:07.466100+00:00", "service": "dummy-backend", "level": "INFO", "route": "/checkout", "status": 200, "latency_ms": 817, "user_id": "u058", "msg": "ok", "trace_id": "b075f51612373b76"}
{"@timestamp": "2026-02-09T16:12:07.969610+00:00", "service": "dummy-backend", "level": "INFO", "route": "/checkout", "status": 200, "latency_ms": 355, "user_id": "u096", "msg": "ok", "trace_id": "c1966b42ba0f8dc3"}
{"@timestamp": "2026-02-09T16:12:08.473019+00:00", "service": "dummy-backend", "level": "INFO", "route": "/checkout", "status": 200, "latency_ms": 672, "user_id": "u192", "msg": "ok", "trace_id": "440a77ed8f1e86c3"}
{"@timestamp": "2026-02-09T16:12:08.977023+00:00", "service": "dummy-backend", "level": "INFO", "route": "/search", "status": 200, "latency_ms": 69, "user_id": "u157", "msg": "ok", "trace_id": "e86792c9ea1ab4e3"}
{"@timestamp": "2026-02-09T16:12:09.481193+00:00", "service": "dummy-backend", "level": "INFO", "route": "/logout", "status": 200, "latency_ms": 226, "user_id": "u102", "msg": "ok", "trace_id": "5dfe660fda3c34a6"}
{"@timestamp": "2026-02-09T16:12:09.985322+00:00", "service": "dummy-backend", "level": "INFO", "route": "/search", "status": 200, "latency_ms": 519, "user_id": "u158", "msg": "ok", "trace_id": "51abdd7dc1e4eb65"}
{"@timestamp": "2026-02-09T16:12:10.489264+00:00", "service": "dummy-backend", "level": "INFO", "route": "/checkout", "status": 200, "latency_ms": 711, "user_id": "u025", "msg": "ok", "trace_id": "4d286f086bb29513"}
{"@timestamp": "2026-02-09T16:12:10.993940+00:00", "service": "dummy-backend", "level": "INFO", "route": "/logout", "status": 200, "latency_ms": 1056, "user_id": "u169", "msg": "ok", "trace_id": "4421147f7c4c7e74"}
{"@timestamp": "2026-02-09T16:12:11.498269+00:00", "service": "dummy-backend", "level": "INFO", "route": "/profile", "status": 200, "latency_ms": 538, "user_id": "u005", "msg": "ok", "trace_id": "86218c7a8afe3446"}
{"@timestamp": "2026-02-09T16:12:12.001275+00:00", "service": "dummy-backend", "level": "INFO", "route": "/checkout", "status": 200, "latency_ms": 1165, "user_id": "u160", "msg": "ok", "trace_id": "4729b8f30655a4f1"}
{"@timestamp": "2026-02-09T16:12:12.503917+00:00", "service": "dummy-backend", "level": "INFO", "route": "/profile", "status": 200, "latency_ms": 798, "user_id": "u063", "msg": "ok", "trace_id": "5de4616ddf859910"}
{"@timestamp": "2026-02-09T16:12:13.006289+00:00", "service": "dummy-backend", "level": "WARN", "route": "/search", "status": 200, "latency_ms": 954, "user_id": "u181", "msg": "ok", "trace_id": "c3500c4cf2fa500c"}
{"@timestamp": "2026-02-09T16:12:13.509052+00:00", "service": "dummy-backend", "level": "ERROR", "route": "/logout", "status": 200, "latency_ms": 600, "user_id": "u050", "msg": "ok", "trace_id": "c6b573907769e77b"}
{"@timestamp": "2026-02-09T16:12:14.011624+00:00", "service": "dummy-backend", "level": "INFO", "route": "/login", "status": 200, "latency_ms": 247, "user_id": "u087", "msg": "ok", "trace_id": "26355ea54b1d3d26"}
{"@timestamp": "2026-02-09T16:12:14.515266+00:00", "service": "dummy-backend", "level": "INFO", "route": "/logout", "status": 200, "latency_ms": 697, "user_id": "u098", "msg": "ok", "trace_id": "f6f3e55da4b14e1b"}
{"@timestamp": "2026-02-09T16:12:15.017598+00:00", "service": "dummy-backend", "level": "WARN", "route": "/logout", "status": 200, "latency_ms": 588, "user_id": "u169", "msg": "ok", "trace_id": "e6f960a6b5c1a167"}
{"@timestamp": "2026-02-09T16:12:15.520911+00:00", "service": "dummy-backend", "level": "INFO", "route": "/search", "status": 200, "latency_ms": 528, "user_id": "u191", "msg": "ok", "trace_id": "ed12abd75c3819d8"}
{"@timestamp": "2026-02-09T16:12:16.023320+00:00", "service": "dummy-backend", "level": "INFO", "route": "/profile", "status": 200, "latency_ms": 808, "user_id": "u055", "msg": "ok", "trace_id": "bdeca6f62e49e5ce"}
{"@timestamp": "2026-02-09T16:12:16.525698+00:00", "service": "dummy-backend", "level": "INFO", "route": "/search", "status": 200, "latency_ms": 387, "user_id": "u123", "msg": "ok", "trace_id": "a366baab9718d0d4"}
{"@timestamp": "2026-02-09T16:12:17.028957+00:00", "service": "dummy-backend", "level": "INFO", "route": "/checkout", "status": 200, "latency_ms": 1084, "user_id": "u068", "msg": "ok", "trace_id": "9b1a1a662dfa337b"}
{"@timestamp": "2026-02-09T16:12:17.532477+00:00", "service": "dummy-backend", "level": "INFO", "route": "/checkout", "status": 200, "latency_ms": 850, "user_id": "u032", "msg": "ok", "trace_id": "d6153353f8e38b0e"}
{"@timestamp": "2026-02-09T16:12:18.035247+00:00", "service": "dummy-backend", "level": "INFO", "route": "/search", "status": 200, "latency_ms": 570, "user_id": "u024", "msg": "ok", "trace_id": "1f66bda973090d90"}
{"@timestamp": "2026-02-09T16:12:18.539498+00:00", "service": "dummy-backend", "level": "INFO", "route": "/logout", "status": 200, "latency_ms": 1031, "user_id": "u005", "msg": "ok", "trace_id": "6a9debe8ff3d813b"}
{"@timestamp": "2026-02-09T16:12:19.043660+00:00", "service": "dummy-backend", "level": "INFO", "route": "/search", "status": 200, "latency_ms": 560, "user_id": "u024", "msg": "ok", "trace_id": "a561e8f8417a4288"}
{"@timestamp": "2026-02-09T16:12:19.546557+00:00", "service": "dummy-backend", "level": "INFO", "route": "/login", "status": 200, "latency_ms": 777, "user_id": "u137", "msg": "ok", "trace_id": "0a1d087a2ad5fa9a"}
{"@timestamp": "2026-02-09T16:12:20.050292+00:00", "service": "dummy-backend", "level": "INFO", "route": "/login", "status": 200, "latency_ms": 1198, "user_id": "u028", "msg": "ok", "trace_id": "c50e66e36ad3f4c0"}
{"@timestamp": "2026-02-09T16:12:20.552664+00:00", "service": "dummy-backend", "level": "INFO", "route": "/search", "status": 200, "latency_ms": 551, "user_id": "u042", "msg": "ok", "trace_id": "afd3b74dca14ca72"}
{"@timestamp": "2026-02-09T16:12:21.056420+00:00", "service": "dummy-backend", "level": "INFO", "route": "/checkout", "status": 200, "latency_ms": 1069, "user_id": "u144", "msg": "ok", "trace_id": "0e7f9f3be74c642f"}
{"@timestamp": "2026-02-09T16:12:21.559019+00:00", "service": "dummy-backend", "level": "INFO", "route": "/profile", "status": 200, "latency_ms": 1160, "user_id": "u125", "msg": "ok", "trace_id": "edd786a0df02e412"}
{"@timestamp": "2026-02-09T16:12:22.061863+00:00", "service": "dummy-backend", "level": "INFO", "route": "/login", "status": 200, "latency_ms": 1067, "user_id": "u170", "msg": "ok", "trace_id": "13b1763e28bf1b98"}
{"@timestamp": "2026-02-09T16:12:22.564646+00:00", "service": "dummy-backend", "level": "INFO", "route": "/checkout", "status": 200, "latency_ms": 463, "user_id": "u025", "msg": "ok", "trace_id": "912dc6fec801b9d6"}
{"@timestamp": "2026-02-09T16:12:23.068417+00:00", "service": "dummy-backend", "level": "ERROR", "route": "/profile", "status": 200, "latency_ms": 40, "user_id": "u092", "msg": "ok", "trace_id": "711cf2c02deeb45a"}
{"@timestamp": "2026-02-09T16:12:23.571190+00:00", "service": "dummy-backend", "level": "INFO", "route": "/profile", "status": 200, "latency_ms": 556, "user_id": "u124", "msg": "ok", "trace_id": "9f4581992c33ca28"}
{"@timestamp": "2026-02-09T16:12:24.075224+00:00", "service": "dummy-backend", "level": "INFO", "route": "/login", "status": 200, "latency_ms": 589, "user_id": "u056", "msg": "ok", "trace_id": "689869e73820ce49"}
{"@timestamp": "2026-02-09T16:12:24.579179+00:00", "service": "dummy-backend", "level": "INFO", "route": "/profile", "status": 200, "latency_ms": 21, "user_id": "u011", "msg": "ok", "trace_id": "28cc8c74b95bfafd"}
{"@timestamp": "2026-02-09T16:12:25.076123+00:00", "service": "dummy-backend", "level": "INFO", "route": "/login", "status": 200, "latency_ms": 179, "user_id": "u025", "msg": "ok", "trace_id": "ed655ca6a482dd6f"}
{"@timestamp": "2026-02-09T16:12:25.579377+00:00", "service": "dummy-backend", "level": "ERROR", "route": "/logout", "status": 200, "latency_ms": 533, "user_id": "u113", "msg": "ok", "trace_id": "f399c6201acacec1"}
{"@timestamp": "2026-02-09T16:12:26.082236+00:00", "service": "dummy-backend", "level": "INFO", "route": "/login", "status": 200, "latency_ms": 1186, "user_id": "u192", "msg": "ok", "trace_id": "562cbf03d2f4f391"}
{"@timestamp": "2026-02-09T16:12:26.585885+00:00", "service": "dummy-backend", "level": "INFO", "route": "/checkout", "status": 200, "latency_ms": 654, "user_id": "u028", "msg": "ok", "trace_id": "691e490ee4b41c2e"}
{"@timestamp": "2026-02-09T16:12:27.090192+00:00", "service": "dummy-backend", "level": "INFO", "route": "/checkout", "status": 200, "latency_ms": 394, "user_id": "u187", "msg": "ok", "trace_id": "31e91d8d7ca2f256"}
{"@timestamp": "2026-02-09T16:12:27.593106+00:00", "service": "dummy-backend", "level": "INFO", "route": "/profile", "status": 200, "latency_ms": 425, "user_id": "u181", "msg": "ok", "trace_id": "d66fa1728dd16664"}
{"@timestamp": "2026-02-09T16:12:28.095469+00:00", "service": "dummy-backend", "level": "INFO", "route": "/profile", "status": 200, "latency_ms": 39, "user_id": "u126", "msg": "ok", "trace_id": "44df1ea95ee6c182"}
{"@timestamp": "2026-02-09T16:12:28.598772+00:00", "service": "dummy-backend", "level": "INFO", "route": "/login", "status": 200, "latency_ms": 842, "user_id": "u064", "msg": "ok", "trace_id": "5bee1d3dd11d4711"}
{"@timestamp": "2026-02-09T16:12:29.101699+00:00", "service": "dummy-backend", "level": "INFO", "route": "/login", "status": 200, "latency_ms": 661, "user_id": "u157", "msg": "ok", "trace_id": "dae29342189d7800"}
{"@timestamp": "2026-02-09T16:12:29.604389+00:00", "service": "dummy-backend", "level": "INFO", "route": "/checkout", "status": 200, "latency_ms": 1140, "user_id": "u008", "msg": "ok", "trace_id": "5a7b063b0868e66a"}
{"@timestamp": "2026-02-09T16:12:30.108062+00:00", "service": "dummy-backend", "level": "INFO", "route": "/search", "status": 200, "latency_ms": 1183, "user_id": "u023", "msg": "ok", "trace_id": "c933ace18decd973"}
{"@timestamp": "2026-02-09T16:12:30.611763+00:00", "service": "dummy-backend", "level": "WARN", "route": "/login", "status": 200, "latency_ms": 335, "user_id": "u068", "msg": "ok", "trace_id": "a9b6864a51e1a075"}
{"@timestamp": "2026-02-09T16:12:31.114581+00:00", "service": "dummy-backend", "level": "INFO", "route": "/login", "status": 200, "latency_ms": 204, "user_id": "u170", "msg": "ok", "trace_id": "f3eacf8e18eac812"}
{"@timestamp": "2026-02-09T16:12:31.618268+00:00", "service": "dummy-backend", "level": "INFO", "route": "/login", "status": 200, "latency_ms": 1002, "user_id": "u156", "msg": "ok", "trace_id": "6d133c1dcda99655"}
{"@timestamp": "2026-02-09T16:12:32.121769+00:00", "service": "dummy-backend", "level": "INFO", "route": "/profile", "status": 200, "latency_ms": 1106, "user_id": "u198", "msg": "ok", "trace_id": "74a4f89257f7aa6d"}
{"@timestamp": "2026-02-09T16:12:32.624399+00:00", "service": "dummy-backend", "level": "INFO", "route": "/profile", "status": 200, "latency_ms": 194, "user_id": "u158", "msg": "ok", "trace_id": "3622083fca0a8488"}
{"@timestamp": "2026-02-09T16:12:33.126906+00:00", "service": "dummy-backend", "level": "INFO", "route": "/profile", "status": 200, "latency_ms": 605, "user_id": "u170", "msg": "ok", "trace_id": "d68ca2edc5f10115"}
{"@timestamp": "2026-02-09T16:12:33.629433+00:00", "service": "dummy-backend", "level": "INFO", "route": "/profile", "status": 200, "latency_ms": 738, "user_id": "u111", "msg": "ok", "trace_id": "090102a360f91781"}
{"@timestamp": "2026-02-09T16:12:34.131883+00:00", "service": "dummy-backend", "level": "INFO", "route": "/profile", "status": 200, "latency_ms": 363, "user_id": "u105", "msg": "ok", "trace_id": "30cdb6bdae85fc05"}
{"@timestamp": "2026-02-09T16:12:34.634123+00:00", "service": "dummy-backend", "level": "ERROR", "route": "/login", "status": 500, "latency_ms": 388, "user_id": "u155", "msg": "token_expired", "trace_id": "0e13b1b4349b098a"}
{"@timestamp": "2026-02-09T16:12:35.136860+00:00", "service": "dummy-backend", "level": "ERROR", "route": "/search", "status": 200, "latency_ms": 342, "user_id": "u196", "msg": "ok", "trace_id": "c2dcda0c4be08b0b"}
{"@timestamp": "2026-02-09T16:12:35.639522+00:00", "service": "dummy-backend", "level": "WARN", "route": "/profile", "status": 200, "latency_ms": 907, "user_id": "u104", "msg": "ok", "trace_id": "238211cb52558ee2"}
{"@timestamp": "2026-02-09T16:12:36.142430+00:00", "service": "dummy-backend", "level": "INFO", "route": "/search", "status": 200, "latency_ms": 1033, "user_id": "u027", "msg": "ok", "trace_id": "cb5c33a390400bb7"}
{"@timestamp": "2026-02-09T16:12:36.645309+00:00", "service": "dummy-backend", "level": "INFO", "route": "/logout", "status": 200, "latency_ms": 165, "user_id": "u166", "msg": "ok", "trace_id": "89fba58209ca4b4c"}
{"@timestamp": "2026-02-09T16:12:37.148458+00:00", "service": "dummy-backend", "level": "INFO", "route": "/profile", "status": 200, "latency_ms": 688, "user_id": "u158", "msg": "ok", "trace_id": "445545b760c19c93"}
{"@timestamp": "2026-02-09T16:12:37.651626+00:00", "service": "dummy-backend", "level": "INFO", "route": "/login", "status": 200, "latency_ms": 65, "user_id": "u017", "msg": "ok", "trace_id": "7f78703069ab0d70"}
{"@timestamp": "2026-02-09T16:12:38.154131+00:00", "service": "dummy-backend", "level": "INFO", "route": "/search", "status": 200, "latency_ms": 618, "user_id": "u023", "msg": "ok", "trace_id": "9bb26f090685da33"}
{"@timestamp": "2026-02-09T16:12:38.657757+00:00", "service": "dummy-backend", "level": "WARN", "route": "/search", "status": 200, "latency_ms": 576, "user_id": "u166", "msg": "ok", "trace_id": "f1c18edb01c00876"}
{"@timestamp": "2026-02-09T16:12:39.161542+00:00", "service": "dummy-backend", "level": "INFO", "route": "/profile", "status": 200, "latency_ms": 634, "user_id": "u013", "msg": "ok", "trace_id": "0dcbddd957605af6"}
{"@timestamp": "2026-02-09T16:12:39.664157+00:00", "service": "dummy-backend", "level": "INFO", "route": "/search", "status": 200, "latency_ms": 90, "user_id": "u158", "msg": "ok", "trace_id": "f39360ef7fc25289"}
{"@timestamp": "2026-02-09T16:12:40.167803+00:00", "service": "dummy-backend", "level": "INFO", "route": "/profile", "status": 200, "latency_ms": 720, "user_id": "u198", "msg": "ok", "trace_id": "c020810ca7164267"}
{"@timestamp": "2026-02-09T16:12:40.670172+00:00", "service": "dummy-backend", "level": "INFO", "route": "/logout", "status": 200, "latency_ms": 913, "user_id": "u188", "msg": "ok", "trace_id": "bc82b3ac0d165638"}
{"@timestamp": "2026-02-09T16:12:41.172691+00:00", "service": "dummy-backend", "level": "INFO", "route": "/search", "status": 200, "latency_ms": 956, "user_id": "u148", "msg": "ok", "trace_id": "859fa0b42fcde59e"}
{"@timestamp": "2026-02-09T16:12:41.675508+00:00", "service": "dummy-backend", "level": "INFO", "route": "/logout", "status": 200, "latency_ms": 380, "user_id": "u127", "msg": "ok", "trace_id": "adf3ed445c9965c6"}
{"@timestamp": "2026-02-09T16:12:42.178109+00:00", "service": "dummy-backend", "level": "INFO", "route": "/profile", "status": 200, "latency_ms": 1108, "user_id": "u170", "msg": "ok", "trace_id": "c0a498b523e1d740"}
{"@timestamp": "2026-02-09T16:12:42.681233+00:00", "service": "dummy-backend", "level": "INFO", "route": "/checkout", "status": 200, "latency_ms": 388, "user_id": "u152", "msg": "ok", "trace_id": "bfc60dca5ea0088f"}
{"@timestamp": "2026-02-09T16:12:43.183735+00:00", "service": "dummy-backend", "level": "WARN", "route": "/search", "status": 200, "latency_ms": 1116, "user_id": "u195", "msg": "ok", "trace_id": "5d02079f79c1422d"}
{"@timestamp": "2026-02-09T16:12:43.687629+00:00", "service": "dummy-backend", "level": "INFO", "route": "/logout", "status": 200, "latency_ms": 103, "user_id": "u056", "msg": "ok", "trace_id": "6058112edea6f25e"}
{"@timestamp": "2026-02-09T16:12:44.190169+00:00", "service": "dummy-backend", "level": "WARN", "route": "/checkout", "status": 500, "latency_ms": 1078, "user_id": "u086", "msg": "gateway_error", "trace_id": "5e0df64ed68ad0bb"}
{"@timestamp": "2026-02-09T16:12:44.693124+00:00", "service": "dummy-backend", "level": "INFO", "route": "/search", "status": 200, "latency_ms": 8, "user_id": "u138", "msg": "ok", "trace_id": "8cea18122ba6f2d5"}
{"@timestamp": "2026-02-09T16:12:45.195991+00:00", "service": "dummy-backend", "level": "INFO", "route": "/profile", "status": 200, "latency_ms": 67, "user_id": "u115", "msg": "ok", "trace_id": "0d02f67f625490f3"}
{"@timestamp": "2026-02-09T16:12:45.699605+00:00", "service": "dummy-backend", "level": "INFO", "route": "/login", "status": 200, "latency_ms": 899, "user_id": "u054", "msg": "ok", "trace_id": "1f4d05fd7f4084e8"}
{"@timestamp": "2026-02-09T16:12:46.202381+00:00", "service": "dummy-backend", "level": "INFO", "route": "/login", "status": 200, "latency_ms": 489, "user_id": "u154", "msg": "ok", "trace_id": "88a0e9a91a3296be"}
{"@timestamp": "2026-02-09T16:12:46.705142+00:00", "service": "dummy-backend", "level": "ERROR", "route": "/checkout", "status": 409, "latency_ms": 1061, "user_id": "u017", "msg": "insufficient_stock", "trace_id": "fddb15a7bb966829"}
{"@timestamp": "2026-02-09T16:12:47.208888+00:00", "service": "dummy-backend", "level": "INFO", "route": "/search", "status": 200, "latency_ms": 591, "user_id": "u154", "msg": "ok", "trace_id": "3bd34bbe028b1055"}
{"@timestamp": "2026-02-09T16:12:47.711750+00:00", "service": "dummy-backend", "level": "INFO", "route": "/logout", "status": 200, "latency_ms": 1114, "user_id": "u114", "msg": "ok", "trace_id": "7153a9cecea86e21"}
{"@timestamp": "2026-02-09T16:12:48.214890+00:00", "service": "dummy-backend", "level": "INFO", "route": "/logout", "status": 200, "latency_ms": 852, "user_id": "u004", "msg": "ok", "trace_id": "4b1c9cb0a52aa572"}
{"@timestamp": "2026-02-09T16:12:48.719022+00:00", "service": "dummy-backend", "level": "INFO", "route": "/search", "status": 200, "latency_ms": 87, "user_id": "u096", "msg": "ok", "trace_id": "c9a4348b0d7e5e71"}
{"@timestamp": "2026-02-09T16:12:49.221835+00:00", "service": "dummy-backend", "level": "INFO", "route": "/logout", "status": 200, "latency_ms": 530, "user_id": "u099", "msg": "ok", "trace_id": "bae957122d50ef15"}
{"@timestamp": "2026-02-09T16:12:49.724371+00:00", "service": "dummy-backend", "level": "INFO", "route": "/checkout", "status": 200, "latency_ms": 792, "user_id": "u113", "msg": "ok", "trace_id": "4647bd886cd28201"}
{"@timestamp": "2026-02-09T16:12:50.226512+00:00", "service": "dummy-backend", "level": "INFO", "route": "/search", "status": 200, "latency_ms": 1140, "user_id": "u095", "msg": "ok", "trace_id": "0a5b75ca48aa9581"}
{"@timestamp": "2026-02-09T16:12:50.729111+00:00", "service": "dummy-backend", "level": "INFO", "route": "/logout", "status": 200, "latency_ms": 58, "user_id": "u005", "msg": "ok", "trace_id": "cd14fa10e0c07cba"}
{"@timestamp": "2026-02-09T16:12:51.232355+00:00", "service": "dummy-backend", "level": "INFO", "route": "/search", "status": 200, "latency_ms": 580, "user_id": "u047", "msg": "ok", "trace_id": "28bf807f50ad63d5"}
{"@timestamp": "2026-02-09T16:12:51.735180+00:00", "service": "dummy-backend", "level": "INFO", "route": "/checkout", "status": 200, "latency_ms": 709, "user_id": "u182", "msg": "ok", "trace_id": "f03ee722c07b9d1e"}
{"@timestamp": "2026-02-09T16:12:52.237369+00:00", "service": "dummy-backend", "level": "INFO", "route": "/checkout", "status": 200, "latency_ms": 1183, "user_id": "u128", "msg": "ok", "trace_id": "0a3a71fe23001779"}
{"@timestamp": "2026-02-09T16:12:52.739984+00:00", "service": "dummy-backend", "level": "INFO", "route": "/login", "status": 200, "latency_ms": 396, "user_id": "u118", "msg": "ok", "trace_id": "23ba11d2047f8539"}
{"@timestamp": "2026-02-09T16:12:53.242542+00:00", "service": "dummy-backend", "level": "INFO", "route": "/login", "status": 200, "latency_ms": 81, "user_id": "u182", "msg": "ok", "trace_id": "7df4e659cf32cb1f"}
{"@timestamp": "2026-02-09T16:12:53.745816+00:00", "service": "dummy-backend", "level": "INFO", "route": "/checkout", "status": 200, "latency_ms": 103, "user_id": "u143", "msg": "ok", "trace_id": "eb7adca5eb61fab2"}
{"@timestamp": "2026-02-09T16:12:54.248886+00:00", "service": "dummy-backend", "level": "INFO", "route": "/login", "status": 200, "latency_ms": 768, "user_id": "u113", "msg": "ok", "trace_id": "d5ea1671752132fd"}
{"@timestamp": "2026-02-09T16:12:54.752044+00:00", "service": "dummy-backend", "level": "INFO", "route": "/search", "status": 200, "latency_ms": 1054, "user_id": "u192", "msg": "ok", "trace_id": "08e7297d946466df"}
{"@timestamp": "2026-02-09T16:12:55.248222+00:00", "service": "dummy-backend", "level": "INFO", "route": "/login", "status": 200, "latency_ms": 697, "user_id": "u061", "msg": "ok", "trace_id": "56aa4085e7d1273a"}
{"@timestamp": "2026-02-09T16:12:55.751819+00:00", "service": "dummy-backend", "level": "INFO", "route": "/checkout", "status": 200, "latency_ms": 1149, "user_id": "u048", "msg": "ok", "trace_id": "0b27d080fa3d69e2"}
{"@timestamp": "2026-02-09T16:12:56.254712+00:00", "service": "dummy-backend", "level": "INFO", "route": "/login", "status": 200, "latency_ms": 493, "user_id": "u198", "msg": "ok", "trace_id": "767dd05a1bc8a603"}
{"@timestamp": "2026-02-09T16:12:56.757250+00:00", "service": "dummy-backend", "level": "INFO", "route": "/logout", "status": 200, "latency_ms": 167, "user_id": "u016", "msg": "ok", "trace_id": "1b9a8feb4c1f3333"}
{"@timestamp": "2026-02-09T16:12:57.260656+00:00", "service": "dummy-backend", "level": "INFO", "route": "/search", "status": 200, "latency_ms": 932, "user_id": "u097", "msg": "ok", "trace_id": "917e2757d6f609ba"}
{"@timestamp": "2026-02-09T16:12:57.763052+00:00", "service": "dummy-backend", "level": "INFO", "route": "/profile", "status": 200, "latency_ms": 745, "user_id": "u097", "msg": "ok", "trace_id": "80c3836b04816ce1"}
{"@timestamp": "2026-02-09T16:12:58.267310+00:00", "service": "dummy-backend", "level": "ERROR", "route": "/search", "status": 200, "latency_ms": 401, "user_id": "u116", "msg": "ok", "trace_id": "69e9272acbc5bcce"}
{"@timestamp": "2026-02-09T16:12:58.769940+00:00", "service": "dummy-backend", "level": "INFO", "route": "/profile", "status": 200, "latency_ms": 988, "user_id": "u157", "msg": "ok", "trace_id": "716b1bc5a750b2e1"}
{"@timestamp": "2026-02-09T16:12:59.273934+00:00", "service": "dummy-backend", "level": "INFO", "route": "/login", "status": 200, "latency_ms": 408, "user_id": "u112", "msg": "ok", "trace_id": "66099d47cfef65d8"}
{"@timestamp": "2026-02-09T16:12:59.777481+00:00", "service": "dummy-backend", "level": "INFO", "route": "/profile", "status": 200, "latency_ms": 154, "user_id": "u151", "msg": "ok", "trace_id": "e6110fc5424ad657"}
{"@timestamp": "2026-02-09T16:13:00.281473+00:00", "service": "dummy-backend", "level": "INFO", "route": "/search", "status": 200, "latency_ms": 1008, "user_id": "u118", "msg": "ok", "trace_id": "8ded1f66f1868421"}
{"@timestamp": "2026-02-09T16:13:00.784451+00:00", "service": "dummy-backend", "level": "INFO", "route": "/checkout", "status": 200, "latency_ms": 196, "user_id": "u102", "msg": "ok", "trace_id": "9195207e3fa662fc"}
{"@timestamp": "2026-02-09T16:13:01.287448+00:00", "service": "dummy-backend", "level": "INFO", "route": "/checkout", "status": 200, "latency_ms": 765, "user_id": "u075", "msg": "ok", "trace_id": "3f5a42a609b1b95e"}
{"@timestamp": "2026-02-09T16:13:01.790751+00:00", "service": "dummy-backend", "level": "INFO", "route": "/checkout", "status": 200, "latency_ms": 933, "user_id": "u165", "msg": "ok", "trace_id": "189ac2e996eecf52"}
{"@timestamp": "2026-02-09T16:13:02.293839+00:00", "service": "dummy-backend", "level": "WARN", "route": "/login", "status": 200, "latency_ms": 30, "user_id": "u157", "msg": "ok", "trace_id": "c9d23b14e679c529"}
{"@timestamp": "2026-02-09T16:13:02.797074+00:00", "service": "dummy-backend", "level": "INFO", "route": "/login", "status": 200, "latency_ms": 925, "user_id": "u031", "msg": "ok", "trace_id": "4ecd36e36f96d9d1"}
{"@timestamp": "2026-02-09T16:13:03.301674+00:00", "service": "dummy-backend", "level": "INFO", "route": "/logout", "status": 200, "latency_ms": 78, "user_id": "u182", "msg": "ok", "trace_id": "6035a4d69641b5d9"}
{"@timestamp": "2026-02-09T16:13:03.804738+00:00", "service": "dummy-backend", "level": "INFO", "route": "/login", "status": 200, "latency_ms": 210, "user_id": "u124", "msg": "ok", "trace_id": "346f64e442554cc6"}
{"@timestamp": "2026-02-09T16:13:04.307730+00:00", "service": "dummy-backend", "level": "WARN", "route": "/profile", "status": 200, "latency_ms": 1152, "user_id": "u022", "msg": "ok", "trace_id": "d529f91c74c9602c"}
{"@timestamp": "2026-02-09T16:13:04.810990+00:00", "service": "dummy-backend", "level": "INFO", "route": "/checkout", "status": 200, "latency_ms": 606, "user_id": "u094", "msg": "ok", "trace_id": "7983f75da4a00b0d"}
{"@timestamp": "2026-02-09T16:13:05.314308+00:00", "service": "dummy-backend", "level": "INFO", "route": "/profile", "status": 200, "latency_ms": 1148, "user_id": "u019", "msg": "ok", "trace_id": "6e332975efc0698a"}
{"@timestamp": "2026-02-09T16:13:05.816942+00:00", "service": "dummy-backend", "level": "INFO", "route": "/search", "status": 200, "latency_ms": 41, "user_id": "u172", "msg": "ok", "trace_id": "af5f2364e2a71cc6"}
{"@timestamp": "2026-02-09T16:13:06.320899+00:00", "service": "dummy-backend", "level": "INFO", "route": "/profile", "status": 200, "latency_ms": 801, "user_id": "u132", "msg": "ok", "trace_id": "c7b98f75240d7f33"}
{"@timestamp": "2026-02-09T16:13:06.824152+00:00", "service": "dummy-backend", "level": "INFO", "route": "/search", "status": 200, "latency_ms": 349, "user_id": "u165", "msg": "ok", "trace_id": "9c94ec86a19e2d11"}
{"@timestamp": "2026-02-09T16:13:07.326931+00:00", "service": "dummy-backend", "level": "INFO", "route": "/login", "status": 200, "latency_ms": 929, "user_id": "u195", "msg": "ok", "trace_id": "217c25987e680e34"}
{"@timestamp": "2026-02-09T16:13:07.830577+00:00", "service": "dummy-backend", "level": "INFO", "route": "/checkout", "status": 200, "latency_ms": 627, "user_id": "u171", "msg": "ok", "trace_id": "9ccb659c7610425b"}
{"@timestamp": "2026-02-09T16:13:08.333463+00:00", "service": "dummy-backend", "level": "INFO", "route": "/logout", "status": 200, "latency_ms": 154, "user_id": "u057", "msg": "ok", "trace_id": "f03b9bfc375bc329"}
{"@timestamp": "2026-02-09T16:13:08.836771+00:00", "service": "dummy-backend", "level": "INFO", "route": "/search", "status": 200, "latency_ms": 864, "user_id": "u049", "msg": "ok", "trace_id": "c9e256c40e2eef2c"}
{"@timestamp": "2026-02-09T16:13:09.340574+00:00", "service": "dummy-backend", "level": "INFO", "route": "/checkout", "status": 200, "latency_ms": 956, "user_id": "u200", "msg": "ok", "trace_id": "6ac69c7cbde1357a"}
{"@timestamp": "2026-02-09T16:13:09.844641+00:00", "service": "dummy-backend", "level": "INFO", "route": "/login", "status": 200, "latency_ms": 60, "user_id": "u134", "msg": "ok", "trace_id": "decaeda0a9382342"}
{"@timestamp": "2026-02-09T16:13:10.347825+00:00", "service": "dummy-backend", "level": "INFO", "route": "/search", "status": 200, "latency_ms": 390, "user_id": "u129", "msg": "ok", "trace_id": "8664589834a860cb"}
{"@timestamp": "2026-02-09T16:13:10.851303+00:00", "service": "dummy-backend", "level": "INFO", "route": "/logout", "status": 200, "latency_ms": 861, "user_id": "u168", "msg": "ok", "trace_id": "f6bd5e3e98dbf026"}
{"@timestamp": "2026-02-09T16:13:11.355254+00:00", "service": "dummy-backend", "level": "WARN", "route": "/search", "status": 200, "latency_ms": 988, "user_id": "u076", "msg": "ok", "trace_id": "fb65b2f07af3f10f"}
{"@timestamp": "2026-02-09T16:13:11.859356+00:00", "service": "dummy-backend", "level": "INFO", "route": "/search", "status": 200, "latency_ms": 243, "user_id": "u108", "msg": "ok", "trace_id": "c049334e14faddf7"}
{"@timestamp": "2026-02-09T16:13:12.362369+00:00", "service": "dummy-backend", "level": "INFO", "route": "/search", "status": 200, "latency_ms": 1165, "user_id": "u116", "msg": "ok", "trace_id": "30613bb6a21e0cff"}
{"@timestamp": "2026-02-09T16:13:12.865854+00:00", "service": "dummy-backend", "level": "INFO", "route": "/logout", "status": 200, "latency_ms": 976, "user_id": "u178", "msg": "ok", "trace_id": "410f0848e2caf8b5"}
{"@timestamp": "2026-02-09T16:13:13.368305+00:00", "service": "dummy-backend", "level": "INFO", "route": "/profile", "status": 200, "latency_ms": 703, "user_id": "u002", "msg": "ok", "trace_id": "44c41def8de8fffd"}
{"@timestamp": "2026-02-09T16:13:13.871185+00:00", "service": "dummy-backend", "level": "INFO", "route": "/checkout", "status": 200, "latency_ms": 818, "user_id": "u082", "msg": "ok", "trace_id": "4ba9bb0b75c17dbf"}
{"@timestamp": "2026-02-09T16:13:14.374796+00:00", "service": "dummy-backend", "level": "INFO", "route": "/profile", "status": 200, "latency_ms": 1141, "user_id": "u200", "msg": "ok", "trace_id": "c4af4ffbaaf95886"}
{"@timestamp": "2026-02-09T16:13:14.878413+00:00", "service": "dummy-backend", "level": "WARN", "route": "/checkout", "status": 409, "latency_ms": 519, "user_id": "u017", "msg": "payment_retry", "trace_id": "03200d16555ae706"}
{"@timestamp": "2026-02-09T16:13:15.381754+00:00", "service": "dummy-backend", "level": "INFO", "route": "/profile", "status": 200, "latency_ms": 684, "user_id": "u141", "msg": "ok", "trace_id": "73a461d31cc01d9a"}
{"@timestamp": "2026-02-09T16:13:15.884608+00:00", "service": "dummy-backend", "level": "INFO", "route": "/checkout", "status": 200, "latency_ms": 332, "user_id": "u099", "msg": "ok", "trace_id": "5457696cc563603e"}
{"@timestamp": "2026-02-09T16:13:16.387347+00:00", "service": "dummy-backend", "level": "INFO", "route": "/profile", "status": 200, "latency_ms": 327, "user_id": "u132", "msg": "ok", "trace_id": "e79029e085d16733"}
{"@timestamp": "2026-02-09T16:13:16.890874+00:00", "service": "dummy-backend", "level": "INFO", "route": "/checkout", "status": 200, "latency_ms": 33, "user_id": "u188", "msg": "ok", "trace_id": "84001c2ddc3bc26b"}
{"@timestamp": "2026-02-09T16:13:17.393320+00:00", "service": "dummy-backend", "level": "INFO", "route": "/profile", "status": 200, "latency_ms": 1116, "user_id": "u115", "msg": "ok", "trace_id": "cfa749ee21ba212f"}
{"@timestamp": "2026-02-09T16:13:17.896125+00:00", "service": "dummy-backend", "level": "INFO", "route": "/login", "status": 200, "latency_ms": 964, "user_id": "u175", "msg": "ok", "trace_id": "035a03a4859e5c17"}
{"@timestamp": "2026-02-09T16:13:18.399089+00:00", "service": "dummy-backend", "level": "INFO", "route": "/checkout", "status": 200, "latency_ms": 133, "user_id": "u071", "msg": "ok", "trace_id": "78a18c1d63888d6a"}
{"@timestamp": "2026-02-09T16:13:18.901432+00:00", "service": "dummy-backend", "level": "INFO", "route": "/logout", "status": 200, "latency_ms": 34, "user_id": "u089", "msg": "ok", "trace_id": "6a4443b78de1279b"}
{"@timestamp": "2026-02-09T16:13:19.404500+00:00", "service": "dummy-backend", "level": "WARN", "route": "/profile", "status": 200, "latency_ms": 39, "user_id": "u033", "msg": "ok", "trace_id": "9bf71e13692d3821"}
{"@timestamp": "2026-02-09T16:13:19.907007+00:00", "service": "dummy-backend", "level": "INFO", "route": "/logout", "status": 200, "latency_ms": 613, "user_id": "u040", "msg": "ok", "trace_id": "7f0b4efa9bae7403"}
{"@timestamp": "2026-02-09T16:13:20.409834+00:00", "service": "dummy-backend", "level": "INFO", "route": "/logout", "status": 200, "latency_ms": 845, "user_id": "u053", "msg": "ok", "trace_id": "42fb86c1465825aa"}
{"@timestamp": "2026-02-09T16:13:20.912257+00:00", "service": "dummy-backend", "level": "INFO", "route": "/login", "status": 200, "latency_ms": 556, "user_id": "u130", "msg": "ok", "trace_id": "20cfb297f14f6036"}
{"@timestamp": "2026-02-09T16:13:21.415057+00:00", "service": "dummy-backend", "level": "INFO", "route": "/checkout", "status": 200, "latency_ms": 52, "user_id": "u137", "msg": "ok", "trace_id": "cbc90d51b1124a63"}
{"@timestamp": "2026-02-09T16:13:21.918601+00:00", "service": "dummy-backend", "level": "WARN", "route": "/profile", "status": 200, "latency_ms": 845, "user_id": "u197", "msg": "ok", "trace_id": "7af50aab1f3754b9"}
{"@timestamp": "2026-02-09T16:13:22.420952+00:00", "service": "dummy-backend", "level": "INFO", "route": "/login", "status": 200, "latency_ms": 1112, "user_id": "u137", "msg": "ok", "trace_id": "aa7258a3e7d45db6"}
{"@timestamp": "2026-02-09T16:13:22.923882+00:00", "service": "dummy-backend", "level": "WARN", "route": "/logout", "status": 200, "latency_ms": 184, "user_id": "u078", "msg": "ok", "trace_id": "f57aacd1e8fd9c59"}
{"@timestamp": "2026-02-09T16:13:23.426507+00:00", "service": "dummy-backend", "level": "INFO", "route": "/search", "status": 200, "latency_ms": 1162, "user_id": "u062", "msg": "ok", "trace_id": "03bc7330577cdac6"}
{"@timestamp": "2026-02-09T16:13:23.928916+00:00", "service": "dummy-backend", "level": "INFO", "route": "/login", "status": 200, "latency_ms": 246, "user_id": "u164", "msg": "ok", "trace_id": "4708a0d5b1b1be1f"}
{"@timestamp": "2026-02-09T16:13:24.432004+00:00", "service": "dummy-backend", "level": "INFO", "route": "/checkout", "status": 200, "latency_ms": 1165, "user_id": "u009", "msg": "ok", "trace_id": "963a15389c401588"}
{"@timestamp": "2026-02-09T16:13:24.928618+00:00", "service": "dummy-backend", "level": "INFO", "route": "/search", "status": 200, "latency_ms": 755, "user_id": "u178", "msg": "ok", "trace_id": "41e386aac57cdcbb"}
{"@timestamp": "2026-02-09T16:13:25.431380+00:00", "service": "dummy-backend", "level": "INFO", "route": "/login", "status": 200, "latency_ms": 937, "user_id": "u106", "msg": "ok", "trace_id": "9f0029501c5263d2"}
{"@timestamp": "2026-02-09T16:13:25.934244+00:00", "service": "dummy-backend", "level": "INFO", "route": "/logout", "status": 200, "latency_ms": 630, "user_id": "u123", "msg": "ok", "trace_id": "ae353280ce8cb67a"}
{"@timestamp": "2026-02-09T16:13:26.436938+00:00", "service": "dummy-backend", "level": "INFO", "route": "/checkout", "status": 200, "latency_ms": 725, "user_id": "u161", "msg": "ok", "trace_id": "d30f02a65049de15"}
{"@timestamp": "2026-02-09T16:13:26.940014+00:00", "service": "dummy-backend", "level": "INFO", "route": "/logout", "status": 200, "latency_ms": 1118, "user_id": "u177", "msg": "ok", "trace_id": "ab4dd11fa96c5b7e"}
{"@timestamp": "2026-02-09T16:13:27.442681+00:00", "service": "dummy-backend", "level": "WARN", "route": "/profile", "status": 200, "latency_ms": 768, "user_id": "u089", "msg": "ok", "trace_id": "1a038386a6c15301"}
{"@timestamp": "2026-02-09T16:13:27.945288+00:00", "service": "dummy-backend", "level": "ERROR", "route": "/logout", "status": 200, "latency_ms": 746, "user_id": "u170", "msg": "ok", "trace_id": "5f13ee515b0476e8"}
{"@timestamp": "2026-02-09T16:13:28.448200+00:00", "service": "dummy-backend", "level": "INFO", "route": "/login", "status": 200, "latency_ms": 706, "user_id": "u056", "msg": "ok", "trace_id": "cfd421941558608e"}
{"@timestamp": "2026-02-09T16:13:28.950833+00:00", "service": "dummy-backend", "level": "INFO", "route": "/checkout", "status": 200, "latency_ms": 1135, "user_id": "u182", "msg": "ok", "trace_id": "384d6b26463ec87c"}
{"@timestamp": "2026-02-09T16:13:29.453985+00:00", "service": "dummy-backend", "level": "INFO", "route": "/search", "status": 200, "latency_ms": 54, "user_id": "u037", "msg": "ok", "trace_id": "9b1b4ff033a7c0fa"}
{"@timestamp": "2026-02-09T16:13:29.956666+00:00", "service": "dummy-backend", "level": "INFO", "route": "/search", "status": 200, "latency_ms": 227, "user_id": "u048", "msg": "ok", "trace_id": "313794ea2006dbb7"}
{"@timestamp": "2026-02-09T16:13:30.459265+00:00", "service": "dummy-backend", "level": "INFO", "route": "/logout", "status": 200, "latency_ms": 56, "user_id": "u094", "msg": "ok", "trace_id": "32c521a2fd3dfd7f"}
{"@timestamp": "2026-02-09T16:13:30.962598+00:00", "service": "dummy-backend", "level": "INFO", "route": "/checkout", "status": 200, "latency_ms": 512, "user_id": "u096", "msg": "ok", "trace_id": "c1f3b41659db4260"}
{"@timestamp": "2026-02-09T16:13:31.465983+00:00", "service": "dummy-backend", "level": "INFO", "route": "/profile", "status": 200, "latency_ms": 789, "user_id": "u049", "msg": "ok", "trace_id": "d3b9c48124f82286"}
{"@timestamp": "2026-02-09T16:13:31.968843+00:00", "service": "dummy-backend", "level": "INFO", "route": "/checkout", "status": 200, "latency_ms": 564, "user_id": "u193", "msg": "ok", "trace_id": "182d97d8ee5be67a"}
{"@timestamp": "2026-02-09T16:13:32.471354+00:00", "service": "dummy-backend", "level": "INFO", "route": "/logout", "status": 200, "latency_ms": 160, "user_id": "u028", "msg": "ok", "trace_id": "dc22274af8106dc8"}
{"@timestamp": "2026-02-09T16:13:32.973786+00:00", "service": "dummy-backend", "level": "INFO", "route": "/profile", "status": 200, "latency_ms": 939, "user_id": "u134", "msg": "ok", "trace_id": "492bde6622adea78"}
{"@timestamp": "2026-02-09T16:13:33.476809+00:00", "service": "dummy-backend", "level": "INFO", "route": "/search", "status": 200, "latency_ms": 477, "user_id": "u004", "msg": "ok", "trace_id": "4e4a2dfad479dd73"}
{"@timestamp": "2026-02-09T16:13:33.979355+00:00", "service": "dummy-backend", "level": "INFO", "route": "/search", "status": 200, "latency_ms": 1004, "user_id": "u117", "msg": "ok", "trace_id": "bcdc712dc3e5a9ee"}
{"@timestamp": "2026-02-09T16:13:34.482168+00:00", "service": "dummy-backend", "level": "INFO", "route": "/search", "status": 200, "latency_ms": 798, "user_id": "u040", "msg": "ok", "trace_id": "2fce0a7e478b6a7b"}
{"@timestamp": "2026-02-09T16:13:34.985041+00:00", "service": "dummy-backend", "level": "WARN", "route": "/logout", "status": 200, "latency_ms": 168, "user_id": "u172", "msg": "ok", "trace_id": "658b48fbf929b9fe"}
{"@timestamp": "2026-02-09T16:13:35.487611+00:00", "service": "dummy-backend", "level": "INFO", "route": "/logout", "status": 200, "latency_ms": 913, "user_id": "u032", "msg": "ok", "trace_id": "d4a6c59805146eb1"}
{"@timestamp": "2026-02-09T16:13:35.990320+00:00", "service": "dummy-backend", "level": "INFO", "route": "/search", "status": 200, "latency_ms": 910, "user_id": "u004", "msg": "ok", "trace_id": "28bb987d02b8d6b0"}
{"@timestamp": "2026-02-09T16:13:36.493249+00:00", "service": "dummy-backend", "level": "INFO", "route": "/login", "status": 200, "latency_ms": 963, "user_id": "u015", "msg": "ok", "trace_id": "434afa645ba757df"}
{"@timestamp": "2026-02-09T16:13:36.995908+00:00", "service": "dummy-backend", "level": "INFO", "route": "/login", "status": 200, "latency_ms": 657, "user_id": "u046", "msg": "ok", "trace_id": "d4edf482267e2a33"}
{"@timestamp": "2026-02-09T16:13:37.499501+00:00", "service": "dummy-backend", "level": "INFO", "route": "/checkout", "status": 200, "latency_ms": 634, "user_id": "u037", "msg": "ok", "trace_id": "781d42891f02e143"}
{"@timestamp": "2026-02-09T16:13:38.002879+00:00", "service": "dummy-backend", "level": "INFO", "route": "/login", "status": 200, "latency_ms": 113, "user_id": "u141", "msg": "ok", "trace_id": "df99b736940b1864"}
{"@timestamp": "2026-02-09T16:13:38.506430+00:00", "service": "dummy-backend", "level": "INFO", "route": "/logout", "status": 200, "latency_ms": 142, "user_id": "u059", "msg": "ok", "trace_id": "83cbe55a9d364bdb"}
{"@timestamp": "2026-02-09T16:13:39.009225+00:00", "service": "dummy-backend", "level": "INFO", "route": "/logout", "status": 200, "latency_ms": 755, "user_id": "u059", "msg": "ok", "trace_id": "d609316002b68bb5"}
{"@timestamp": "2026-02-09T16:13:39.512695+00:00", "service": "dummy-backend", "level": "INFO", "route": "/search", "status": 200, "latency_ms": 889, "user_id": "u062", "msg": "ok", "trace_id": "7eae192fbbdb19ed"}
{"@timestamp": "2026-02-09T16:13:40.015389+00:00", "service": "dummy-backend", "level": "ERROR", "route": "/profile", "status": 200, "latency_ms": 1014, "user_id": "u104", "msg": "ok", "trace_id": "67ee9afb84a4b933"}
{"@timestamp": "2026-02-09T16:13:40.518305+00:00", "service": "dummy-backend", "level": "INFO", "route": "/login", "status": 200, "latency_ms": 256, "user_id": "u116", "msg": "ok", "trace_id": "f361457c30b542bf"}
{"@timestamp": "2026-02-09T16:13:41.020979+00:00", "service": "dummy-backend", "level": "INFO", "route": "/checkout", "status": 200, "latency_ms": 973, "user_id": "u079", "msg": "ok", "trace_id": "2ed3b21e127c23e7"}
{"@timestamp": "2026-02-09T16:13:41.524499+00:00", "service": "dummy-backend", "level": "INFO", "route": "/search", "status": 200, "latency_ms": 32, "user_id": "u082", "msg": "ok", "trace_id": "23693392a1c49f59"}
{"@timestamp": "2026-02-09T16:13:42.027339+00:00", "service": "dummy-backend", "level": "INFO", "route": "/checkout", "status": 200, "latency_ms": 831, "user_id": "u046", "msg": "ok", "trace_id": "8b11983ccae1d705"}
{"@timestamp": "2026-02-09T16:13:42.529961+00:00", "service": "dummy-backend", "level": "INFO", "route": "/login", "status": 200, "latency_ms": 1002, "user_id": "u105", "msg": "ok", "trace_id": "bc82f66a88d1efbf"}
{"@timestamp": "2026-02-09T16:13:43.035893+00:00", "service": "dummy-backend", "level": "INFO", "route": "/logout", "status": 200, "latency_ms": 881, "user_id": "u060", "msg": "ok", "trace_id": "c48da3ffd920bd1d"}
{"@timestamp": "2026-02-09T16:13:43.538898+00:00", "service": "dummy-backend", "level": "INFO", "route": "/profile", "status": 200, "latency_ms": 905, "user_id": "u188", "msg": "ok", "trace_id": "207a18f6279923aa"}
{"@timestamp": "2026-02-09T16:13:44.041738+00:00", "service": "dummy-backend", "level": "INFO", "route": "/login", "status": 200, "latency_ms": 718, "user_id": "u182", "msg": "ok", "trace_id": "276f4d4afd724be6"}
{"@timestamp": "2026-02-09T16:13:44.544716+00:00", "service": "dummy-backend", "level": "INFO", "route": "/profile", "status": 200, "latency_ms": 474, "user_id": "u143", "msg": "ok", "trace_id": "1eeb7db5b01760ec"}
{"@timestamp": "2026-02-09T16:13:45.048232+00:00", "service": "dummy-backend", "level": "INFO", "route": "/login", "status": 200, "latency_ms": 1026, "user_id": "u107", "msg": "ok", "trace_id": "4e79c02ab6439af4"}
{"@timestamp": "2026-02-09T16:13:45.551547+00:00", "service": "dummy-backend", "level": "WARN", "route": "/profile", "status": 200, "latency_ms": 492, "user_id": "u086", "msg": "ok", "trace_id": "45d96616555f02ac"}
{"@timestamp": "2026-02-09T16:13:46.054466+00:00", "service": "dummy-backend", "level": "INFO", "route": "/login", "status": 200, "latency_ms": 705, "user_id": "u149", "msg": "ok", "trace_id": "d96c6d916938a506"}
{"@timestamp": "2026-02-09T16:13:46.557650+00:00", "service": "dummy-backend", "level": "INFO", "route": "/search", "status": 200, "latency_ms": 319, "user_id": "u027", "msg": "ok", "trace_id": "f6652ee6c4888173"}
{"@timestamp": "2026-02-09T16:13:47.060004+00:00", "service": "dummy-backend", "level": "INFO", "route": "/profile", "status": 200, "latency_ms": 194, "user_id": "u105", "msg": "ok", "trace_id": "4c30e2761e8baef3"}
{"@timestamp": "2026-02-09T16:13:47.562659+00:00", "service": "dummy-backend", "level": "INFO", "route": "/profile", "status": 200, "latency_ms": 28, "user_id": "u197", "msg": "ok", "trace_id": "f979fc498a8c5c16"}
{"@timestamp": "2026-02-09T16:13:48.066390+00:00", "service": "dummy-backend", "level": "INFO", "route": "/logout", "status": 200, "latency_ms": 554, "user_id": "u025", "msg": "ok", "trace_id": "3162294bef54d38a"}
{"@timestamp": "2026-02-09T16:13:48.569658+00:00", "service": "dummy-backend", "level": "INFO", "route": "/search", "status": 200, "latency_ms": 711, "user_id": "u158", "msg": "ok", "trace_id": "baa17e3a06e9d4c6"}
{"@timestamp": "2026-02-09T16:13:49.072814+00:00", "service": "dummy-backend", "level": "INFO", "route": "/profile", "status": 200, "latency_ms": 948, "user_id": "u176", "msg": "ok", "trace_id": "537acaa8421ccefa"}
{"@timestamp": "2026-02-09T16:13:49.575688+00:00", "service": "dummy-backend", "level": "INFO", "route": "/profile", "status": 200, "latency_ms": 589, "user_id": "u085", "msg": "ok", "trace_id": "9a364d0a953a15f6"}
{"@timestamp": "2026-02-09T16:13:50.078006+00:00", "service": "dummy-backend", "level": "WARN", "route": "/login", "status": 200, "latency_ms": 1077, "user_id": "u092", "msg": "ok", "trace_id": "e3fe90ee31e614b6"}
{"@timestamp": "2026-02-09T16:13:50.580511+00:00", "service": "dummy-backend", "level": "INFO", "route": "/profile", "status": 200, "latency_ms": 629, "user_id": "u163", "msg": "ok", "trace_id": "f01c76d6408953db"}
{"@timestamp": "2026-02-09T16:13:51.083416+00:00", "service": "dummy-backend", "level": "INFO", "route": "/logout", "status": 200, "latency_ms": 704, "user_id": "u002", "msg": "ok", "trace_id": "d39e5668d4a10bf7"}
{"@timestamp": "2026-02-09T16:13:51.586169+00:00", "service": "dummy-backend", "level": "INFO", "route": "/login", "status": 200, "latency_ms": 932, "user_id": "u019", "msg": "ok", "trace_id": "83cf6b60cd42743e"}
{"@timestamp": "2026-02-09T16:13:52.089366+00:00", "service": "dummy-backend", "level": "INFO", "route": "/search", "status": 200, "latency_ms": 1051, "user_id": "u076", "msg": "ok", "trace_id": "9d0f5e7ed8459a9f"}
{"@timestamp": "2026-02-09T16:13:52.591692+00:00", "service": "dummy-backend", "level": "INFO", "route": "/logout", "status": 200, "latency_ms": 343, "user_id": "u175", "msg": "ok", "trace_id": "6d8f644dbf8966a0"}
{"@timestamp": "2026-02-09T16:13:53.094771+00:00", "service": "dummy-backend", "level": "INFO", "route": "/profile", "status": 200, "latency_ms": 819, "user_id": "u169", "msg": "ok", "trace_id": "cc81273793a52591"}
{"@timestamp": "2026-02-09T16:13:53.597402+00:00", "service": "dummy-backend", "level": "INFO", "route": "/logout", "status": 200, "latency_ms": 287, "user_id": "u147", "msg": "ok", "trace_id": "6e2616351347d523"}
{"@timestamp": "2026-02-09T16:13:54.100294+00:00", "service": "dummy-backend", "level": "INFO", "route": "/logout", "status": 200, "latency_ms": 210, "user_id": "u046", "msg": "ok", "trace_id": "cf4e7407b5ca5435"}
{"@timestamp": "2026-02-09T16:13:54.603481+00:00", "service": "dummy-backend", "level": "INFO", "route": "/login", "status": 200, "latency_ms": 785, "user_id": "u139", "msg": "ok", "trace_id": "98dce15ff32b74d2"}
{"@timestamp": "2026-02-09T16:13:55.100066+00:00", "service": "dummy-backend", "level": "INFO", "route": "/search", "status": 200, "latency_ms": 960, "user_id": "u086", "msg": "ok", "trace_id": "b734e4367ce940f7"}
{"@timestamp": "2026-02-09T16:13:55.602599+00:00", "service": "dummy-backend", "level": "INFO", "route": "/checkout", "status": 200, "latency_ms": 281, "user_id": "u118", "msg": "ok", "trace_id": "fe4682a4581e4fe8"}
{"@timestamp": "2026-02-09T16:13:56.105505+00:00", "service": "dummy-backend", "level": "INFO", "route": "/logout", "status": 200, "latency_ms": 1008, "user_id": "u181", "msg": "ok", "trace_id": "cb8d082dee020467"}
{"@timestamp": "2026-02-09T16:13:56.608754+00:00", "service": "dummy-backend", "level": "INFO", "route": "/login", "status": 200, "latency_ms": 253, "user_id": "u095", "msg": "ok", "trace_id": "9a5b9f66acb3e8f7"}
{"@timestamp": "2026-02-09T16:13:57.112173+00:00", "service": "dummy-backend", "level": "INFO", "route": "/search", "status": 200, "latency_ms": 355, "user_id": "u072", "msg": "ok", "trace_id": "92e2bf249f156c4f"}
{"@timestamp": "2026-02-09T16:13:57.615380+00:00", "service": "dummy-backend", "level": "INFO", "route": "/checkout", "status": 200, "latency_ms": 432, "user_id": "u071", "msg": "ok", "trace_id": "dd18cd3a80c3c397"}
{"@timestamp": "2026-02-09T16:13:58.118836+00:00", "service": "dummy-backend", "level": "INFO", "route": "/search", "status": 200, "latency_ms": 160, "user_id": "u063", "msg": "ok", "trace_id": "c573bdcd1a9dbd05"}
{"@timestamp": "2026-02-09T16:13:58.621398+00:00", "service": "dummy-backend", "level": "INFO", "route": "/profile", "status": 200, "latency_ms": 710, "user_id": "u037", "msg": "ok", "trace_id": "2dee31b6c1af5d91"}
{"@timestamp": "2026-02-09T16:13:59.125101+00:00", "service": "dummy-backend", "level": "INFO", "route": "/profile", "status": 200, "latency_ms": 778, "user_id": "u061", "msg": "ok", "trace_id": "ed43f2c52cf2edad"}
{"@timestamp": "2026-02-09T16:13:59.627759+00:00", "service": "dummy-backend", "level": "INFO", "route": "/logout", "status": 200, "latency_ms": 359, "user_id": "u103", "msg": "ok", "trace_id": "a6b94ed5d2cf990f"}
{"@timestamp": "2026-02-09T16:14:00.130863+00:00", "service": "dummy-backend", "level": "INFO", "route": "/logout", "status": 200, "latency_ms": 712, "user_id": "u039", "msg": "ok", "trace_id": "7ea166b753a14eb9"}
{"@timestamp": "2026-02-09T16:14:00.633548+00:00", "service": "dummy-backend", "level": "INFO", "route": "/login", "status": 200, "latency_ms": 405, "user_id": "u159", "msg": "ok", "trace_id": "ec92304f1eddc38d"}
{"@timestamp": "2026-02-09T16:14:01.136790+00:00", "service": "dummy-backend", "level": "INFO", "route": "/checkout", "status": 200, "latency_ms": 1012, "user_id": "u011", "msg": "ok", "trace_id": "7b7389ef0330cfbb"}
{"@timestamp": "2026-02-09T16:14:01.639403+00:00", "service": "dummy-backend", "level": "INFO", "route": "/checkout", "status": 200, "latency_ms": 652, "user_id": "u010", "msg": "ok", "trace_id": "808db279c8b90947"}
{"@timestamp": "2026-02-09T16:14:02.142494+00:00", "service": "dummy-backend", "level": "INFO", "route": "/logout", "status": 200, "latency_ms": 949, "user_id": "u091", "msg": "ok", "trace_id": "15f39156eb5fbaf6"}
{"@timestamp": "2026-02-09T16:14:02.644547+00:00", "service": "dummy-backend", "level": "INFO", "route": "/logout", "status": 200, "latency_ms": 530, "user_id": "u178", "msg": "ok", "trace_id": "a5c5bcfb2fc201c1"}
{"@timestamp": "2026-02-09T16:14:03.146926+00:00", "service": "dummy-backend", "level": "WARN", "route": "/login", "status": 200, "latency_ms": 1184, "user_id": "u148", "msg": "ok", "trace_id": "7a6d792c025e1e43"}
{"@timestamp": "2026-02-09T16:14:03.650208+00:00", "service": "dummy-backend", "level": "INFO", "route": "/checkout", "status": 200, "latency_ms": 694, "user_id": "u134", "msg": "ok", "trace_id": "8918536d7cfc1f82"}
{"@timestamp": "2026-02-09T16:14:04.154227+00:00", "service": "dummy-backend", "level": "INFO", "route": "/profile", "status": 200, "latency_ms": 870, "user_id": "u078", "msg": "ok", "trace_id": "9a271cc8b134ddd4"}
{"@timestamp": "2026-02-09T16:14:04.657430+00:00", "service": "dummy-backend", "level": "INFO", "route": "/logout", "status": 200, "latency_ms": 1126, "user_id": "u084", "msg": "ok", "trace_id": "f3d15775909c31e4"}
{"@timestamp": "2026-02-09T16:14:05.161065+00:00", "service": "dummy-backend", "level": "INFO", "route": "/checkout", "status": 200, "latency_ms": 883, "user_id": "u110", "msg": "ok", "trace_id": "a1a7233145414143"}
{"@timestamp": "2026-02-09T16:14:05.664237+00:00", "service": "dummy-backend", "level": "INFO", "route": "/checkout", "status": 200, "latency_ms": 339, "user_id": "u134", "msg": "ok", "trace_id": "5aacb65f0ed7af87"}
{"@timestamp": "2026-02-09T16:14:06.167766+00:00", "service": "dummy-backend", "level": "INFO", "route": "/logout", "status": 200, "latency_ms": 123, "user_id": "u068", "msg": "ok", "trace_id": "4f82a66464a2167b"}
{"@timestamp": "2026-02-09T16:14:06.670146+00:00", "service": "dummy-backend", "level": "INFO", "route": "/profile", "status": 200, "latency_ms": 457, "user_id": "u066", "msg": "ok", "trace_id": "e777e57362b00898"}
{"@timestamp": "2026-02-09T16:14:07.173482+00:00", "service": "dummy-backend", "level": "INFO", "route": "/search", "status": 200, "latency_ms": 856, "user_id": "u127", "msg": "ok", "trace_id": "44191955f65b3084"}
{"@timestamp": "2026-02-09T16:14:07.677376+00:00", "service": "dummy-backend", "level": "INFO", "route": "/checkout", "status": 200, "latency_ms": 708, "user_id": "u190", "msg": "ok", "trace_id": "78b6e272713c3e08"}
{"@timestamp": "2026-02-09T16:14:08.180723+00:00", "service": "dummy-backend", "level": "INFO", "route": "/search", "status": 200, "latency_ms": 307, "user_id": "u011", "msg": "ok", "trace_id": "4503dc1266c0545a"}
{"@timestamp": "2026-02-09T16:14:08.683425+00:00", "service": "dummy-backend", "level": "INFO", "route": "/logout", "status": 200, "latency_ms": 494, "user_id": "u125", "msg": "ok", "trace_id": "0593471f666f7d50"}
{"@timestamp": "2026-02-09T16:14:09.186571+00:00", "service": "dummy-backend", "level": "INFO", "route": "/profile", "status": 200, "latency_ms": 1168, "user_id": "u117", "msg": "ok", "trace_id": "9f5e4b898ce8fa5d"}
{"@timestamp": "2026-02-09T16:14:09.689672+00:00", "service": "dummy-backend", "level": "INFO", "route": "/profile", "status": 200, "latency_ms": 417, "user_id": "u088", "msg": "ok", "trace_id": "c53c31de3e08d5cc"}
{"@timestamp": "2026-02-09T16:14:10.192702+00:00", "service": "dummy-backend", "level": "INFO", "route": "/search", "status": 200, "latency_ms": 88, "user_id": "u089", "msg": "ok", "trace_id": "5914d2aa4a27d7a4"}
{"@timestamp": "2026-02-09T16:14:10.695509+00:00", "service": "dummy-backend", "level": "WARN", "route": "/login", "status": 200, "latency_ms": 1004, "user_id": "u167", "msg": "ok", "trace_id": "40ae38bf6e5f6557"}
{"@timestamp": "2026-02-09T16:14:11.198774+00:00", "service": "dummy-backend", "level": "INFO", "route": "/logout", "status": 200, "latency_ms": 710, "user_id": "u043", "msg": "ok", "trace_id": "f22225a9cb256e21"}
{"@timestamp": "2026-02-09T16:14:11.701695+00:00", "service": "dummy-backend", "level": "INFO", "route": "/search", "status": 200, "latency_ms": 70, "user_id": "u029", "msg": "ok", "trace_id": "9517ac28b98bdc30"}
{"@timestamp": "2026-02-09T16:14:12.204570+00:00", "service": "dummy-backend", "level": "INFO", "route": "/login", "status": 200, "latency_ms": 671, "user_id": "u191", "msg": "ok", "trace_id": "e3021fc0fffbee63"}
{"@timestamp": "2026-02-09T16:14:12.707352+00:00", "service": "dummy-backend", "level": "INFO", "route": "/search", "status": 200, "latency_ms": 959, "user_id": "u071", "msg": "ok", "trace_id": "42aadc74744826e9"}
{"@timestamp": "2026-02-09T16:14:13.210171+00:00", "service": "dummy-backend", "level": "INFO", "route": "/checkout", "status": 200, "latency_ms": 64, "user_id": "u151", "msg": "ok", "trace_id": "ba8e990beb29ddba"}
{"@timestamp": "2026-02-09T16:14:13.712860+00:00", "service": "dummy-backend", "level": "WARN", "route": "/login", "status": 200, "latency_ms": 477, "user_id": "u103", "msg": "ok", "trace_id": "2ca276a6dacf87ac"}
{"@timestamp": "2026-02-09T16:14:14.216136+00:00", "service": "dummy-backend", "level": "ERROR", "route": "/checkout", "status": 500, "latency_ms": 438, "user_id": "u074", "msg": "insufficient_stock", "trace_id": "2cbac7748b305c91"}
{"@timestamp": "2026-02-09T16:14:14.719533+00:00", "service": "dummy-backend", "level": "INFO", "route": "/logout", "status": 200, "latency_ms": 171, "user_id": "u003", "msg": "ok", "trace_id": "d6cf538cc69013dc"}
{"@timestamp": "2026-02-09T16:14:15.222183+00:00", "service": "dummy-backend", "level": "INFO", "route": "/login", "status": 200, "latency_ms": 155, "user_id": "u114", "msg": "ok", "trace_id": "a73ee72d3f588144"}
{"@timestamp": "2026-02-09T16:14:15.724882+00:00", "service": "dummy-backend", "level": "ERROR", "route": "/search", "status": 200, "latency_ms": 792, "user_id": "u078", "msg": "ok", "trace_id": "562338db9095acdd"}
{"@timestamp": "2026-02-09T16:14:16.227613+00:00", "service": "dummy-backend", "level": "INFO", "route": "/logout", "status": 200, "latency_ms": 664, "user_id": "u054", "msg": "ok", "trace_id": "542082d09dc8b67f"}
{"@timestamp": "2026-02-09T16:14:16.730565+00:00", "service": "dummy-backend", "level": "INFO", "route": "/checkout", "status": 200, "latency_ms": 685, "user_id": "u104", "msg": "ok", "trace_id": "e71ba6dd1a9efd4c"}
{"@timestamp": "2026-02-09T16:14:17.233567+00:00", "service": "dummy-backend", "level": "INFO", "route": "/checkout", "status": 200, "latency_ms": 269, "user_id": "u182", "msg": "ok", "trace_id": "6ae7175d1fd01554"}
{"@timestamp": "2026-02-09T16:14:17.736264+00:00", "service": "dummy-backend", "level": "INFO", "route": "/search", "status": 200, "latency_ms": 1003, "user_id": "u128", "msg": "ok", "trace_id": "b870f23f842338bd"}
{"@timestamp": "2026-02-09T16:14:18.238981+00:00", "service": "dummy-backend", "level": "INFO", "route": "/checkout", "status": 200, "latency_ms": 878, "user_id": "u109", "msg": "ok", "trace_id": "f9e7ef53cf6884d8"}
{"@timestamp": "2026-02-09T16:14:18.741606+00:00", "service": "dummy-backend", "level": "WARN", "route": "/profile", "status": 200, "latency_ms": 497, "user_id": "u173", "msg": "ok", "trace_id": "ac18ece319598dcf"}
{"@timestamp": "2026-02-09T16:14:19.243894+00:00", "service": "dummy-backend", "level": "INFO", "route": "/checkout", "status": 200, "latency_ms": 570, "user_id": "u097", "msg": "ok", "trace_id": "5409a3b0cba1bef7"}
{"@timestamp": "2026-02-09T16:14:19.746667+00:00", "service": "dummy-backend", "level": "INFO", "route": "/checkout", "status": 200, "latency_ms": 153, "user_id": "u072", "msg": "ok", "trace_id": "8e4624fa11c3386d"}
{"@timestamp": "2026-02-09T16:14:20.249060+00:00", "service": "dummy-backend", "level": "INFO", "route": "/logout", "status": 200, "latency_ms": 972, "user_id": "u084", "msg": "ok", "trace_id": "4d6909f95d145d1f"}
{"@timestamp": "2026-02-09T16:14:20.751469+00:00", "service": "dummy-backend", "level": "INFO", "route": "/checkout", "status": 200, "latency_ms": 772, "user_id": "u189", "msg": "ok", "trace_id": "46d496377a3c9d2a"}
{"@timestamp": "2026-02-09T16:14:21.254792+00:00", "service": "dummy-backend", "level": "INFO", "route": "/checkout", "status": 200, "latency_ms": 661, "user_id": "u191", "msg": "ok", "trace_id": "d32a5d57c0313d8e"}
{"@timestamp": "2026-02-09T16:14:21.758210+00:00", "service": "dummy-backend", "level": "INFO", "route": "/search", "status": 200, "latency_ms": 732, "user_id": "u157", "msg": "ok", "trace_id": "c10b3339cc072528"}
{"@timestamp": "2026-02-09T16:14:22.261719+00:00", "service": "dummy-backend", "level": "INFO", "route": "/logout", "status": 200, "latency_ms": 628, "user_id": "u090", "msg": "ok", "trace_id": "eb9b58ccbd55d7eb"}
{"@timestamp": "2026-02-09T16:14:22.764359+00:00", "service": "dummy-backend", "level": "INFO", "route": "/profile", "status": 200, "latency_ms": 535, "user_id": "u018", "msg": "ok", "trace_id": "9f4118a355e0bed0"}
{"@timestamp": "2026-02-09T16:14:23.267223+00:00", "service": "dummy-backend", "level": "INFO", "route": "/logout", "status": 200, "latency_ms": 281, "user_id": "u160", "msg": "ok", "trace_id": "fe74244051a1732d"}
{"@timestamp": "2026-02-09T16:14:23.769865+00:00", "service": "dummy-backend", "level": "INFO", "route": "/search", "status": 200, "latency_ms": 920, "user_id": "u058", "msg": "ok", "trace_id": "b229bf7d9aae9688"}
{"@timestamp": "2026-02-09T16:14:24.273293+00:00", "service": "dummy-backend", "level": "INFO", "route": "/checkout", "status": 200, "latency_ms": 980, "user_id": "u021", "msg": "ok", "trace_id": "d2a145efd81a6df8"}
{"@timestamp": "2026-02-09T16:14:24.775860+00:00", "service": "dummy-backend", "level": "INFO", "route": "/logout", "status": 200, "latency_ms": 589, "user_id": "u140", "msg": "ok", "trace_id": "5ff3074b72db6b1b"}
{"@timestamp": "2026-02-09T16:14:25.273391+00:00", "service": "dummy-backend", "level": "ERROR", "route": "/logout", "status": 200, "latency_ms": 1093, "user_id": "u179", "msg": "ok", "trace_id": "43975469d3eef41d"}
{"@timestamp": "2026-02-09T16:14:25.776189+00:00", "service": "dummy-backend", "level": "INFO", "route": "/search", "status": 200, "latency_ms": 1007, "user_id": "u052", "msg": "ok", "trace_id": "1a4d14ff9b5ff12f"}
{"@timestamp": "2026-02-09T16:14:26.279465+00:00", "service": "dummy-backend", "level": "INFO", "route": "/login", "status": 200, "latency_ms": 273, "user_id": "u112", "msg": "ok", "trace_id": "73b6a6c3d0fddfe2"}
{"@timestamp": "2026-02-09T16:14:26.782646+00:00", "service": "dummy-backend", "level": "INFO", "route": "/search", "status": 200, "latency_ms": 992, "user_id": "u117", "msg": "ok", "trace_id": "7192538c59d94b76"}
{"@timestamp": "2026-02-09T16:14:27.285418+00:00", "service": "dummy-backend", "level": "INFO", "route": "/logout", "status": 200, "latency_ms": 517, "user_id": "u100", "msg": "ok", "trace_id": "0d4524c9f9821a86"}
{"@timestamp": "2026-02-09T16:14:27.789055+00:00", "service": "dummy-backend", "level": "INFO", "route": "/login", "status": 200, "latency_ms": 255, "user_id": "u059", "msg": "ok", "trace_id": "941d2feef93ac654"}
{"@timestamp": "2026-02-09T16:14:28.291658+00:00", "service": "dummy-backend", "level": "INFO", "route": "/profile", "status": 200, "latency_ms": 29, "user_id": "u035", "msg": "ok", "trace_id": "25c31ec2923aa1ba"}
{"@timestamp": "2026-02-09T16:14:28.795040+00:00", "service": "dummy-backend", "level": "INFO", "route": "/profile", "status": 200, "latency_ms": 602, "user_id": "u200", "msg": "ok", "trace_id": "2061315030b10587"}
{"@timestamp": "2026-02-09T16:14:29.297709+00:00", "service": "dummy-backend", "level": "INFO", "route": "/checkout", "status": 200, "latency_ms": 863, "user_id": "u095", "msg": "ok", "trace_id": "5e9b4cf815e0e2ca"}
{"@timestamp": "2026-02-09T16:14:29.801112+00:00", "service": "dummy-backend", "level": "INFO", "route": "/login", "status": 200, "latency_ms": 1193, "user_id": "u072", "msg": "ok", "trace_id": "b3ac14623c7176f2"}
{"@timestamp": "2026-02-09T16:14:30.305211+00:00", "service": "dummy-backend", "level": "INFO", "route": "/logout", "status": 200, "latency_ms": 221, "user_id": "u036", "msg": "ok", "trace_id": "a1b7dca868f175ae"}
{"@timestamp": "2026-02-09T16:14:30.809566+00:00", "service": "dummy-backend", "level": "INFO", "route": "/login", "status": 200, "latency_ms": 662, "user_id": "u131", "msg": "ok", "trace_id": "5b7ed236eb56af1b"}
{"@timestamp": "2026-02-09T16:14:31.312625+00:00", "service": "dummy-backend", "level": "INFO", "route": "/checkout", "status": 200, "latency_ms": 849, "user_id": "u152", "msg": "ok", "trace_id": "92bb36cf6becb39d"}
{"@timestamp": "2026-02-09T16:14:31.815800+00:00", "service": "dummy-backend", "level": "INFO", "route": "/login", "status": 200, "latency_ms": 560, "user_id": "u188", "msg": "ok", "trace_id": "c6faba07db9a8c7c"}
{"@timestamp": "2026-02-09T16:14:32.318875+00:00", "service": "dummy-backend", "level": "WARN", "route": "/login", "status": 200, "latency_ms": 176, "user_id": "u112", "msg": "ok", "trace_id": "1359db6a44bf6498"}
{"@timestamp": "2026-02-09T16:14:32.821916+00:00", "service": "dummy-backend", "level": "INFO", "route": "/profile", "status": 200, "latency_ms": 572, "user_id": "u112", "msg": "ok", "trace_id": "4315dec82db6f593"}
{"@timestamp": "2026-02-09T16:14:33.324936+00:00", "service": "dummy-backend", "level": "INFO", "route": "/checkout", "status": 200, "latency_ms": 613, "user_id": "u164", "msg": "ok", "trace_id": "27b37a765bd86106"}
{"@timestamp": "2026-02-09T16:14:33.828535+00:00", "service": "dummy-backend", "level": "INFO", "route": "/checkout", "status": 200, "latency_ms": 152, "user_id": "u083", "msg": "ok", "trace_id": "f8f7a2922d4d7571"}
{"@timestamp": "2026-02-09T16:14:34.331265+00:00", "service": "dummy-backend", "level": "INFO", "route": "/search", "status": 200, "latency_ms": 1174, "user_id": "u191", "msg": "ok", "trace_id": "1955a2090e639cd2"}
{"@timestamp": "2026-02-09T16:14:34.833883+00:00", "service": "dummy-backend", "level": "INFO", "route": "/checkout", "status": 200, "latency_ms": 655, "user_id": "u019", "msg": "ok", "trace_id": "349916d05f526405"}
{"@timestamp": "2026-02-09T16:14:35.336984+00:00", "service": "dummy-backend", "level": "INFO", "route": "/search", "status": 200, "latency_ms": 676, "user_id": "u163", "msg": "ok", "trace_id": "aa09de1a1ee20881"}
{"@timestamp": "2026-02-09T16:14:35.840033+00:00", "service": "dummy-backend", "level": "INFO", "route": "/logout", "status": 200, "latency_ms": 723, "user_id": "u184", "msg": "ok", "trace_id": "95a48caf13b6d1e1"}
{"@timestamp": "2026-02-09T16:14:36.343502+00:00", "service": "dummy-backend", "level": "INFO", "route": "/checkout", "status": 200, "latency_ms": 602, "user_id": "u198", "msg": "ok", "trace_id": "deff7a8b49e091bc"}
{"@timestamp": "2026-02-09T16:14:36.846099+00:00", "service": "dummy-backend", "level": "INFO", "route": "/login", "status": 200, "latency_ms": 936, "user_id": "u150", "msg": "ok", "trace_id": "da5baafe9ca643bb"}
{"@timestamp": "2026-02-09T16:14:37.349359+00:00", "service": "dummy-backend", "level": "INFO", "route": "/login", "status": 200, "latency_ms": 117, "user_id": "u144", "msg": "ok", "trace_id": "e17f5ad1859fd639"}
{"@timestamp": "2026-02-09T16:14:37.852070+00:00", "service": "dummy-backend", "level": "INFO", "route": "/profile", "status": 200, "latency_ms": 1169, "user_id": "u012", "msg": "ok", "trace_id": "5cfd2a84f7a47f98"}
{"@timestamp": "2026-02-09T16:14:38.354915+00:00", "service": "dummy-backend", "level": "INFO", "route": "/checkout", "status": 200, "latency_ms": 852, "user_id": "u134", "msg": "ok", "trace_id": "dbba804803575273"}
{"@timestamp": "2026-02-09T16:14:38.857435+00:00", "service": "dummy-backend", "level": "WARN", "route": "/login", "status": 200, "latency_ms": 202, "user_id": "u177", "msg": "ok", "trace_id": "3cb8041bc3fdf4db"}
{"@timestamp": "2026-02-09T16:14:39.360208+00:00", "service": "dummy-backend", "level": "INFO", "route": "/profile", "status": 200, "latency_ms": 830, "user_id": "u149", "msg": "ok", "trace_id": "9e21cdf11c39aacd"}
{"@timestamp": "2026-02-09T16:14:39.863209+00:00", "service": "dummy-backend", "level": "ERROR", "route": "/login", "status": 403, "latency_ms": 332, "user_id": "u087", "msg": "invalid_password", "trace_id": "2130a99f7bb8ee17"}
{"@timestamp": "2026-02-09T16:14:40.369608+00:00", "service": "dummy-backend", "level": "INFO", "route": "/logout", "status": 200, "latency_ms": 259, "user_id": "u032", "msg": "ok", "trace_id": "df3c95d011350d0f"}
{"@timestamp": "2026-02-09T16:14:40.873486+00:00", "service": "dummy-backend", "level": "INFO", "route": "/logout", "status": 200, "latency_ms": 813, "user_id": "u152", "msg": "ok", "trace_id": "1b1349506ccdff48"}
{"@timestamp": "2026-02-09T16:14:41.376240+00:00", "service": "dummy-backend", "level": "INFO", "route": "/search", "status": 200, "latency_ms": 156, "user_id": "u012", "msg": "ok", "trace_id": "132160b7e243a671"}
{"@timestamp": "2026-02-09T16:14:41.879160+00:00", "service": "dummy-backend", "level": "INFO", "route": "/search", "status": 200, "latency_ms": 400, "user_id": "u167", "msg": "ok", "trace_id": "d0afdc0d64672155"}
{"@timestamp": "2026-02-09T16:14:42.382553+00:00", "service": "dummy-backend", "level": "INFO", "route": "/search", "status": 200, "latency_ms": 690, "user_id": "u084", "msg": "ok", "trace_id": "eabcd2f5d3a1575a"}
{"@timestamp": "2026-02-09T16:14:42.886033+00:00", "service": "dummy-backend", "level": "INFO", "route": "/checkout", "status": 200, "latency_ms": 91, "user_id": "u113", "msg": "ok", "trace_id": "09c01d08a4043c70"}
{"@timestamp": "2026-02-09T16:14:43.388479+00:00", "service": "dummy-backend", "level": "INFO", "route": "/logout", "status": 200, "latency_ms": 975, "user_id": "u028", "msg": "ok", "trace_id": "f4df29fe018473b6"}
{"@timestamp": "2026-02-09T16:14:43.891171+00:00", "service": "dummy-backend", "level": "INFO", "route": "/logout", "status": 200, "latency_ms": 824, "user_id": "u069", "msg": "ok", "trace_id": "f4724d9f562e9d81"}
{"@timestamp": "2026-02-09T16:14:44.394754+00:00", "service": "dummy-backend", "level": "INFO", "route": "/logout", "status": 200, "latency_ms": 411, "user_id": "u193", "msg": "ok", "trace_id": "7cd5083241f443c7"}
{"@timestamp": "2026-02-09T16:14:44.897833+00:00", "service": "dummy-backend", "level": "WARN", "route": "/profile", "status": 200, "latency_ms": 89, "user_id": "u118", "msg": "ok", "trace_id": "a8036d7d7b53d91e"}
{"@timestamp": "2026-02-09T16:14:45.401131+00:00", "service": "dummy-backend", "level": "INFO", "route": "/logout", "status": 200, "latency_ms": 535, "user_id": "u197", "msg": "ok", "trace_id": "3e391e371b695f8e"}
{"@timestamp": "2026-02-09T16:14:45.904058+00:00", "service": "dummy-backend", "level": "INFO", "route": "/login", "status": 200, "latency_ms": 47, "user_id": "u069", "msg": "ok", "trace_id": "c291ae0cd9427b7e"}
{"@timestamp": "2026-02-09T16:14:46.407691+00:00", "service": "dummy-backend", "level": "INFO", "route": "/checkout", "status": 200, "latency_ms": 24, "user_id": "u136", "msg": "ok", "trace_id": "b6fd04d01a2a5906"}
{"@timestamp": "2026-02-09T16:14:46.912036+00:00", "service": "dummy-backend", "level": "INFO", "route": "/search", "status": 200, "latency_ms": 61, "user_id": "u056", "msg": "ok", "trace_id": "c31c977a28cb7b63"}
{"@timestamp": "2026-02-09T16:14:47.415765+00:00", "service": "dummy-backend", "level": "INFO", "route": "/checkout", "status": 200, "latency_ms": 863, "user_id": "u014", "msg": "ok", "trace_id": "47630d774665c24e"}
{"@timestamp": "2026-02-09T16:14:47.919075+00:00", "service": "dummy-backend", "level": "INFO", "route": "/profile", "status": 200, "latency_ms": 181, "user_id": "u159", "msg": "ok", "trace_id": "7c92d20c5add6649"}
{"@timestamp": "2026-02-09T16:14:48.422236+00:00", "service": "dummy-backend", "level": "INFO", "route": "/logout", "status": 200, "latency_ms": 982, "user_id": "u174", "msg": "ok", "trace_id": "8489716c42efcdf4"}
{"@timestamp": "2026-02-09T16:14:48.926856+00:00", "service": "dummy-backend", "level": "INFO", "route": "/logout", "status": 200, "latency_ms": 1181, "user_id": "u057", "msg": "ok", "trace_id": "4b690073fff9091c"}
{"@timestamp": "2026-02-09T16:14:49.430003+00:00", "service": "dummy-backend", "level": "WARN", "route": "/search", "status": 200, "latency_ms": 997, "user_id": "u045", "msg": "ok", "trace_id": "0150ed2bdd49a0aa"}
{"@timestamp": "2026-02-09T16:14:49.933440+00:00", "service": "dummy-backend", "level": "INFO", "route": "/search", "status": 200, "latency_ms": 432, "user_id": "u166", "msg": "ok", "trace_id": "ef74828e202c0796"}
{"@timestamp": "2026-02-09T16:14:50.437035+00:00", "service": "dummy-backend", "level": "WARN", "route": "/search", "status": 200, "latency_ms": 261, "user_id": "u135", "msg": "ok", "trace_id": "e2a0e262dd12a9d7"}
{"@timestamp": "2026-02-09T16:14:50.940350+00:00", "service": "dummy-backend", "level": "ERROR", "route": "/search", "status": 200, "latency_ms": 387, "user_id": "u056", "msg": "ok", "trace_id": "b0f1b56c65b29742"}
{"@timestamp": "2026-02-09T16:14:51.444267+00:00", "service": "dummy-backend", "level": "INFO", "route": "/logout", "status": 200, "latency_ms": 1047, "user_id": "u066", "msg": "ok", "trace_id": "6a4c12b9983f270b"}
{"@timestamp": "2026-02-09T16:14:51.948555+00:00", "service": "dummy-backend", "level": "INFO", "route": "/search", "status": 200, "latency_ms": 576, "user_id": "u078", "msg": "ok", "trace_id": "49e4aa4b5dc2dcca"}
{"@timestamp": "2026-02-09T16:14:52.451998+00:00", "service": "dummy-backend", "level": "ERROR", "route": "/login", "status": 500, "latency_ms": 718, "user_id": "u119", "msg": "token_expired", "trace_id": "650c1f995cc6b511"}
{"@timestamp": "2026-02-09T16:14:52.955599+00:00", "service": "dummy-backend", "level": "INFO", "route": "/logout", "status": 200, "latency_ms": 289, "user_id": "u032", "msg": "ok", "trace_id": "2890d18d484c2ae1"}
{"@timestamp": "2026-02-09T16:14:53.458286+00:00", "service": "dummy-backend", "level": "INFO", "route": "/checkout", "status": 200, "latency_ms": 14, "user_id": "u152", "msg": "ok", "trace_id": "7a5274187d5b2dd3"}
{"@timestamp": "2026-02-09T16:14:53.962557+00:00", "service": "dummy-backend", "level": "INFO", "route": "/search", "status": 200, "latency_ms": 177, "user_id": "u167", "msg": "ok", "trace_id": "d24aa3234ca44841"}
{"@timestamp": "2026-02-09T16:14:54.465681+00:00", "service": "dummy-backend", "level": "WARN", "route": "/checkout", "status": 422, "latency_ms": 498, "user_id": "u157", "msg": "insufficient_stock", "trace_id": "1b57a7c8b3cfb24d"}
{"@timestamp": "2026-02-09T16:14:54.963176+00:00", "service": "dummy-backend", "level": "INFO", "route": "/logout", "status": 200, "latency_ms": 248, "user_id": "u037", "msg": "ok", "trace_id": "d9c606c6a4e6b056"}
{"@timestamp": "2026-02-09T16:14:55.465955+00:00", "service": "dummy-backend", "level": "INFO", "route": "/checkout", "status": 200, "latency_ms": 752, "user_id": "u092", "msg": "ok", "trace_id": "fefedb35aedafa9d"}
{"@timestamp": "2026-02-09T16:14:55.970001+00:00", "service": "dummy-backend", "level": "INFO", "route": "/logout", "status": 200, "latency_ms": 72, "user_id": "u063", "msg": "ok", "trace_id": "bf6f9e909f70e137"}
{"@timestamp": "2026-02-09T16:14:56.473056+00:00", "service": "dummy-backend", "level": "INFO", "route": "/checkout", "status": 200, "latency_ms": 166, "user_id": "u013", "msg": "ok", "trace_id": "da02bf54762fc3b5"}
{"@timestamp": "2026-02-09T16:14:56.977258+00:00", "service": "dummy-backend", "level": "INFO", "route": "/logout", "status": 200, "latency_ms": 586, "user_id": "u088", "msg": "ok", "trace_id": "8a15a80c44710141"}
{"@timestamp": "2026-02-09T16:14:57.480470+00:00", "service": "dummy-backend", "level": "WARN", "route": "/logout", "status": 200, "latency_ms": 755, "user_id": "u083", "msg": "ok", "trace_id": "d5cae89362a78948"}
{"@timestamp": "2026-02-09T16:14:57.984573+00:00", "service": "dummy-backend", "level": "INFO", "route": "/checkout", "status": 200, "latency_ms": 499, "user_id": "u194", "msg": "ok", "trace_id": "a8cc3f9c7d3750f4"}
{"@timestamp": "2026-02-09T16:14:58.487722+00:00", "service": "dummy-backend", "level": "INFO", "route": "/login", "status": 200, "latency_ms": 279, "user_id": "u084", "msg": "ok", "trace_id": "6dd1a7699ed77e87"}
{"@timestamp": "2026-02-09T16:14:58.991822+00:00", "service": "dummy-backend", "level": "INFO", "route": "/checkout", "status": 200, "latency_ms": 65, "user_id": "u167", "msg": "ok", "trace_id": "ef401344b1d3e756"}
{"@timestamp": "2026-02-09T16:14:59.494645+00:00", "service": "dummy-backend", "level": "INFO", "route": "/profile", "status": 200, "latency_ms": 1164, "user_id": "u167", "msg": "ok", "trace_id": "18b1fd036c58ba35"}
{"@timestamp": "2026-02-09T16:14:59.997140+00:00", "service": "dummy-backend", "level": "INFO", "route": "/login", "status": 200, "latency_ms": 1038, "user_id": "u058", "msg": "ok", "trace_id": "887d37e67e457b3b"}
{"@timestamp": "2026-02-09T16:15:00.499489+00:00", "service": "dummy-backend", "level": "INFO", "route": "/logout", "status": 200, "latency_ms": 691, "user_id": "u081", "msg": "ok", "trace_id": "cb732f3f6da3a16f"}
{"@timestamp": "2026-02-09T16:15:01.002034+00:00", "service": "dummy-backend", "level": "WARN", "route": "/login", "status": 200, "latency_ms": 730, "user_id": "u035", "msg": "ok", "trace_id": "ce6786ffd54758ca"}
{"@timestamp": "2026-02-09T16:15:01.504207+00:00", "service": "dummy-backend", "level": "INFO", "route": "/login", "status": 200, "latency_ms": 824, "user_id": "u146", "msg": "ok", "trace_id": "f88be14c5c297d5a"}
{"@timestamp": "2026-02-09T16:15:02.007324+00:00", "service": "dummy-backend", "level": "INFO", "route": "/profile", "status": 200, "latency_ms": 433, "user_id": "u148", "msg": "ok", "trace_id": "51a9ea9bdc00579f"}
{"@timestamp": "2026-02-09T16:15:02.509934+00:00", "service": "dummy-backend", "level": "INFO", "route": "/checkout", "status": 200, "latency_ms": 1108, "user_id": "u184", "msg": "ok", "trace_id": "47f62bfa302cacfb"}
{"@timestamp": "2026-02-09T16:15:03.013306+00:00", "service": "dummy-backend", "level": "INFO", "route": "/logout", "status": 200, "latency_ms": 492, "user_id": "u027", "msg": "ok", "trace_id": "c64d14d8a52c8586"}
{"@timestamp": "2026-02-09T16:15:03.515928+00:00", "service": "dummy-backend", "level": "INFO", "route": "/search", "status": 200, "latency_ms": 784, "user_id": "u108", "msg": "ok", "trace_id": "606ccc1c91654538"}
{"@timestamp": "2026-02-09T16:15:04.018446+00:00", "service": "dummy-backend", "level": "INFO", "route": "/profile", "status": 200, "latency_ms": 1030, "user_id": "u142", "msg": "ok", "trace_id": "e9e7b066b3a40e1c"}
{"@timestamp": "2026-02-09T16:15:04.520833+00:00", "service": "dummy-backend", "level": "INFO", "route": "/checkout", "status": 200, "latency_ms": 701, "user_id": "u146", "msg": "ok", "trace_id": "27b95a57e7a9a5fb"}
{"@timestamp": "2026-02-09T16:15:05.024453+00:00", "service": "dummy-backend", "level": "INFO", "route": "/checkout", "status": 200, "latency_ms": 1007, "user_id": "u037", "msg": "ok", "trace_id": "23e31514537b2f32"}
{"@timestamp": "2026-02-09T16:15:05.526892+00:00", "service": "dummy-backend", "level": "INFO", "route": "/login", "status": 200, "latency_ms": 1164, "user_id": "u166", "msg": "ok", "trace_id": "a46474c4322782a2"}
{"@timestamp": "2026-02-09T16:15:06.031504+00:00", "service": "dummy-backend", "level": "INFO", "route": "/search", "status": 200, "latency_ms": 309, "user_id": "u168", "msg": "ok", "trace_id": "6de4c50df5fe022e"}
{"@timestamp": "2026-02-09T16:15:06.533831+00:00", "service": "dummy-backend", "level": "WARN", "route": "/profile", "status": 200, "latency_ms": 145, "user_id": "u179", "msg": "ok", "trace_id": "abf7944ed6525271"}
{"@timestamp": "2026-02-09T16:15:07.037651+00:00", "service": "dummy-backend", "level": "INFO", "route": "/login", "status": 200, "latency_ms": 959, "user_id": "u148", "msg": "ok", "trace_id": "cde95a7967f20653"}
{"@timestamp": "2026-02-09T16:15:07.540092+00:00", "service": "dummy-backend", "level": "INFO", "route": "/search", "status": 200, "latency_ms": 415, "user_id": "u021", "msg": "ok", "trace_id": "8ea991c539021c49"}
{"@timestamp": "2026-02-09T16:15:08.043187+00:00", "service": "dummy-backend", "level": "INFO", "route": "/search", "status": 200, "latency_ms": 607, "user_id": "u153", "msg": "ok", "trace_id": "b0dadca6cba9de20"}
{"@timestamp": "2026-02-09T16:15:08.547672+00:00", "service": "dummy-backend", "level": "INFO", "route": "/checkout", "status": 200, "latency_ms": 293, "user_id": "u026", "msg": "ok", "trace_id": "9c69e6ce4771f7e8"}
{"@timestamp": "2026-02-09T16:15:09.049975+00:00", "service": "dummy-backend", "level": "INFO", "route": "/profile", "status": 200, "latency_ms": 53, "user_id": "u001", "msg": "ok", "trace_id": "e6122011159ab98a"}
{"@timestamp": "2026-02-09T16:15:09.552735+00:00", "service": "dummy-backend", "level": "INFO", "route": "/checkout", "status": 200, "latency_ms": 134, "user_id": "u190", "msg": "ok", "trace_id": "716524200c6b2a96"}
{"@timestamp": "2026-02-09T16:15:10.056962+00:00", "service": "dummy-backend", "level": "INFO", "route": "/logout", "status": 200, "latency_ms": 543, "user_id": "u081", "msg": "ok", "trace_id": "e6cd64f1e3b07b9d"}
{"@timestamp": "2026-02-09T16:15:10.560269+00:00", "service": "dummy-backend", "level": "INFO", "route": "/logout", "status": 200, "latency_ms": 37, "user_id": "u033", "msg": "ok", "trace_id": "6cde54b0be6cae7f"}
{"@timestamp": "2026-02-09T16:15:11.062578+00:00", "service": "dummy-backend", "level": "WARN", "route": "/profile", "status": 200, "latency_ms": 894, "user_id": "u086", "msg": "ok", "trace_id": "e2a0fba6393af58e"}
{"@timestamp": "2026-02-09T16:15:11.566081+00:00", "service": "dummy-backend", "level": "INFO", "route": "/checkout", "status": 200, "latency_ms": 734, "user_id": "u069", "msg": "ok", "trace_id": "0a3abdef289fc8db"}
{"@timestamp": "2026-02-09T16:15:12.069935+00:00", "service": "dummy-backend", "level": "INFO", "route": "/checkout", "status": 200, "latency_ms": 134, "user_id": "u142", "msg": "ok", "trace_id": "508718d26823326e"}
{"@timestamp": "2026-02-09T16:15:12.573182+00:00", "service": "dummy-backend", "level": "INFO", "route": "/login", "status": 200, "latency_ms": 518, "user_id": "u190", "msg": "ok", "trace_id": "cec2429c46e0abc1"}
{"@timestamp": "2026-02-09T16:15:13.077227+00:00", "service": "dummy-backend", "level": "INFO", "route": "/search", "status": 200, "latency_ms": 606, "user_id": "u076", "msg": "ok", "trace_id": "75099f008333988a"}
{"@timestamp": "2026-02-09T16:15:13.580949+00:00", "service": "dummy-backend", "level": "INFO", "route": "/checkout", "status": 200, "latency_ms": 40, "user_id": "u016", "msg": "ok", "trace_id": "6c7f0e2dea00368a"}
{"@timestamp": "2026-02-09T16:15:14.084879+00:00", "service": "dummy-backend", "level": "INFO", "route": "/profile", "status": 200, "latency_ms": 551, "user_id": "u025", "msg": "ok", "trace_id": "6ec7547fe88d2b00"}
{"@timestamp": "2026-02-09T16:15:14.587406+00:00", "service": "dummy-backend", "level": "INFO", "route": "/checkout", "status": 200, "latency_ms": 915, "user_id": "u019", "msg": "ok", "trace_id": "639a689f1769c0e0"}
{"@timestamp": "2026-02-09T16:15:15.090195+00:00", "service": "dummy-backend", "level": "WARN", "route": "/checkout", "status": 500, "latency_ms": 995, "user_id": "u149", "msg": "insufficient_stock", "trace_id": "aa815e4ba13d8df9"}
{"@timestamp": "2026-02-09T16:15:15.593763+00:00", "service": "dummy-backend", "level": "INFO", "route": "/search", "status": 200, "latency_ms": 1056, "user_id": "u082", "msg": "ok", "trace_id": "8b20b8d39610998a"}
{"@timestamp": "2026-02-09T16:15:16.096352+00:00", "service": "dummy-backend", "level": "INFO", "route": "/profile", "status": 200, "latency_ms": 118, "user_id": "u169", "msg": "ok", "trace_id": "b6065182c924d398"}
{"@timestamp": "2026-02-09T16:15:16.599956+00:00", "service": "dummy-backend", "level": "INFO", "route": "/search", "status": 200, "latency_ms": 503, "user_id": "u120", "msg": "ok", "trace_id": "56db077e136f386f"}
{"@timestamp": "2026-02-09T16:15:17.102430+00:00", "service": "dummy-backend", "level": "INFO", "route": "/profile", "status": 200, "latency_ms": 614, "user_id": "u146", "msg": "ok", "trace_id": "9f235349c59a461b"}
{"@timestamp": "2026-02-09T16:15:17.605197+00:00", "service": "dummy-backend", "level": "WARN", "route": "/profile", "status": 200, "latency_ms": 373, "user_id": "u004", "msg": "ok", "trace_id": "521148cda7de77cc"}
{"@timestamp": "2026-02-09T16:15:18.109641+00:00", "service": "dummy-backend", "level": "INFO", "route": "/profile", "status": 200, "latency_ms": 946, "user_id": "u072", "msg": "ok", "trace_id": "a25376f33b2c959d"}
{"@timestamp": "2026-02-09T16:15:18.613617+00:00", "service": "dummy-backend", "level": "INFO", "route": "/profile", "status": 200, "latency_ms": 407, "user_id": "u018", "msg": "ok", "trace_id": "ca6a77655fc2a8da"}
{"@timestamp": "2026-02-09T16:15:19.118322+00:00", "service": "dummy-backend", "level": "INFO", "route": "/login", "status": 200, "latency_ms": 47, "user_id": "u104", "msg": "ok", "trace_id": "b0881e53637a44f4"}
{"@timestamp": "2026-02-09T16:15:19.622703+00:00", "service": "dummy-backend", "level": "WARN", "route": "/checkout", "status": 500, "latency_ms": 738, "user_id": "u125", "msg": "gateway_error", "trace_id": "079cffb13b1a5b09"}
{"@timestamp": "2026-02-09T16:15:20.125296+00:00", "service": "dummy-backend", "level": "WARN", "route": "/login", "status": 200, "latency_ms": 804, "user_id": "u052", "msg": "ok", "trace_id": "4748a3918b237352"}
{"@timestamp": "2026-02-09T16:15:20.627796+00:00", "service": "dummy-backend", "level": "INFO", "route": "/search", "status": 200, "latency_ms": 857, "user_id": "u095", "msg": "ok", "trace_id": "b545012a2d588fd2"}
{"@timestamp": "2026-02-09T16:15:21.130880+00:00", "service": "dummy-backend", "level": "INFO", "route": "/login", "status": 200, "latency_ms": 883, "user_id": "u026", "msg": "ok", "trace_id": "8ed437773418ce67"}
{"@timestamp": "2026-02-09T16:15:21.633547+00:00", "service": "dummy-backend", "level": "INFO", "route": "/logout", "status": 200, "latency_ms": 1053, "user_id": "u197", "msg": "ok", "trace_id": "743ddd227a1fe32b"}
{"@timestamp": "2026-02-09T16:15:22.136676+00:00", "service": "dummy-backend", "level": "INFO", "route": "/login", "status": 200, "latency_ms": 761, "user_id": "u024", "msg": "ok", "trace_id": "37700ec4540baf9f"}
{"@timestamp": "2026-02-09T16:15:22.639434+00:00", "service": "dummy-backend", "level": "INFO", "route": "/checkout", "status": 200, "latency_ms": 1035, "user_id": "u029", "msg": "ok", "trace_id": "ffa2802b358a6234"}
{"@timestamp": "2026-02-09T16:15:23.143025+00:00", "service": "dummy-backend", "level": "INFO", "route": "/profile", "status": 200, "latency_ms": 503, "user_id": "u060", "msg": "ok", "trace_id": "7ae0399112990793"}
{"@timestamp": "2026-02-09T16:15:23.646020+00:00", "service": "dummy-backend", "level": "INFO", "route": "/profile", "status": 200, "latency_ms": 527, "user_id": "u142", "msg": "ok", "trace_id": "794bb68ed7638b56"}
{"@timestamp": "2026-02-09T16:15:24.149919+00:00", "service": "dummy-backend", "level": "ERROR", "route": "/login", "status": 500, "latency_ms": 626, "user_id": "u183", "msg": "db_timeout", "trace_id": "0691414ab4aa892b"}
{"@timestamp": "2026-02-09T16:15:24.652231+00:00", "service": "dummy-backend", "level": "INFO", "route": "/logout", "status": 200, "latency_ms": 136, "user_id": "u115", "msg": "ok", "trace_id": "8bc5906c5c739a83"}
{"@timestamp": "2026-02-09T16:15:25.146235+00:00", "service": "dummy-backend", "level": "INFO", "route": "/profile", "status": 200, "latency_ms": 384, "user_id": "u045", "msg": "ok", "trace_id": "52d38d9e4bcd919e"}
{"@timestamp": "2026-02-09T16:15:25.649269+00:00", "service": "dummy-backend", "level": "INFO", "route": "/profile", "status": 200, "latency_ms": 311, "user_id": "u090", "msg": "ok", "trace_id": "4672d25e77ebbd9d"}
{"@timestamp": "2026-02-09T16:15:26.152365+00:00", "service": "dummy-backend", "level": "INFO", "route": "/profile", "status": 200, "latency_ms": 777, "user_id": "u017", "msg": "ok", "trace_id": "41f2c424beb8eb1d"}
{"@timestamp": "2026-02-09T16:15:26.656314+00:00", "service": "dummy-backend", "level": "INFO", "route": "/login", "status": 200, "latency_ms": 1060, "user_id": "u120", "msg": "ok", "trace_id": "1faa7570ba520329"}
{"@timestamp": "2026-02-09T16:15:27.158818+00:00", "service": "dummy-backend", "level": "INFO", "route": "/search", "status": 200, "latency_ms": 739, "user_id": "u026", "msg": "ok", "trace_id": "bc388285996ef22d"}
{"@timestamp": "2026-02-09T16:15:27.661337+00:00", "service": "dummy-backend", "level": "INFO", "route": "/search", "status": 200, "latency_ms": 359, "user_id": "u108", "msg": "ok", "trace_id": "935aafb6e37e4fb6"}
{"@timestamp": "2026-02-09T16:15:28.164889+00:00", "service": "dummy-backend", "level": "INFO", "route": "/search", "status": 200, "latency_ms": 1172, "user_id": "u040", "msg": "ok", "trace_id": "26e583a3b41f3726"}
{"@timestamp": "2026-02-09T16:15:28.668240+00:00", "service": "dummy-backend", "level": "INFO", "route": "/checkout", "status": 200, "latency_ms": 483, "user_id": "u152", "msg": "ok", "trace_id": "47b69a47ff257872"}
{"@timestamp": "2026-02-09T16:15:29.171181+00:00", "service": "dummy-backend", "level": "INFO", "route": "/search", "status": 200, "latency_ms": 906, "user_id": "u125", "msg": "ok", "trace_id": "86bbd728ca8e204f"}
{"@timestamp": "2026-02-09T16:15:29.673773+00:00", "service": "dummy-backend", "level": "INFO", "route": "/logout", "status": 200, "latency_ms": 281, "user_id": "u012", "msg": "ok", "trace_id": "7e65d24f97aa957f"}
{"@timestamp": "2026-02-09T16:15:30.176639+00:00", "service": "dummy-backend", "level": "INFO", "route": "/profile", "status": 200, "latency_ms": 317, "user_id": "u166", "msg": "ok", "trace_id": "0edbcdc8ad191dbc"}
{"@timestamp": "2026-02-09T16:15:30.679973+00:00", "service": "dummy-backend", "level": "INFO", "route": "/login", "status": 200, "latency_ms": 528, "user_id": "u015", "msg": "ok", "trace_id": "04bf85cf2fef7a22"}
{"@timestamp": "2026-02-09T16:15:31.182338+00:00", "service": "dummy-backend", "level": "INFO", "route": "/logout", "status": 200, "latency_ms": 386, "user_id": "u117", "msg": "ok", "trace_id": "b95d62dd84257cae"}
{"@timestamp": "2026-02-09T16:15:31.685572+00:00", "service": "dummy-backend", "level": "INFO", "route": "/checkout", "status": 200, "latency_ms": 431, "user_id": "u188", "msg": "ok", "trace_id": "86a96c905072ab17"}
{"@timestamp": "2026-02-09T16:15:32.188852+00:00", "service": "dummy-backend", "level": "INFO", "route": "/profile", "status": 200, "latency_ms": 68, "user_id": "u107", "msg": "ok", "trace_id": "f8e86797c27092dd"}
{"@timestamp": "2026-02-09T16:15:32.691383+00:00", "service": "dummy-backend", "level": "INFO", "route": "/checkout", "status": 200, "latency_ms": 575, "user_id": "u058", "msg": "ok", "trace_id": "427d65c7016a83ba"}
{"@timestamp": "2026-02-09T16:15:33.194321+00:00", "service": "dummy-backend", "level": "WARN", "route": "/checkout", "status": 422, "latency_ms": 133, "user_id": "u115", "msg": "insufficient_stock", "trace_id": "aa8869c363304bd5"}
{"@timestamp": "2026-02-09T16:15:33.696743+00:00", "service": "dummy-backend", "level": "WARN", "route": "/checkout", "status": 500, "latency_ms": 8, "user_id": "u090", "msg": "insufficient_stock", "trace_id": "503660cfb3afc4fc"}
{"@timestamp": "2026-02-09T16:15:34.199197+00:00", "service": "dummy-backend", "level": "INFO", "route": "/logout", "status": 200, "latency_ms": 1076, "user_id": "u085", "msg": "ok", "trace_id": "a106f0bed963268b"}
{"@timestamp": "2026-02-09T16:15:34.701743+00:00", "service": "dummy-backend", "level": "INFO", "route": "/login", "status": 200, "latency_ms": 282, "user_id": "u106", "msg": "ok", "trace_id": "15525ce0cfdd631d"}
{"@timestamp": "2026-02-09T16:15:35.205058+00:00", "service": "dummy-backend", "level": "INFO", "route": "/search", "status": 200, "latency_ms": 982, "user_id": "u127", "msg": "ok", "trace_id": "7a46fe650d1f3fa9"}
{"@timestamp": "2026-02-09T16:15:35.707988+00:00", "service": "dummy-backend", "level": "INFO", "route": "/login", "status": 200, "latency_ms": 207, "user_id": "u095", "msg": "ok", "trace_id": "2e0374364fdbe6b9"}
{"@timestamp": "2026-02-09T16:15:36.211129+00:00", "service": "dummy-backend", "level": "INFO", "route": "/logout", "status": 200, "latency_ms": 361, "user_id": "u128", "msg": "ok", "trace_id": "5d13eda52af7955e"}
{"@timestamp": "2026-02-09T16:15:36.714139+00:00", "service": "dummy-backend", "level": "WARN", "route": "/checkout", "status": 409, "latency_ms": 1134, "user_id": "u180", "msg": "gateway_error", "trace_id": "b964325dcbd24129"}
{"@timestamp": "2026-02-09T16:15:37.217446+00:00", "service": "dummy-backend", "level": "INFO", "route": "/checkout", "status": 200, "latency_ms": 626, "user_id": "u019", "msg": "ok", "trace_id": "266769570f0612e0"}
{"@timestamp": "2026-02-09T16:15:37.720956+00:00", "service": "dummy-backend", "level": "INFO", "route": "/search", "status": 200, "latency_ms": 1193, "user_id": "u053", "msg": "ok", "trace_id": "a5ad28daf6a03c97"}
{"@timestamp": "2026-02-09T16:15:38.224414+00:00", "service": "dummy-backend", "level": "WARN", "route": "/login", "status": 200, "latency_ms": 702, "user_id": "u192", "msg": "ok", "trace_id": "b01ad12944f49fc4"}
{"@timestamp": "2026-02-09T16:15:38.727003+00:00", "service": "dummy-backend", "level": "INFO", "route": "/search", "status": 200, "latency_ms": 905, "user_id": "u096", "msg": "ok", "trace_id": "58517e8373ed0d01"}
{"@timestamp": "2026-02-09T16:15:39.230181+00:00", "service": "dummy-backend", "level": "INFO", "route": "/checkout", "status": 200, "latency_ms": 76, "user_id": "u034", "msg": "ok", "trace_id": "149cd0c0316326b6"}
{"@timestamp": "2026-02-09T16:15:39.732801+00:00", "service": "dummy-backend", "level": "INFO", "route": "/search", "status": 200, "latency_ms": 663, "user_id": "u008", "msg": "ok", "trace_id": "b8b446d4facb7729"}
{"@timestamp": "2026-02-09T16:15:40.236856+00:00", "service": "dummy-backend", "level": "INFO", "route": "/logout", "status": 200, "latency_ms": 862, "user_id": "u176", "msg": "ok", "trace_id": "6fe14fe2a4493e2d"}
{"@timestamp": "2026-02-09T16:15:40.739574+00:00", "service": "dummy-backend", "level": "INFO", "route": "/search", "status": 200, "latency_ms": 755, "user_id": "u012", "msg": "ok", "trace_id": "a42e5ffa40ee5caa"}
{"@timestamp": "2026-02-09T16:15:41.243242+00:00", "service": "dummy-backend", "level": "INFO", "route": "/login", "status": 200, "latency_ms": 782, "user_id": "u155", "msg": "ok", "trace_id": "b006b9bb4d202336"}
{"@timestamp": "2026-02-09T16:15:41.746672+00:00", "service": "dummy-backend", "level": "INFO", "route": "/login", "status": 200, "latency_ms": 1058, "user_id": "u175", "msg": "ok", "trace_id": "2cc2b505b00e1883"}
{"@timestamp": "2026-02-09T16:15:42.250626+00:00", "service": "dummy-backend", "level": "INFO", "route": "/login", "status": 200, "latency_ms": 699, "user_id": "u011", "msg": "ok", "trace_id": "0f45e2f7ee8c399d"}
{"@timestamp": "2026-02-09T16:15:42.752683+00:00", "service": "dummy-backend", "level": "INFO", "route": "/checkout", "status": 200, "latency_ms": 433, "user_id": "u189", "msg": "ok", "trace_id": "2ec54b724e91a9e7"}
{"@timestamp": "2026-02-09T16:15:43.254832+00:00", "service": "dummy-backend", "level": "ERROR", "route": "/login", "status": 500, "latency_ms": 297, "user_id": "u093", "msg": "token_expired", "trace_id": "c33fe6dc1fb4e4e8"}
{"@timestamp": "2026-02-09T16:15:43.759745+00:00", "service": "dummy-backend", "level": "INFO", "route": "/login", "status": 200, "latency_ms": 426, "user_id": "u067", "msg": "ok", "trace_id": "58bb18371876bf0a"}
{"@timestamp": "2026-02-09T16:15:44.262755+00:00", "service": "dummy-backend", "level": "INFO", "route": "/checkout", "status": 200, "latency_ms": 721, "user_id": "u140", "msg": "ok", "trace_id": "64168b3db07fd1a3"}
{"@timestamp": "2026-02-09T16:15:44.765778+00:00", "service": "dummy-backend", "level": "INFO", "route": "/logout", "status": 200, "latency_ms": 556, "user_id": "u006", "msg": "ok", "trace_id": "fe38795aa967154c"}
{"@timestamp": "2026-02-09T16:15:45.269785+00:00", "service": "dummy-backend", "level": "INFO", "route": "/profile", "status": 200, "latency_ms": 857, "user_id": "u002", "msg": "ok", "trace_id": "d99b40b570f008d9"}
{"@timestamp": "2026-02-09T16:15:45.773047+00:00", "service": "dummy-backend", "level": "INFO", "route": "/checkout", "status": 200, "latency_ms": 864, "user_id": "u080", "msg": "ok", "trace_id": "db439305f970add3"}
{"@timestamp": "2026-02-09T16:15:46.276481+00:00", "service": "dummy-backend", "level": "INFO", "route": "/search", "status": 200, "latency_ms": 1151, "user_id": "u196", "msg": "ok", "trace_id": "e74a554639673c5a"}
{"@timestamp": "2026-02-09T16:15:46.779104+00:00", "service": "dummy-backend", "level": "ERROR", "route": "/profile", "status": 200, "latency_ms": 561, "user_id": "u128", "msg": "ok", "trace_id": "316df7b81c6db399"}
{"@timestamp": "2026-02-09T16:15:47.281352+00:00", "service": "dummy-backend", "level": "INFO", "route": "/profile", "status": 200, "latency_ms": 181, "user_id": "u016", "msg": "ok", "trace_id": "c7bb50998aa39d56"}
{"@timestamp": "2026-02-09T16:15:47.784296+00:00", "service": "dummy-backend", "level": "INFO", "route": "/profile", "status": 200, "latency_ms": 61, "user_id": "u012", "msg": "ok", "trace_id": "17e0b98b7b38a426"}
{"@timestamp": "2026-02-09T16:15:48.287356+00:00", "service": "dummy-backend", "level": "WARN", "route": "/search", "status": 200, "latency_ms": 370, "user_id": "u021", "msg": "ok", "trace_id": "f4ddb092b3f94ec7"}
{"@timestamp": "2026-02-09T16:15:48.790430+00:00", "service": "dummy-backend", "level": "INFO", "route": "/profile", "status": 200, "latency_ms": 871, "user_id": "u114", "msg": "ok", "trace_id": "e438e3a32e6d07ef"}
{"@timestamp": "2026-02-09T16:15:49.292993+00:00", "service": "dummy-backend", "level": "INFO", "route": "/search", "status": 200, "latency_ms": 636, "user_id": "u096", "msg": "ok", "trace_id": "06dfb90532709d24"}
{"@timestamp": "2026-02-09T16:15:49.796699+00:00", "service": "dummy-backend", "level": "WARN", "route": "/checkout", "status": 422, "latency_ms": 1192, "user_id": "u068", "msg": "payment_retry", "trace_id": "9a55865cde43254b"}
{"@timestamp": "2026-02-09T16:15:50.299376+00:00", "service": "dummy-backend", "level": "INFO", "route": "/search", "status": 200, "latency_ms": 478, "user_id": "u175", "msg": "ok", "trace_id": "19047a3c2080d7d3"}
{"@timestamp": "2026-02-09T16:15:50.802370+00:00", "service": "dummy-backend", "level": "INFO", "route": "/search", "status": 200, "latency_ms": 990, "user_id": "u076", "msg": "ok", "trace_id": "b56754c59d378791"}
{"@timestamp": "2026-02-09T16:15:51.305471+00:00", "service": "dummy-backend", "level": "INFO", "route": "/login", "status": 200, "latency_ms": 65, "user_id": "u073", "msg": "ok", "trace_id": "00d0e93bdbbc7e0d"}
{"@timestamp": "2026-02-09T16:15:51.808283+00:00", "service": "dummy-backend", "level": "INFO", "route": "/checkout", "status": 200, "latency_ms": 265, "user_id": "u118", "msg": "ok", "trace_id": "44c52f8830866fd1"}
{"@timestamp": "2026-02-09T16:15:52.310430+00:00", "service": "dummy-backend", "level": "INFO", "route": "/checkout", "status": 200, "latency_ms": 608, "user_id": "u161", "msg": "ok", "trace_id": "8d2f54fbdf5cc507"}
{"@timestamp": "2026-02-09T16:15:52.813745+00:00", "service": "dummy-backend", "level": "INFO", "route": "/login", "status": 200, "latency_ms": 406, "user_id": "u086", "msg": "ok", "trace_id": "72ba19b9b74e41f6"}
{"@timestamp": "2026-02-09T16:15:53.317601+00:00", "service": "dummy-backend", "level": "INFO", "route": "/logout", "status": 200, "latency_ms": 958, "user_id": "u013", "msg": "ok", "trace_id": "892bae4c908d54b5"}
{"@timestamp": "2026-02-09T16:15:53.820290+00:00", "service": "dummy-backend", "level": "WARN", "route": "/login", "status": 200, "latency_ms": 376, "user_id": "u157", "msg": "ok", "trace_id": "e54d3a576d91535b"}
{"@timestamp": "2026-02-09T16:15:54.323578+00:00", "service": "dummy-backend", "level": "INFO", "route": "/checkout", "status": 200, "latency_ms": 182, "user_id": "u170", "msg": "ok", "trace_id": "2ae79afe26dc77b6"}
{"@timestamp": "2026-02-09T16:15:54.823632+00:00", "service": "dummy-backend", "level": "INFO", "route": "/checkout", "status": 200, "latency_ms": 842, "user_id": "u014", "msg": "ok", "trace_id": "8dea4745bd283d0f"}
{"@timestamp": "2026-02-09T16:15:55.326455+00:00", "service": "dummy-backend", "level": "INFO", "route": "/logout", "status": 200, "latency_ms": 217, "user_id": "u022", "msg": "ok", "trace_id": "541a78f9b939e758"}
{"@timestamp": "2026-02-09T16:15:55.829890+00:00", "service": "dummy-backend", "level": "INFO", "route": "/profile", "status": 200, "latency_ms": 835, "user_id": "u144", "msg": "ok", "trace_id": "d90636e61ce8fc51"}
{"@timestamp": "2026-02-09T16:15:56.333177+00:00", "service": "dummy-backend", "level": "INFO", "route": "/profile", "status": 200, "latency_ms": 462, "user_id": "u147", "msg": "ok", "trace_id": "dd94aaf178d785b7"}
{"@timestamp": "2026-02-09T16:15:56.835631+00:00", "service": "dummy-backend", "level": "INFO", "route": "/search", "status": 200, "latency_ms": 550, "user_id": "u077", "msg": "ok", "trace_id": "2ba5a183f24bee2e"}
{"@timestamp": "2026-02-09T16:15:57.338007+00:00", "service": "dummy-backend", "level": "INFO", "route": "/login", "status": 200, "latency_ms": 993, "user_id": "u043", "msg": "ok", "trace_id": "046e02fb54942019"}
{"@timestamp": "2026-02-09T16:15:57.841162+00:00", "service": "dummy-backend", "level": "INFO", "route": "/checkout", "status": 200, "latency_ms": 589, "user_id": "u126", "msg": "ok", "trace_id": "755ce238fdc1484d"}
{"@timestamp": "2026-02-09T16:15:58.343798+00:00", "service": "dummy-backend", "level": "WARN", "route": "/logout", "status": 200, "latency_ms": 687, "user_id": "u153", "msg": "ok", "trace_id": "1b601bc9edfb47dc"}
{"@timestamp": "2026-02-09T16:15:58.846200+00:00", "service": "dummy-backend", "level": "INFO", "route": "/logout", "status": 200, "latency_ms": 212, "user_id": "u066", "msg": "ok", "trace_id": "f5433ebb4c5242ac"}
{"@timestamp": "2026-02-09T16:15:59.348615+00:00", "service": "dummy-backend", "level": "INFO", "route": "/logout", "status": 200, "latency_ms": 1177, "user_id": "u178", "msg": "ok", "trace_id": "4a124c37151b5d4d"}
{"@timestamp": "2026-02-09T16:15:59.850912+00:00", "service": "dummy-backend", "level": "INFO", "route": "/login", "status": 200, "latency_ms": 567, "user_id": "u067", "msg": "ok", "trace_id": "7dd1bb3701080cfa"}
{"@timestamp": "2026-02-09T16:16:00.354252+00:00", "service": "dummy-backend", "level": "INFO", "route": "/checkout", "status": 200, "latency_ms": 1190, "user_id": "u116", "msg": "ok", "trace_id": "c07e9d6d7983408c"}
{"@timestamp": "2026-02-09T16:16:00.857723+00:00", "service": "dummy-backend", "level": "INFO", "route": "/checkout", "status": 200, "latency_ms": 568, "user_id": "u032", "msg": "ok", "trace_id": "ecec8407820c9df4"}
{"@timestamp": "2026-02-09T16:16:01.360351+00:00", "service": "dummy-backend", "level": "INFO", "route": "/search", "status": 200, "latency_ms": 455, "user_id": "u090", "msg": "ok", "trace_id": "ce9828a868296d26"}
{"@timestamp": "2026-02-09T16:16:01.863281+00:00", "service": "dummy-backend", "level": "INFO", "route": "/login", "status": 200, "latency_ms": 835, "user_id": "u167", "msg": "ok", "trace_id": "d0d53f8b961f840b"}
{"@timestamp": "2026-02-09T16:16:02.367148+00:00", "service": "dummy-backend", "level": "INFO", "route": "/search", "status": 200, "latency_ms": 227, "user_id": "u183", "msg": "ok", "trace_id": "9fcc6042dfe47ea4"}
{"@timestamp": "2026-02-09T16:16:02.870058+00:00", "service": "dummy-backend", "level": "INFO", "route": "/logout", "status": 200, "latency_ms": 409, "user_id": "u101", "msg": "ok", "trace_id": "7842494554858076"}
{"@timestamp": "2026-02-09T16:16:03.373192+00:00", "service": "dummy-backend", "level": "INFO", "route": "/search", "status": 200, "latency_ms": 1183, "user_id": "u073", "msg": "ok", "trace_id": "8ed1016cee3eefab"}
{"@timestamp": "2026-02-09T16:16:03.876113+00:00", "service": "dummy-backend", "level": "INFO", "route": "/login", "status": 200, "latency_ms": 669, "user_id": "u186", "msg": "ok", "trace_id": "4077e27572907732"}
{"@timestamp": "2026-02-09T16:16:04.378823+00:00", "service": "dummy-backend", "level": "INFO", "route": "/checkout", "status": 200, "latency_ms": 386, "user_id": "u039", "msg": "ok", "trace_id": "9c7d0120451f3d9e"}
{"@timestamp": "2026-02-09T16:16:04.881705+00:00", "service": "dummy-backend", "level": "ERROR", "route": "/logout", "status": 200, "latency_ms": 703, "user_id": "u059", "msg": "ok", "trace_id": "62019ebd6f43d45e"}
{"@timestamp": "2026-02-09T16:16:05.385724+00:00", "service": "dummy-backend", "level": "INFO", "route": "/checkout", "status": 200, "latency_ms": 743, "user_id": "u197", "msg": "ok", "trace_id": "25f617b927eb6f53"}
{"@timestamp": "2026-02-09T16:16:05.888251+00:00", "service": "dummy-backend", "level": "ERROR", "route": "/logout", "status": 200, "latency_ms": 570, "user_id": "u134", "msg": "ok", "trace_id": "b8d3704d8b262473"}
{"@timestamp": "2026-02-09T16:16:06.391348+00:00", "service": "dummy-backend", "level": "INFO", "route": "/login", "status": 200, "latency_ms": 82, "user_id": "u038", "msg": "ok", "trace_id": "a3c1dad07a0fa162"}
{"@timestamp": "2026-02-09T16:16:06.894214+00:00", "service": "dummy-backend", "level": "INFO", "route": "/logout", "status": 200, "latency_ms": 84, "user_id": "u144", "msg": "ok", "trace_id": "59ee8095522da741"}
{"@timestamp": "2026-02-09T16:16:07.397377+00:00", "service": "dummy-backend", "level": "INFO", "route": "/profile", "status": 200, "latency_ms": 895, "user_id": "u037", "msg": "ok", "trace_id": "1f2aeb5be8e337ac"}
{"@timestamp": "2026-02-09T16:16:07.900281+00:00", "service": "dummy-backend", "level": "ERROR", "route": "/login", "status": 403, "latency_ms": 447, "user_id": "u136", "msg": "invalid_password", "trace_id": "8473eadc0cbc138c"}
{"@timestamp": "2026-02-09T16:16:08.403650+00:00", "service": "dummy-backend", "level": "INFO", "route": "/logout", "status": 200, "latency_ms": 405, "user_id": "u170", "msg": "ok", "trace_id": "0c1b165c1ee8cb75"}
{"@timestamp": "2026-02-09T16:16:08.907627+00:00", "service": "dummy-backend", "level": "INFO", "route": "/logout", "status": 200, "latency_ms": 644, "user_id": "u159", "msg": "ok", "trace_id": "798031774846283a"}
{"@timestamp": "2026-02-09T16:16:09.410256+00:00", "service": "dummy-backend", "level": "INFO", "route": "/checkout", "status": 200, "latency_ms": 1139, "user_id": "u039", "msg": "ok", "trace_id": "4a2f4b1b998cbac1"}
{"@timestamp": "2026-02-09T16:16:09.913658+00:00", "service": "dummy-backend", "level": "INFO", "route": "/checkout", "status": 200, "latency_ms": 641, "user_id": "u165", "msg": "ok", "trace_id": "602aefde6ddad2de"}
{"@timestamp": "2026-02-09T16:16:10.416277+00:00", "service": "dummy-backend", "level": "INFO", "route": "/login", "status": 200, "latency_ms": 767, "user_id": "u094", "msg": "ok", "trace_id": "241ef7c71888ae2f"}
{"@timestamp": "2026-02-09T16:16:10.919036+00:00", "service": "dummy-backend", "level": "INFO", "route": "/login", "status": 200, "latency_ms": 688, "user_id": "u187", "msg": "ok", "trace_id": "6410252b864bcccd"}
{"@timestamp": "2026-02-09T16:16:11.422025+00:00", "service": "dummy-backend", "level": "INFO", "route": "/profile", "status": 200, "latency_ms": 418, "user_id": "u193", "msg": "ok", "trace_id": "04aff455307ddfa2"}
{"@timestamp": "2026-02-09T16:16:11.924724+00:00", "service": "dummy-backend", "level": "INFO", "route": "/checkout", "status": 200, "latency_ms": 781, "user_id": "u146", "msg": "ok", "trace_id": "989af4c87743b42d"}
{"@timestamp": "2026-02-09T16:16:12.427850+00:00", "service": "dummy-backend", "level": "INFO", "route": "/login", "status": 200, "latency_ms": 894, "user_id": "u173", "msg": "ok", "trace_id": "e8801421af9aa710"}
{"@timestamp": "2026-02-09T16:16:12.930359+00:00", "service": "dummy-backend", "level": "INFO", "route": "/checkout", "status": 200, "latency_ms": 329, "user_id": "u013", "msg": "ok", "trace_id": "b20a433d75e05083"}
{"@timestamp": "2026-02-09T16:16:13.433072+00:00", "service": "dummy-backend", "level": "INFO", "route": "/logout", "status": 200, "latency_ms": 89, "user_id": "u013", "msg": "ok", "trace_id": "49c7c36ab4f557ac"}
{"@timestamp": "2026-02-09T16:16:13.935739+00:00", "service": "dummy-backend", "level": "INFO", "route": "/checkout", "status": 200, "latency_ms": 332, "user_id": "u193", "msg": "ok", "trace_id": "7ecd6b86e2efdbe6"}
{"@timestamp": "2026-02-09T16:16:14.438881+00:00", "service": "dummy-backend", "level": "INFO", "route": "/checkout", "status": 200, "latency_ms": 29, "user_id": "u077", "msg": "ok", "trace_id": "fc19eece20526ada"}
{"@timestamp": "2026-02-09T16:16:14.941786+00:00", "service": "dummy-backend", "level": "INFO", "route": "/logout", "status": 200, "latency_ms": 989, "user_id": "u200", "msg": "ok", "trace_id": "43f436f0cc29812e"}
{"@timestamp": "2026-02-09T16:16:15.444269+00:00", "service": "dummy-backend", "level": "INFO", "route": "/login", "status": 200, "latency_ms": 38, "user_id": "u133", "msg": "ok", "trace_id": "bc830b9e81b4296c"}
{"@timestamp": "2026-02-09T16:16:15.946862+00:00", "service": "dummy-backend", "level": "INFO", "route": "/profile", "status": 200, "latency_ms": 509, "user_id": "u196", "msg": "ok", "trace_id": "c9496161d2207754"}
{"@timestamp": "2026-02-09T16:16:16.450333+00:00", "service": "dummy-backend", "level": "INFO", "route": "/search", "status": 200, "latency_ms": 667, "user_id": "u028", "msg": "ok", "trace_id": "b2b3b295bc4dd34e"}
{"@timestamp": "2026-02-09T16:16:16.952818+00:00", "service": "dummy-backend", "level": "ERROR", "route": "/checkout", "status": 500, "latency_ms": 326, "user_id": "u020", "msg": "gateway_error", "trace_id": "f2f321fe37edf41d"}
{"@timestamp": "2026-02-09T16:16:17.455604+00:00", "service": "dummy-backend", "level": "WARN", "route": "/search", "status": 200, "latency_ms": 270, "user_id": "u133", "msg": "ok", "trace_id": "22c4f6f782a47dc7"}
{"@timestamp": "2026-02-09T16:16:17.958593+00:00", "service": "dummy-backend", "level": "INFO", "route": "/search", "status": 200, "latency_ms": 802, "user_id": "u013", "msg": "ok", "trace_id": "6db375d87b4dabb0"}
{"@timestamp": "2026-02-09T16:16:18.461570+00:00", "service": "dummy-backend", "level": "INFO", "route": "/checkout", "status": 200, "latency_ms": 995, "user_id": "u134", "msg": "ok", "trace_id": "cf33aff8b980e92c"}
{"@timestamp": "2026-02-09T16:16:18.964114+00:00", "service": "dummy-backend", "level": "WARN", "route": "/profile", "status": 200, "latency_ms": 462, "user_id": "u011", "msg": "ok", "trace_id": "c7407d0f66cf2cc7"}
{"@timestamp": "2026-02-09T16:16:19.466882+00:00", "service": "dummy-backend", "level": "INFO", "route": "/logout", "status": 200, "latency_ms": 211, "user_id": "u118", "msg": "ok", "trace_id": "d9d85c592161e01e"}
{"@timestamp": "2026-02-09T16:16:19.970122+00:00", "service": "dummy-backend", "level": "INFO", "route": "/profile", "status": 200, "latency_ms": 262, "user_id": "u158", "msg": "ok", "trace_id": "bbf46d0c9dfeac94"}
{"@timestamp": "2026-02-09T16:16:20.473350+00:00", "service": "dummy-backend", "level": "INFO", "route": "/profile", "status": 200, "latency_ms": 1029, "user_id": "u160", "msg": "ok", "trace_id": "bb3df4ed4d833fa8"}
{"@timestamp": "2026-02-09T16:16:20.977399+00:00", "service": "dummy-backend", "level": "INFO", "route": "/search", "status": 200, "latency_ms": 411, "user_id": "u139", "msg": "ok", "trace_id": "aa424ef9c27ae646"}
{"@timestamp": "2026-02-09T16:16:21.480986+00:00", "service": "dummy-backend", "level": "INFO", "route": "/logout", "status": 200, "latency_ms": 104, "user_id": "u094", "msg": "ok", "trace_id": "87be148fe8f66ea9"}
{"@timestamp": "2026-02-09T16:16:21.984441+00:00", "service": "dummy-backend", "level": "INFO", "route": "/checkout", "status": 200, "latency_ms": 1077, "user_id": "u193", "msg": "ok", "trace_id": "6eb71cda7b7d233c"}
{"@timestamp": "2026-02-09T16:16:22.487162+00:00", "service": "dummy-backend", "level": "INFO", "route": "/login", "status": 200, "latency_ms": 168, "user_id": "u183", "msg": "ok", "trace_id": "bfea295c6e09e48a"}
{"@timestamp": "2026-02-09T16:16:22.990034+00:00", "service": "dummy-backend", "level": "INFO", "route": "/search", "status": 200, "latency_ms": 1179, "user_id": "u170", "msg": "ok", "trace_id": "b71084be7ac386b5"}
{"@timestamp": "2026-02-09T16:16:23.493234+00:00", "service": "dummy-backend", "level": "INFO", "route": "/checkout", "status": 200, "latency_ms": 42, "user_id": "u130", "msg": "ok", "trace_id": "87c7f81af5a68296"}
{"@timestamp": "2026-02-09T16:16:23.995599+00:00", "service": "dummy-backend", "level": "INFO", "route": "/profile", "status": 200, "latency_ms": 609, "user_id": "u081", "msg": "ok", "trace_id": "54bb12dc0fdd3842"}
{"@timestamp": "2026-02-09T16:16:24.498357+00:00", "service": "dummy-backend", "level": "INFO", "route": "/profile", "status": 200, "latency_ms": 620, "user_id": "u114", "msg": "ok", "trace_id": "010269dd742b75e2"}
{"@timestamp": "2026-02-09T16:16:24.995518+00:00", "service": "dummy-backend", "level": "INFO", "route": "/logout", "status": 200, "latency_ms": 549, "user_id": "u106", "msg": "ok", "trace_id": "e7f94d10c54704cb"}
{"@timestamp": "2026-02-09T16:16:25.499112+00:00", "service": "dummy-backend", "level": "INFO", "route": "/logout", "status": 200, "latency_ms": 99, "user_id": "u021", "msg": "ok", "trace_id": "a0c8ea93e8b15ec4"}
{"@timestamp": "2026-02-09T16:16:26.002510+00:00", "service": "dummy-backend", "level": "WARN", "route": "/profile", "status": 200, "latency_ms": 35, "user_id": "u162", "msg": "ok", "trace_id": "732488599300aa3d"}
{"@timestamp": "2026-02-09T16:16:26.504941+00:00", "service": "dummy-backend", "level": "WARN", "route": "/profile", "status": 200, "latency_ms": 676, "user_id": "u169", "msg": "ok", "trace_id": "b51e326e5325a461"}
{"@timestamp": "2026-02-09T16:16:27.008207+00:00", "service": "dummy-backend", "level": "ERROR", "route": "/login", "status": 403, "latency_ms": 374, "user_id": "u099", "msg": "invalid_password", "trace_id": "0b91ca86e113cec1"}
{"@timestamp": "2026-02-09T16:16:27.512334+00:00", "service": "dummy-backend", "level": "INFO", "route": "/login", "status": 200, "latency_ms": 1175, "user_id": "u048", "msg": "ok", "trace_id": "2eda0aebba12c749"}
{"@timestamp": "2026-02-09T16:16:28.018947+00:00", "service": "dummy-backend", "level": "ERROR", "route": "/logout", "status": 200, "latency_ms": 100, "user_id": "u161", "msg": "ok", "trace_id": "0e015ba22ee4e018"}
{"@timestamp": "2026-02-09T16:16:28.522190+00:00", "service": "dummy-backend", "level": "INFO", "route": "/profile", "status": 200, "latency_ms": 56, "user_id": "u095", "msg": "ok", "trace_id": "8937b6e741a01b07"}
{"@timestamp": "2026-02-09T16:16:29.025826+00:00", "service": "dummy-backend", "level": "INFO", "route": "/logout", "status": 200, "latency_ms": 481, "user_id": "u047", "msg": "ok", "trace_id": "d84fee35ff1bfe47"}
{"@timestamp": "2026-02-09T16:16:29.528914+00:00", "service": "dummy-backend", "level": "INFO", "route": "/search", "status": 200, "latency_ms": 544, "user_id": "u100", "msg": "ok", "trace_id": "98ec6386cbe5adcb"}
{"@timestamp": "2026-02-09T16:16:30.031817+00:00", "service": "dummy-backend", "level": "WARN", "route": "/checkout", "status": 422, "latency_ms": 590, "user_id": "u183", "msg": "gateway_error", "trace_id": "339573a834cd7187"}
{"@timestamp": "2026-02-09T16:16:30.534494+00:00", "service": "dummy-backend", "level": "INFO", "route": "/login", "status": 200, "latency_ms": 901, "user_id": "u178", "msg": "ok", "trace_id": "e690bc41c53660fc"}
{"@timestamp": "2026-02-09T16:16:31.037131+00:00", "service": "dummy-backend", "level": "INFO", "route": "/checkout", "status": 200, "latency_ms": 350, "user_id": "u135", "msg": "ok", "trace_id": "20c5019ab0db6951"}
{"@timestamp": "2026-02-09T16:16:31.539477+00:00", "service": "dummy-backend", "level": "INFO", "route": "/login", "status": 200, "latency_ms": 970, "user_id": "u176", "msg": "ok", "trace_id": "bf5d266f70f8e0f7"}
{"@timestamp": "2026-02-09T16:16:32.042528+00:00", "service": "dummy-backend", "level": "INFO", "route": "/checkout", "status": 200, "latency_ms": 16, "user_id": "u020", "msg": "ok", "trace_id": "f56248cbaefa604f"}
{"@timestamp": "2026-02-09T16:16:32.546434+00:00", "service": "dummy-backend", "level": "INFO", "route": "/logout", "status": 200, "latency_ms": 644, "user_id": "u124", "msg": "ok", "trace_id": "f9b900e302381f18"}
{"@timestamp": "2026-02-09T16:16:33.050110+00:00", "service": "dummy-backend", "level": "INFO", "route": "/login", "status": 200, "latency_ms": 865, "user_id": "u100", "msg": "ok", "trace_id": "0f86784745da08a6"}
{"@timestamp": "2026-02-09T16:16:33.553820+00:00", "service": "dummy-backend", "level": "ERROR", "route": "/checkout", "status": 500, "latency_ms": 758, "user_id": "u030", "msg": "payment_retry", "trace_id": "a97fd968f328f975"}
{"@timestamp": "2026-02-09T16:16:34.057098+00:00", "service": "dummy-backend", "level": "INFO", "route": "/search", "status": 200, "latency_ms": 764, "user_id": "u017", "msg": "ok", "trace_id": "1fe9c3153dfc9dd8"}
{"@timestamp": "2026-02-09T16:16:34.560122+00:00", "service": "dummy-backend", "level": "INFO", "route": "/search", "status": 200, "latency_ms": 355, "user_id": "u153", "msg": "ok", "trace_id": "5c7ff589d0f5d20f"}
{"@timestamp": "2026-02-09T16:16:35.063061+00:00", "service": "dummy-backend", "level": "INFO", "route": "/login", "status": 200, "latency_ms": 1067, "user_id": "u082", "msg": "ok", "trace_id": "1572e11bfcb3ea78"}
{"@timestamp": "2026-02-09T16:16:35.566035+00:00", "service": "dummy-backend", "level": "INFO", "route": "/login", "status": 200, "latency_ms": 1059, "user_id": "u042", "msg": "ok", "trace_id": "801b5fadf4a37baa"}
{"@timestamp": "2026-02-09T16:16:36.068956+00:00", "service": "dummy-backend", "level": "INFO", "route": "/profile", "status": 200, "latency_ms": 20, "user_id": "u184", "msg": "ok", "trace_id": "22bef23fd92189e8"}
{"@timestamp": "2026-02-09T16:16:36.572006+00:00", "service": "dummy-backend", "level": "INFO", "route": "/profile", "status": 200, "latency_ms": 66, "user_id": "u098", "msg": "ok", "trace_id": "4a6b85a9b7a9ed81"}
{"@timestamp": "2026-02-09T16:16:37.076204+00:00", "service": "dummy-backend", "level": "INFO", "route": "/login", "status": 200, "latency_ms": 974, "user_id": "u155", "msg": "ok", "trace_id": "3e3e333a45065bac"}
{"@timestamp": "2026-02-09T16:16:37.579105+00:00", "service": "dummy-backend", "level": "INFO", "route": "/checkout", "status": 200, "latency_ms": 624, "user_id": "u035", "msg": "ok", "trace_id": "2505bcdef6cd353f"}
{"@timestamp": "2026-02-09T16:16:38.082685+00:00", "service": "dummy-backend", "level": "INFO", "route": "/search", "status": 200, "latency_ms": 892, "user_id": "u017", "msg": "ok", "trace_id": "de2e5ca0d5811ced"}
{"@timestamp": "2026-02-09T16:16:38.585497+00:00", "service": "dummy-backend", "level": "INFO", "route": "/logout", "status": 200, "latency_ms": 267, "user_id": "u050", "msg": "ok", "trace_id": "2d2ff75126e64000"}
{"@timestamp": "2026-02-09T16:16:39.088352+00:00", "service": "dummy-backend", "level": "INFO", "route": "/login", "status": 200, "latency_ms": 606, "user_id": "u040", "msg": "ok", "trace_id": "01d2b3ebbccd86f7"}
{"@timestamp": "2026-02-09T16:16:39.591697+00:00", "service": "dummy-backend", "level": "INFO", "route": "/checkout", "status": 200, "latency_ms": 154, "user_id": "u012", "msg": "ok", "trace_id": "76858297bcfe7f2a"}
{"@timestamp": "2026-02-09T16:16:40.094220+00:00", "service": "dummy-backend", "level": "INFO", "route": "/checkout", "status": 200, "latency_ms": 960, "user_id": "u188", "msg": "ok", "trace_id": "f0b0eef692532b41"}
{"@timestamp": "2026-02-09T16:16:40.596804+00:00", "service": "dummy-backend", "level": "INFO", "route": "/profile", "status": 200, "latency_ms": 747, "user_id": "u031", "msg": "ok", "trace_id": "e00acfdb68dea93e"}
{"@timestamp": "2026-02-09T16:16:41.101440+00:00", "service": "dummy-backend", "level": "WARN", "route": "/checkout", "status": 422, "latency_ms": 765, "user_id": "u038", "msg": "insufficient_stock", "trace_id": "d8165599008ff1df"}
{"@timestamp": "2026-02-09T16:16:41.604673+00:00", "service": "dummy-backend", "level": "INFO", "route": "/login", "status": 200, "latency_ms": 726, "user_id": "u099", "msg": "ok", "trace_id": "3dc4bac5702798b9"}
{"@timestamp": "2026-02-09T16:16:42.108200+00:00", "service": "dummy-backend", "level": "INFO", "route": "/checkout", "status": 200, "latency_ms": 758, "user_id": "u031", "msg": "ok", "trace_id": "fc18b956c7918d0c"}
{"@timestamp": "2026-02-09T16:16:42.610675+00:00", "service": "dummy-backend", "level": "INFO", "route": "/logout", "status": 200, "latency_ms": 402, "user_id": "u027", "msg": "ok", "trace_id": "0249de422de6623d"}
{"@timestamp": "2026-02-09T16:16:43.114238+00:00", "service": "dummy-backend", "level": "INFO", "route": "/login", "status": 200, "latency_ms": 790, "user_id": "u073", "msg": "ok", "trace_id": "380d85e385b921be"}
{"@timestamp": "2026-02-09T16:16:43.616987+00:00", "service": "dummy-backend", "level": "INFO", "route": "/login", "status": 200, "latency_ms": 206, "user_id": "u128", "msg": "ok", "trace_id": "785327d25ddd6838"}
{"@timestamp": "2026-02-09T16:16:44.120373+00:00", "service": "dummy-backend", "level": "INFO", "route": "/profile", "status": 200, "latency_ms": 1034, "user_id": "u090", "msg": "ok", "trace_id": "c1e770f07cca585b"}
{"@timestamp": "2026-02-09T16:16:44.623199+00:00", "service": "dummy-backend", "level": "INFO", "route": "/profile", "status": 200, "latency_ms": 978, "user_id": "u019", "msg": "ok", "trace_id": "2d2b080c50b69a91"}
{"@timestamp": "2026-02-09T16:16:45.125565+00:00", "service": "dummy-backend", "level": "INFO", "route": "/logout", "status": 200, "latency_ms": 671, "user_id": "u152", "msg": "ok", "trace_id": "652311adacaa7309"}
{"@timestamp": "2026-02-09T16:16:45.629311+00:00", "service": "dummy-backend", "level": "INFO", "route": "/login", "status": 200, "latency_ms": 963, "user_id": "u190", "msg": "ok", "trace_id": "e76df641b30d0ee9"}
{"@timestamp": "2026-02-09T16:16:46.132784+00:00", "service": "dummy-backend", "level": "INFO", "route": "/login", "status": 200, "latency_ms": 820, "user_id": "u101", "msg": "ok", "trace_id": "0082bdbc39c13ffa"}
{"@timestamp": "2026-02-09T16:16:46.635392+00:00", "service": "dummy-backend", "level": "INFO", "route": "/checkout", "status": 200, "latency_ms": 192, "user_id": "u032", "msg": "ok", "trace_id": "aefb0a1249dd2c1a"}
{"@timestamp": "2026-02-09T16:16:47.138236+00:00", "service": "dummy-backend", "level": "INFO", "route": "/search", "status": 200, "latency_ms": 411, "user_id": "u034", "msg": "ok", "trace_id": "d66d9aa2f3453749"}
{"@timestamp": "2026-02-09T16:16:47.641258+00:00", "service": "dummy-backend", "level": "INFO", "route": "/login", "status": 200, "latency_ms": 594, "user_id": "u187", "msg": "ok", "trace_id": "ac89f89393d91a13"}
{"@timestamp": "2026-02-09T16:16:48.144920+00:00", "service": "dummy-backend", "level": "INFO", "route": "/logout", "status": 200, "latency_ms": 599, "user_id": "u127", "msg": "ok", "trace_id": "da043a4498176d14"}
{"@timestamp": "2026-02-09T16:16:48.647867+00:00", "service": "dummy-backend", "level": "INFO", "route": "/profile", "status": 200, "latency_ms": 1129, "user_id": "u129", "msg": "ok", "trace_id": "73eb3eaee8fcb2d3"}
{"@timestamp": "2026-02-09T16:16:49.151182+00:00", "service": "dummy-backend", "level": "INFO", "route": "/checkout", "status": 200, "latency_ms": 313, "user_id": "u112", "msg": "ok", "trace_id": "96225e7086869504"}
{"@timestamp": "2026-02-09T16:16:49.654547+00:00", "service": "dummy-backend", "level": "WARN", "route": "/search", "status": 200, "latency_ms": 24, "user_id": "u141", "msg": "ok", "trace_id": "79fe91e1461276e8"}
{"@timestamp": "2026-02-09T16:16:50.157444+00:00", "service": "dummy-backend", "level": "INFO", "route": "/checkout", "status": 200, "latency_ms": 439, "user_id": "u126", "msg": "ok", "trace_id": "9aaac1fdb79aa6a7"}
{"@timestamp": "2026-02-09T16:16:50.660345+00:00", "service": "dummy-backend", "level": "INFO", "route": "/search", "status": 200, "latency_ms": 1016, "user_id": "u006", "msg": "ok", "trace_id": "f5413ba4c28b9f11"}
{"@timestamp": "2026-02-09T16:16:51.163754+00:00", "service": "dummy-backend", "level": "INFO", "route": "/profile", "status": 200, "latency_ms": 675, "user_id": "u125", "msg": "ok", "trace_id": "8d144c87101996c2"}
{"@timestamp": "2026-02-09T16:16:51.666452+00:00", "service": "dummy-backend", "level": "INFO", "route": "/checkout", "status": 200, "latency_ms": 1116, "user_id": "u191", "msg": "ok", "trace_id": "4f1b8dcc547fd510"}
{"@timestamp": "2026-02-09T16:16:52.169781+00:00", "service": "dummy-backend", "level": "INFO", "route": "/login", "status": 200, "latency_ms": 911, "user_id": "u081", "msg": "ok", "trace_id": "ab4bf12287a37930"}
{"@timestamp": "2026-02-09T16:16:52.673043+00:00", "service": "dummy-backend", "level": "INFO", "route": "/checkout", "status": 200, "latency_ms": 564, "user_id": "u119", "msg": "ok", "trace_id": "40054020f0fe14de"}
{"@timestamp": "2026-02-09T16:16:53.176012+00:00", "service": "dummy-backend", "level": "INFO", "route": "/logout", "status": 200, "latency_ms": 445, "user_id": "u181", "msg": "ok", "trace_id": "718fce8f0dd762e1"}
{"@timestamp": "2026-02-09T16:16:53.679137+00:00", "service": "dummy-backend", "level": "INFO", "route": "/search", "status": 200, "latency_ms": 844, "user_id": "u151", "msg": "ok", "trace_id": "8c165320a9ca8e24"}
{"@timestamp": "2026-02-09T16:16:54.182374+00:00", "service": "dummy-backend", "level": "INFO", "route": "/logout", "status": 200, "latency_ms": 1037, "user_id": "u198", "msg": "ok", "trace_id": "722b5d40be81912f"}
{"@timestamp": "2026-02-09T16:16:54.684694+00:00", "service": "dummy-backend", "level": "INFO", "route": "/login", "status": 200, "latency_ms": 135, "user_id": "u154", "msg": "ok", "trace_id": "0e942c21f958fc05"}
{"@timestamp": "2026-02-09T16:16:55.180445+00:00", "service": "dummy-backend", "level": "INFO", "route": "/profile", "status": 200, "latency_ms": 1085, "user_id": "u152", "msg": "ok", "trace_id": "400943ce30942282"}
{"@timestamp": "2026-02-09T16:16:55.683109+00:00", "service": "dummy-backend", "level": "INFO", "route": "/logout", "status": 200, "latency_ms": 400, "user_id": "u018", "msg": "ok", "trace_id": "8470eb7d6366a892"}
{"@timestamp": "2026-02-09T16:16:56.185610+00:00", "service": "dummy-backend", "level": "INFO", "route": "/logout", "status": 200, "latency_ms": 523, "user_id": "u065", "msg": "ok", "trace_id": "7ae3c43d58cf4f06"}
{"@timestamp": "2026-02-09T16:16:56.688329+00:00", "service": "dummy-backend", "level": "INFO", "route": "/checkout", "status": 200, "latency_ms": 640, "user_id": "u109", "msg": "ok", "trace_id": "94ea5d8629a7d3db"}
{"@timestamp": "2026-02-09T16:16:57.194137+00:00", "service": "dummy-backend", "level": "INFO", "route": "/search", "status": 200, "latency_ms": 932, "user_id": "u094", "msg": "ok", "trace_id": "06713066ae516111"}
{"@timestamp": "2026-02-09T16:16:57.696496+00:00", "service": "dummy-backend", "level": "INFO", "route": "/profile", "status": 200, "latency_ms": 119, "user_id": "u106", "msg": "ok", "trace_id": "9b6c4dd11e3a1461"}
{"@timestamp": "2026-02-09T16:16:58.199147+00:00", "service": "dummy-backend", "level": "INFO", "route": "/search", "status": 200, "latency_ms": 107, "user_id": "u199", "msg": "ok", "trace_id": "1eb394793bd1ae22"}
{"@timestamp": "2026-02-09T16:16:58.702062+00:00", "service": "dummy-backend", "level": "INFO", "route": "/login", "status": 200, "latency_ms": 788, "user_id": "u123", "msg": "ok", "trace_id": "b5543a065b35a222"}
{"@timestamp": "2026-02-09T16:16:59.205056+00:00", "service": "dummy-backend", "level": "INFO", "route": "/logout", "status": 200, "latency_ms": 221, "user_id": "u177", "msg": "ok", "trace_id": "fb521fc145ecde26"}
{"@timestamp": "2026-02-09T16:16:59.709417+00:00", "service": "dummy-backend", "level": "INFO", "route": "/profile", "status": 200, "latency_ms": 65, "user_id": "u169", "msg": "ok", "trace_id": "58a2db7df4cf7908"}
{"@timestamp": "2026-02-09T16:17:00.211988+00:00", "service": "dummy-backend", "level": "INFO", "route": "/search", "status": 200, "latency_ms": 431, "user_id": "u036", "msg": "ok", "trace_id": "04a24c6cc08d0961"}
{"@timestamp": "2026-02-09T16:17:00.716982+00:00", "service": "dummy-backend", "level": "INFO", "route": "/profile", "status": 200, "latency_ms": 868, "user_id": "u142", "msg": "ok", "trace_id": "7fae82d9f266429c"}
{"@timestamp": "2026-02-09T16:17:01.219522+00:00", "service": "dummy-backend", "level": "INFO", "route": "/login", "status": 200, "latency_ms": 702, "user_id": "u155", "msg": "ok", "trace_id": "a7eecffb1975b654"}
{"@timestamp": "2026-02-09T16:17:01.722202+00:00", "service": "dummy-backend", "level": "INFO", "route": "/profile", "status": 200, "latency_ms": 552, "user_id": "u004", "msg": "ok", "trace_id": "2836e259265411ec"}
{"@timestamp": "2026-02-09T16:17:02.228955+00:00", "service": "dummy-backend", "level": "INFO", "route": "/profile", "status": 200, "latency_ms": 138, "user_id": "u072", "msg": "ok", "trace_id": "c6025c867f8c3184"}
{"@timestamp": "2026-02-09T16:17:02.731668+00:00", "service": "dummy-backend", "level": "INFO", "route": "/search", "status": 200, "latency_ms": 534, "user_id": "u193", "msg": "ok", "trace_id": "040332c069104f03"}
{"@timestamp": "2026-02-09T16:17:03.234878+00:00", "service": "dummy-backend", "level": "INFO", "route": "/login", "status": 200, "latency_ms": 572, "user_id": "u027", "msg": "ok", "trace_id": "18dde59ee32fe38f"}
{"@timestamp": "2026-02-09T16:17:03.737413+00:00", "service": "dummy-backend", "level": "INFO", "route": "/search", "status": 200, "latency_ms": 154, "user_id": "u080", "msg": "ok", "trace_id": "8ee5b9ab941cb0d2"}
{"@timestamp": "2026-02-09T16:17:04.240324+00:00", "service": "dummy-backend", "level": "INFO", "route": "/search", "status": 200, "latency_ms": 535, "user_id": "u112", "msg": "ok", "trace_id": "3cd0bf7058205d1d"}
{"@timestamp": "2026-02-09T16:17:04.742924+00:00", "service": "dummy-backend", "level": "INFO", "route": "/profile", "status": 200, "latency_ms": 304, "user_id": "u039", "msg": "ok", "trace_id": "71302821107ce59a"}
{"@timestamp": "2026-02-09T16:17:05.245880+00:00", "service": "dummy-backend", "level": "INFO", "route": "/logout", "status": 200, "latency_ms": 1187, "user_id": "u055", "msg": "ok", "trace_id": "e51453d0c59b71fd"}
{"@timestamp": "2026-02-09T16:17:05.748996+00:00", "service": "dummy-backend", "level": "INFO", "route": "/profile", "status": 200, "latency_ms": 14, "user_id": "u017", "msg": "ok", "trace_id": "278620ebc1a520b8"}
{"@timestamp": "2026-02-09T16:17:06.251762+00:00", "service": "dummy-backend", "level": "INFO", "route": "/login", "status": 200, "latency_ms": 215, "user_id": "u095", "msg": "ok", "trace_id": "b20ae168b1a93d7c"}
{"@timestamp": "2026-02-09T16:17:06.755142+00:00", "service": "dummy-backend", "level": "WARN", "route": "/login", "status": 200, "latency_ms": 182, "user_id": "u058", "msg": "ok", "trace_id": "2219fff6a41a6c63"}
{"@timestamp": "2026-02-09T16:17:07.258264+00:00", "service": "dummy-backend", "level": "INFO", "route": "/checkout", "status": 200, "latency_ms": 591, "user_id": "u100", "msg": "ok", "trace_id": "1b6d4c4076a8f4aa"}
{"@timestamp": "2026-02-09T16:17:07.762434+00:00", "service": "dummy-backend", "level": "INFO", "route": "/checkout", "status": 200, "latency_ms": 83, "user_id": "u182", "msg": "ok", "trace_id": "d402f7c6054a95fc"}
{"@timestamp": "2026-02-09T16:17:08.268632+00:00", "service": "dummy-backend", "level": "INFO", "route": "/checkout", "status": 200, "latency_ms": 510, "user_id": "u048", "msg": "ok", "trace_id": "ed1b363a5fe23514"}
{"@timestamp": "2026-02-09T16:17:08.771604+00:00", "service": "dummy-backend", "level": "INFO", "route": "/profile", "status": 200, "latency_ms": 108, "user_id": "u146", "msg": "ok", "trace_id": "e6257a795f822d19"}
