{"@timestamp": "2026-02-09T16:17:10.629884+00:00", "service": {"name": "dummy-backend"}, "log": {"level": "INFO"}, "route": "/search", "status": 200, "latency_ms": 327, "user_id": "u124", "message": "ok", "trace": {"id": "5aced4be342e612d"}}
{"@timestamp": "2026-02-09T16:17:11.137240+00:00", "service": {"name": "dummy-backend"}, "log": {"level": "INFO"}, "route": "/profile", "status": 200, "latency_ms": 229, "user_id": "u117", "message": "ok", "trace": {"id": "06d941055d9cb054"}}
{"@timestamp": "2026-02-09T16:17:11.642045+00:00", "service": {"name": "dummy-backend"}, "log": {"level": "INFO"}, "route": "/search", "status": 200, "latency_ms": 569, "user_id": "u028", "message": "ok", "trace": {"id": "c5c374cf8e810404"}}
{"@timestamp": "2026-02-09T16:17:12.146829+00:00", "service": {"name": "dummy-backend"}, "log": {"level": "WARN"}, "route": "/login", "status": 200, "latency_ms": 994, "user_id": "u064", "message": "ok", "trace": {"id": "823163aec0b79fda"}}
{"@timestamp": "2026-02-09T16:17:12.649388+00:00", "service": {"name": "dummy-backend"}, "log": {"level": "INFO"}, "route": "/search", "status": 200, "latency_ms": 748, "user_id": "u061", "message": "ok", "trace": {"id": "44f3bee297e99a81"}}
{"@timestamp": "2026-02-09T16:17:13.152581+00:00", "service": {"name": "dummy-backend"}, "log": {"level": "INFO"}, "route": "/search", "status": 200, "latency_ms": 407, "user_id": "u067", "message": "ok", "trace": {"id": "3cf50f3c1a6eb693"}}
{"@timestamp": "2026-02-09T16:17:13.655306+00:00", "service": {"name": "dummy-backend"}, "log": {"level": "INFO"}, "route": "/checkout", "status": 200, "latency_ms": 1040, "user_id": "u190", "message": "ok", "trace": {"id": "8f8718e34e01915d"}}
{"@timestamp": "2026-02-09T16:17:14.158925+00:00", "service": {"name": "dummy-backend"}, "log": {"level": "INFO"}, "route": "/checkout", "status": 200, "latency_ms": 682, "user_id": "u040", "message": "ok", "trace": {"id": "2735815102ed24ca"}}
{"@timestamp": "2026-02-09T16:17:14.661994+00:00", "service": {"name": "dummy-backend"}, "log": {"level": "INFO"}, "route": "/profile", "status": 200, "latency_ms": 772, "user_id": "u184", "message": "ok", "trace": {"id": "cfd58ec50614db02"}}
{"@timestamp": "2026-02-09T16:17:15.165484+00:00", "service": {"name": "dummy-backend"}, "log": {"level": "INFO"}, "route": "/profile", "status": 200, "latency_ms": 337, "user_id": "u199", "message": "ok", "trace": {"id": "4940573b45f63770"}}
{"@timestamp": "2026-02-09T16:17:15.669908+00:00", "service": {"name": "dummy-backend"}, "log": {"level": "ERROR"}, "route": "/profile", "status": 200, "latency_ms": 939, "user_id": "u009", "message": "ok", "trace": {"id": "e781f7ff8a4b7e12"}}
{"@timestamp": "2026-02-09T16:17:16.174470+00:00", "service": {"name": "dummy-backend"}, "log": {"level": "ERROR"}, "route": "/logout", "status": 200, "latency_ms": 1015, "user_id": "u096", "message": "ok", "trace": {"id": "34426e789d1dca5c"}}
{"@timestamp": "2026-02-09T16:17:16.679021+00:00", "service": {"name": "dummy-backend"}, "log": {"level": "INFO"}, "route": "/logout", "status": 200, "latency_ms": 58, "user_id": "u130", "message": "ok", "trace": {"id": "06495a9d27b94740"}}
{"@timestamp": "2026-02-09T16:17:17.183214+00:00", "service": {"name": "dummy-backend"}, "log": {"level": "INFO"}, "route": "/logout", "status": 200, "latency_ms": 8, "user_id": "u036", "message": "ok", "trace": {"id": "9e10ec5cf1c42326"}}
{"@timestamp": "2026-02-09T16:17:17.686968+00:00", "service": {"name": "dummy-backend"}, "log": {"level": "INFO"}, "route": "/profile", "status": 200, "latency_ms": 273, "user_id": "u180", "message": "ok", "trace": {"id": "99f7a81bae0bc0a4"}}
{"@timestamp": "2026-02-09T16:17:18.190714+00:00", "service": {"name": "dummy-backend"}, "log": {"level": "INFO"}, "route": "/profile", "status": 200, "latency_ms": 294, "user_id": "u015", "message": "ok", "trace": {"id": "6a661fc713e233b4"}}
{"@timestamp": "2026-02-09T16:17:18.693814+00:00", "service": {"name": "dummy-backend"}, "log": {"level": "INFO"}, "route": "/login", "status": 200, "latency_ms": 1198, "user_id": "u152", "message": "ok", "trace": {"id": "ce400a53866c1a24"}}
{"@timestamp": "2026-02-09T16:17:19.196138+00:00", "service": {"name": "dummy-backend"}, "log": {"level": "INFO"}, "route": "/logout", "status": 200, "latency_ms": 527, "user_id": "u122", "message": "ok", "trace": {"id": "2b5f53197b819702"}}
{"@timestamp": "2026-02-09T16:17:19.700437+00:00", "service": {"name": "dummy-backend"}, "log": {"level": "INFO"}, "route": "/login", "status": 200, "latency_ms": 652, "user_id": "u014", "message": "ok", "trace": {"id": "be7e74a924a63f97"}}
{"@timestamp": "2026-02-09T16:17:20.204473+00:00", "service": {"name": "dummy-backend"}, "log": {"level": "INFO"}, "route": "/profile", "status": 200, "latency_ms": 20, "user_id": "u123", "message": "ok", "trace": {"id": "10e0b446b1f0fab5"}}
{"@timestamp": "2026-02-09T16:17:20.706825+00:00", "service": {"name": "dummy-backend"}, "log": {"level": "INFO"}, "route": "/login", "status": 200, "latency_ms": 802, "user_id": "u134", "message": "ok", "trace": {"id": "303b694f5450d003"}}
{"@timestamp": "2026-02-09T16:17:21.209007+00:00", "service": {"name": "dummy-backend"}, "log": {"level": "WARN"}, "route": "/checkout", "status": 422, "latency_ms": 397, "user_id": "u141", "message": "gateway_error", "trace": {"id": "e78aa3f69adf27e3"}}
{"@timestamp": "2026-02-09T16:17:21.711791+00:00", "service": {"name": "dummy-backend"}, "log": {"level": "INFO"}, "route": "/login", "status": 200, "latency_ms": 1043, "user_id": "u153", "message": "ok", "trace": {"id": "6cd87afff44bb087"}}
{"@timestamp": "2026-02-09T16:17:22.215027+00:00", "service": {"name": "dummy-backend"}, "log": {"level": "INFO"}, "route": "/login", "status": 200, "latency_ms": 202, "user_id": "u061", "message": "ok", "trace": {"id": "750366de75a33c52"}}
{"@timestamp": "2026-02-09T16:17:22.718725+00:00", "service": {"name": "dummy-backend"}, "log": {"level": "INFO"}, "route": "/checkout", "status": 200, "latency_ms": 407, "user_id": "u076", "message": "ok", "trace": {"id": "1a490ac816d7206b"}}
{"@timestamp": "2026-02-09T16:17:23.221819+00:00", "service": {"name": "dummy-backend"}, "log": {"level": "INFO"}, "route": "/checkout", "status": 200, "latency_ms": 186, "user_id": "u129", "message": "ok", "trace": {"id": "8ea78f52ee808eb8"}}
{"@timestamp": "2026-02-09T16:17:23.724837+00:00", "service": {"name": "dummy-backend"}, "log": {"level": "INFO"}, "route": "/search", "status": 200, "latency_ms": 806, "user_id": "u017", "message": "ok", "trace": {"id": "4dfba2bb29e89b1a"}}
{"@timestamp": "2026-02-09T16:17:24.228419+00:00", "service": {"name": "dummy-backend"}, "log": {"level": "INFO"}, "route": "/logout", "status": 200, "latency_ms": 289, "user_id": "u105", "message": "ok", "trace": {"id": "955fae89c3f400c0"}}
{"@timestamp": "2026-02-09T16:17:24.731234+00:00", "service": {"name": "dummy-backend"}, "log": {"level": "INFO"}, "route": "/login", "status": 200, "latency_ms": 275, "user_id": "u003", "message": "ok", "trace": {"id": "85436c16c613c032"}}
{"@timestamp": "2026-02-09T16:17:25.228787+00:00", "service": {"name": "dummy-backend"}, "log": {"level": "INFO"}, "route": "/search", "status": 200, "latency_ms": 520, "user_id": "u178", "message": "ok", "trace": {"id": "312289bf6142113b"}}
{"@timestamp": "2026-02-09T16:17:25.732013+00:00", "service": {"name": "dummy-backend"}, "log": {"level": "ERROR"}, "route": "/logout", "status": 200, "latency_ms": 58, "user_id": "u141", "message": "ok", "trace": {"id": "66c88a969e3eb4e8"}}
{"@timestamp": "2026-02-09T16:17:26.235244+00:00", "service": {"name": "dummy-backend"}, "log": {"level": "INFO"}, "route": "/search", "status": 200, "latency_ms": 398, "user_id": "u074", "message": "ok", "trace": {"id": "0f0fea6a7094fcd6"}}
{"@timestamp": "2026-02-09T16:17:26.738363+00:00", "service": {"name": "dummy-backend"}, "log": {"level": "INFO"}, "route": "/profile", "status": 200, "latency_ms": 521, "user_id": "u084", "message": "ok", "trace": {"id": "bd1c6409a8caf10c"}}
{"@timestamp": "2026-02-09T16:17:27.241556+00:00", "service": {"name": "dummy-backend"}, "log": {"level": "ERROR"}, "route": "/logout", "status": 200, "latency_ms": 934, "user_id": "u123", "message": "ok", "trace": {"id": "9d7abf10a43d699e"}}
{"@timestamp": "2026-02-09T16:17:27.744959+00:00", "service": {"name": "dummy-backend"}, "log": {"level": "WARN"}, "route": "/search", "status": 200, "latency_ms": 564, "user_id": "u043", "message": "ok", "trace": {"id": "ea83ad22672c83f0"}}
{"@timestamp": "2026-02-09T16:17:28.247860+00:00", "service": {"name": "dummy-backend"}, "log": {"level": "INFO"}, "route": "/checkout", "status": 200, "latency_ms": 1057, "user_id": "u070", "message": "ok", "trace": {"id": "9925ae5e24af519b"}}
{"@timestamp": "2026-02-09T16:17:28.750757+00:00", "service": {"name": "dummy-backend"}, "log": {"level": "INFO"}, "route": "/profile", "status": 200, "latency_ms": 84, "user_id": "u034", "message": "ok", "trace": {"id": "0c2453abb3d59007"}}
{"@timestamp": "2026-02-09T16:17:29.253075+00:00", "service": {"name": "dummy-backend"}, "log": {"level": "INFO"}, "route": "/search", "status": 200, "latency_ms": 167, "user_id": "u135", "message": "ok", "trace": {"id": "6fcdedb88f488367"}}
{"@timestamp": "2026-02-09T16:17:29.756113+00:00", "service": {"name": "dummy-backend"}, "log": {"level": "INFO"}, "route": "/checkout", "status": 200, "latency_ms": 261, "user_id": "u092", "message": "ok", "trace": {"id": "cc9c7e3a62dfa7cb"}}
{"@timestamp": "2026-02-09T16:17:30.260069+00:00", "service": {"name": "dummy-backend"}, "log": {"level": "INFO"}, "route": "/search", "status": 200, "latency_ms": 1150, "user_id": "u032", "message": "ok", "trace": {"id": "5c5119ce4bc2fb02"}}
{"@timestamp": "2026-02-09T16:17:30.812310+00:00", "service": {"name": "dummy-backend"}, "log": {"level": "INFO"}, "route": "/profile", "status": 200, "latency_ms": 80, "user_id": "u108", "message": "ok", "trace": {"id": "7bdfc82a9a7e4949"}}
{"@timestamp": "2026-02-09T16:17:31.316425+00:00", "service": {"name": "dummy-backend"}, "log": {"level": "INFO"}, "route": "/checkout", "status": 200, "latency_ms": 50, "user_id": "u161", "message": "ok", "trace": {"id": "31a74581bef495dd"}}
{"@timestamp": "2026-02-09T16:17:31.818817+00:00", "service": {"name": "dummy-backend"}, "log": {"level": "INFO"}, "route": "/search", "status": 200, "latency_ms": 1018, "user_id": "u134", "message": "ok", "trace": {"id": "ca076f6d26fbf2ac"}}
{"@timestamp": "2026-02-09T16:17:32.321735+00:00", "service": {"name": "dummy-backend"}, "log": {"level": "INFO"}, "route": "/search", "status": 200, "latency_ms": 110, "user_id": "u103", "message": "ok", "trace": {"id": "929b11ac0f028e96"}}
{"@timestamp": "2026-02-09T16:17:32.824096+00:00", "service": {"name": "dummy-backend"}, "log": {"level": "WARN"}, "route": "/checkout", "status": 409, "latency_ms": 319, "user_id": "u061", "message": "insufficient_stock", "trace": {"id": "d9d237d4b3fb1f2b"}}
{"@timestamp": "2026-02-09T16:17:33.327107+00:00", "service": {"name": "dummy-backend"}, "log": {"level": "INFO"}, "route": "/search", "status": 200, "latency_ms": 699, "user_id": "u112", "message": "ok", "trace": {"id": "8d066cada472800e"}}
{"@timestamp": "2026-02-09T16:17:33.829730+00:00", "service": {"name": "dummy-backend"}, "log": {"level": "INFO"}, "route": "/profile", "status": 200, "latency_ms": 217, "user_id": "u009", "message": "ok", "trace": {"id": "63666b1f1d14249a"}}
{"@timestamp": "2026-02-09T16:17:34.332329+00:00", "service": {"name": "dummy-backend"}, "log": {"level": "ERROR"}, "route": "/search", "status": 200, "latency_ms": 400, "user_id": "u110", "message": "ok", "trace": {"id": "e6ed5999e1a579e4"}}
{"@timestamp": "2026-02-09T16:17:34.835872+00:00", "service": {"name": "dummy-backend"}, "log": {"level": "INFO"}, "route": "/profile", "status": 200, "latency_ms": 557, "user_id": "u103", "message": "ok", "trace": {"id": "d7839bed14e116c2"}}
{"@timestamp": "2026-02-09T16:17:35.340174+00:00", "service": {"name": "dummy-backend"}, "log": {"level": "INFO"}, "route": "/profile", "status": 200, "latency_ms": 532, "user_id": "u173", "message": "ok", "trace": {"id": "e795791f14f327ed"}}
{"@timestamp": "2026-02-09T16:17:35.844534+00:00", "service": {"name": "dummy-backend"}, "log": {"level": "WARN"}, "route": "/login", "status": 200, "latency_ms": 1128, "user_id": "u119", "message": "ok", "trace": {"id": "04eb0164845f6b4c"}}
{"@timestamp": "2026-02-09T16:17:36.349049+00:00", "service": {"name": "dummy-backend"}, "log": {"level": "INFO"}, "route": "/search", "status": 200, "latency_ms": 966, "user_id": "u087", "message": "ok", "trace": {"id": "2b4e97df035073bf"}}
{"@timestamp": "2026-02-09T16:17:36.852302+00:00", "service": {"name": "dummy-backend"}, "log": {"level": "INFO"}, "route": "/search", "status": 200, "latency_ms": 1189, "user_id": "u079", "message": "ok", "trace": {"id": "5074113a591c1d23"}}
{"@timestamp": "2026-02-09T16:17:37.355176+00:00", "service": {"name": "dummy-backend"}, "log": {"level": "INFO"}, "route": "/checkout", "status": 200, "latency_ms": 858, "user_id": "u152", "message": "ok", "trace": {"id": "1c54887c0864999d"}}
{"@timestamp": "2026-02-09T16:17:37.858248+00:00", "service": {"name": "dummy-backend"}, "log": {"level": "INFO"}, "route": "/logout", "status": 200, "latency_ms": 1167, "user_id": "u064", "message": "ok", "trace": {"id": "e2acacee9fbc1a5a"}}
{"@timestamp": "2026-02-09T16:17:38.361825+00:00", "service": {"name": "dummy-backend"}, "log": {"level": "INFO"}, "route": "/login", "status": 200, "latency_ms": 918, "user_id": "u105", "message": "ok", "trace": {"id": "59529a6f05ee7f7a"}}
{"@timestamp": "2026-02-09T16:17:38.865856+00:00", "service": {"name": "dummy-backend"}, "log": {"level": "INFO"}, "route": "/logout", "status": 200, "latency_ms": 678, "user_id": "u040", "message": "ok", "trace": {"id": "d1b8d9efacf5e3be"}}
{"@timestamp": "2026-02-09T16:17:39.368635+00:00", "service": {"name": "dummy-backend"}, "log": {"level": "INFO"}, "route": "/login", "status": 200, "latency_ms": 750, "user_id": "u052", "message": "ok", "trace": {"id": "8d8439a18da336a6"}}
{"@timestamp": "2026-02-09T16:17:39.871359+00:00", "service": {"name": "dummy-backend"}, "log": {"level": "INFO"}, "route": "/search", "status": 200, "latency_ms": 472, "user_id": "u164", "message": "ok", "trace": {"id": "0f8cf41b0dd67a7e"}}
{"@timestamp": "2026-02-09T16:17:40.374969+00:00", "service": {"name": "dummy-backend"}, "log": {"level": "INFO"}, "route": "/search", "status": 200, "latency_ms": 17, "user_id": "u028", "message": "ok", "trace": {"id": "989533d35efb2ea9"}}
{"@timestamp": "2026-02-09T16:17:40.877854+00:00", "service": {"name": "dummy-backend"}, "log": {"level": "INFO"}, "route": "/login", "status": 200, "latency_ms": 494, "user_id": "u164", "message": "ok", "trace": {"id": "de6d18cde52af261"}}
{"@timestamp": "2026-02-09T16:17:41.380186+00:00", "service": {"name": "dummy-backend"}, "log": {"level": "INFO"}, "route": "/profile", "status": 200, "latency_ms": 1076, "user_id": "u008", "message": "ok", "trace": {"id": "1c4c04e2dd2d6079"}}
{"@timestamp": "2026-02-09T16:17:41.883225+00:00", "service": {"name": "dummy-backend"}, "log": {"level": "INFO"}, "route": "/search", "status": 200, "latency_ms": 432, "user_id": "u031", "message": "ok", "trace": {"id": "f397dbad6b448959"}}
{"@timestamp": "2026-02-09T16:17:42.386126+00:00", "service": {"name": "dummy-backend"}, "log": {"level": "INFO"}, "route": "/checkout", "status": 200, "latency_ms": 832, "user_id": "u117", "message": "ok", "trace": {"id": "d6c6ff5ac093b2fe"}}
{"@timestamp": "2026-02-09T16:17:42.888644+00:00", "service": {"name": "dummy-backend"}, "log": {"level": "INFO"}, "route": "/checkout", "status": 200, "latency_ms": 322, "user_id": "u147", "message": "ok", "trace": {"id": "393cb6a1dd44825b"}}
{"@timestamp": "2026-02-09T16:17:43.391968+00:00", "service": {"name": "dummy-backend"}, "log": {"level": "ERROR"}, "route": "/logout", "status": 200, "latency_ms": 704, "user_id": "u030", "message": "ok", "trace": {"id": "0b0e3a4363bb3c35"}}
{"@timestamp": "2026-02-09T16:17:43.895906+00:00", "service": {"name": "dummy-backend"}, "log": {"level": "INFO"}, "route": "/search", "status": 200, "latency_ms": 468, "user_id": "u053", "message": "ok", "trace": {"id": "fdca8347fcf8ade6"}}
{"@timestamp": "2026-02-09T16:17:44.398918+00:00", "service": {"name": "dummy-backend"}, "log": {"level": "INFO"}, "route": "/logout", "status": 200, "latency_ms": 985, "user_id": "u018", "message": "ok", "trace": {"id": "6f8e6a8e4b9c2781"}}
{"@timestamp": "2026-02-09T16:17:44.903227+00:00", "service": {"name": "dummy-backend"}, "log": {"level": "INFO"}, "route": "/logout", "status": 200, "latency_ms": 297, "user_id": "u033", "message": "ok", "trace": {"id": "27778b189898d927"}}
{"@timestamp": "2026-02-09T16:17:45.406116+00:00", "service": {"name": "dummy-backend"}, "log": {"level": "INFO"}, "route": "/checkout", "status": 200, "latency_ms": 1199, "user_id": "u088", "message": "ok", "trace": {"id": "1bac5aef6c4df243"}}
{"@timestamp": "2026-02-09T16:17:45.909661+00:00", "service": {"name": "dummy-backend"}, "log": {"level": "INFO"}, "route": "/checkout", "status": 200, "latency_ms": 866, "user_id": "u198", "message": "ok", "trace": {"id": "10716410f0f1a375"}}
{"@timestamp": "2026-02-09T16:17:46.414211+00:00", "service": {"name": "dummy-backend"}, "log": {"level": "INFO"}, "route": "/checkout", "status": 200, "latency_ms": 733, "user_id": "u132", "message": "ok", "trace": {"id": "280810203674ad83"}}
{"@timestamp": "2026-02-09T16:17:46.918245+00:00", "service": {"name": "dummy-backend"}, "log": {"level": "INFO"}, "route": "/logout", "status": 200, "latency_ms": 1161, "user_id": "u168", "message": "ok", "trace": {"id": "48ed9fceb5c77e78"}}
{"@timestamp": "2026-02-09T16:17:47.422571+00:00", "service": {"name": "dummy-backend"}, "log": {"level": "INFO"}, "route": "/logout", "status": 200, "latency_ms": 855, "user_id": "u027", "message": "ok", "trace": {"id": "c1ff0dcc2c2c125c"}}
{"@timestamp": "2026-02-09T16:17:47.927115+00:00", "service": {"name": "dummy-backend"}, "log": {"level": "INFO"}, "route": "/logout", "status": 200, "latency_ms": 283, "user_id": "u084", "message": "ok", "trace": {"id": "de68decb9e7e36ba"}}
{"@timestamp": "2026-02-09T16:17:48.431007+00:00", "service": {"name": "dummy-backend"}, "log": {"level": "INFO"}, "route": "/profile", "status": 200, "latency_ms": 349, "user_id": "u137", "message": "ok", "trace": {"id": "01451c38831ff977"}}
{"@timestamp": "2026-02-09T16:17:48.934547+00:00", "service": {"name": "dummy-backend"}, "log": {"level": "INFO"}, "route": "/login", "status": 200, "latency_ms": 784, "user_id": "u134", "message": "ok", "trace": {"id": "dcdd3af8498b2b00"}}
{"@timestamp": "2026-02-09T16:17:49.438166+00:00", "service": {"name": "dummy-backend"}, "log": {"level": "INFO"}, "route": "/login", "status": 200, "latency_ms": 136, "user_id": "u092", "message": "ok", "trace": {"id": "9576f9d99fa42efe"}}
{"@timestamp": "2026-02-09T16:17:49.940913+00:00", "service": {"name": "dummy-backend"}, "log": {"level": "INFO"}, "route": "/search", "status": 200, "latency_ms": 12, "user_id": "u154", "message": "ok", "trace": {"id": "8094d8e7adf71f43"}}
{"@timestamp": "2026-02-09T16:17:50.443593+00:00", "service": {"name": "dummy-backend"}, "log": {"level": "ERROR"}, "route": "/login", "status": 403, "latency_ms": 1104, "user_id": "u187", "message": "db_timeout", "trace": {"id": "b2068543459d0bb4"}}
{"@timestamp": "2026-02-09T16:17:50.946280+00:00", "service": {"name": "dummy-backend"}, "log": {"level": "INFO"}, "route": "/logout", "status": 200, "latency_ms": 1046, "user_id": "u060", "message": "ok", "trace": {"id": "63ed073d6a512eeb"}}
{"@timestamp": "2026-02-09T16:17:51.448897+00:00", "service": {"name": "dummy-backend"}, "log": {"level": "INFO"}, "route": "/search", "status": 200, "latency_ms": 723, "user_id": "u130", "message": "ok", "trace": {"id": "9bb33075a361578e"}}
{"@timestamp": "2026-02-09T16:17:51.951611+00:00", "service": {"name": "dummy-backend"}, "log": {"level": "INFO"}, "route": "/logout", "status": 200, "latency_ms": 27, "user_id": "u198", "message": "ok", "trace": {"id": "225434a480e8e1b3"}}
{"@timestamp": "2026-02-09T16:17:52.454294+00:00", "service": {"name": "dummy-backend"}, "log": {"level": "WARN"}, "route": "/profile", "status": 200, "latency_ms": 287, "user_id": "u044", "message": "ok", "trace": {"id": "332b4803cdcf3616"}}
{"@timestamp": "2026-02-09T16:17:52.958127+00:00", "service": {"name": "dummy-backend"}, "log": {"level": "INFO"}, "route": "/profile", "status": 200, "latency_ms": 597, "user_id": "u098", "message": "ok", "trace": {"id": "88d98ef8c9a5171f"}}
{"@timestamp": "2026-02-09T16:17:53.460461+00:00", "service": {"name": "dummy-backend"}, "log": {"level": "INFO"}, "route": "/logout", "status": 200, "latency_ms": 8, "user_id": "u179", "message": "ok", "trace": {"id": "0ee4770760ba57ce"}}
{"@timestamp": "2026-02-09T16:17:53.963881+00:00", "service": {"name": "dummy-backend"}, "log": {"level": "INFO"}, "route": "/checkout", "status": 200, "latency_ms": 464, "user_id": "u127", "message": "ok", "trace": {"id": "5a148d1f43a648a0"}}
{"@timestamp": "2026-02-09T16:17:54.468324+00:00", "service": {"name": "dummy-backend"}, "log": {"level": "INFO"}, "route": "/profile", "status": 200, "latency_ms": 672, "user_id": "u104", "message": "ok", "trace": {"id": "1478baf9f3ba7713"}}
{"@timestamp": "2026-02-09T16:17:54.959768+00:00", "service": {"name": "dummy-backend"}, "log": {"level": "INFO"}, "route": "/login", "status": 200, "latency_ms": 748, "user_id": "u071", "message": "ok", "trace": {"id": "5bb7fdae1c6c1fe7"}}
{"@timestamp": "2026-02-09T16:17:55.463189+00:00", "service": {"name": "dummy-backend"}, "log": {"level": "INFO"}, "route": "/login", "status": 200, "latency_ms": 556, "user_id": "u126", "message": "ok", "trace": {"id": "2c050f4e8dfa489e"}}
{"@timestamp": "2026-02-09T16:17:55.966275+00:00", "service": {"name": "dummy-backend"}, "log": {"level": "INFO"}, "route": "/logout", "status": 200, "latency_ms": 1140, "user_id": "u119", "message": "ok", "trace": {"id": "5501051cc6f740db"}}
{"@timestamp": "2026-02-09T16:17:56.469843+00:00", "service": {"name": "dummy-backend"}, "log": {"level": "INFO"}, "route": "/search", "status": 200, "latency_ms": 1067, "user_id": "u071", "message": "ok", "trace": {"id": "0d4ea1f09e801d8f"}}
{"@timestamp": "2026-02-09T16:17:56.973589+00:00", "service": {"name": "dummy-backend"}, "log": {"level": "INFO"}, "route": "/profile", "status": 200, "latency_ms": 812, "user_id": "u159", "message": "ok", "trace": {"id": "d2a58a300952db29"}}
{"@timestamp": "2026-02-09T16:17:57.476477+00:00", "service": {"name": "dummy-backend"}, "log": {"level": "INFO"}, "route": "/profile", "status": 200, "latency_ms": 354, "user_id": "u154", "message": "ok", "trace": {"id": "604197ab3dd1a89c"}}
{"@timestamp": "2026-02-09T16:17:57.979749+00:00", "service": {"name": "dummy-backend"}, "log": {"level": "INFO"}, "route": "/profile", "status": 200, "latency_ms": 62, "user_id": "u127", "message": "ok", "trace": {"id": "f6adb6b0a61aeba2"}}
{"@timestamp": "2026-02-09T16:17:58.482501+00:00", "service": {"name": "dummy-backend"}, "log": {"level": "INFO"}, "route": "/profile", "status": 200, "latency_ms": 32, "user_id": "u159", "message": "ok", "trace": {"id": "0004dfc8260e3778"}}
{"@timestamp": "2026-02-09T16:17:58.986187+00:00", "service": {"name": "dummy-backend"}, "log": {"level": "WARN"}, "route": "/checkout", "status": 409, "latency_ms": 404, "user_id": "u026", "message": "gateway_error", "trace": {"id": "6b9ebf4eb2c10bdc"}}
{"@timestamp": "2026-02-09T16:17:59.489364+00:00", "service": {"name": "dummy-backend"}, "log": {"level": "WARN"}, "route": "/checkout", "status": 500, "latency_ms": 291, "user_id": "u161", "message": "gateway_error", "trace": {"id": "0c1ac0a451b7d41f"}}
{"@timestamp": "2026-02-09T16:17:59.992311+00:00", "service": {"name": "dummy-backend"}, "log": {"level": "INFO"}, "route": "/search", "status": 200, "latency_ms": 173, "user_id": "u146", "message": "ok", "trace": {"id": "ef93fedcb80898cb"}}
{"@timestamp": "2026-02-09T16:18:00.495254+00:00", "service": {"name": "dummy-backend"}, "log": {"level": "INFO"}, "route": "/search", "status": 200, "latency_ms": 66, "user_id": "u175", "message": "ok", "trace": {"id": "94c9a41ca617c776"}}
{"@timestamp": "2026-02-09T16:18:00.997907+00:00", "service": {"name": "dummy-backend"}, "log": {"level": "INFO"}, "route": "/search", "status": 200, "latency_ms": 190, "user_id": "u004", "message": "ok", "trace": {"id": "8e4805d94370f99c"}}
{"@timestamp": "2026-02-09T16:18:01.500931+00:00", "service": {"name": "dummy-backend"}, "log": {"level": "INFO"}, "route": "/search", "status": 200, "latency_ms": 741, "user_id": "u031", "message": "ok", "trace": {"id": "b3e0c7ab546b88c6"}}
{"@timestamp": "2026-02-09T16:18:02.003392+00:00", "service": {"name": "dummy-backend"}, "log": {"level": "INFO"}, "route": "/logout", "status": 200, "latency_ms": 997, "user_id": "u144", "message": "ok", "trace": {"id": "ea9712b88a505ad8"}}
{"@timestamp": "2026-02-09T16:18:02.506525+00:00", "service": {"name": "dummy-backend"}, "log": {"level": "INFO"}, "route": "/profile", "status": 200, "latency_ms": 1127, "user_id": "u124", "message": "ok", "trace": {"id": "49d752626993b7f0"}}
{"@timestamp": "2026-02-09T16:18:03.009231+00:00", "service": {"name": "dummy-backend"}, "log": {"level": "INFO"}, "route": "/logout", "status": 200, "latency_ms": 807, "user_id": "u108", "message": "ok", "trace": {"id": "1e6be6ccc4ee9942"}}
{"@timestamp": "2026-02-09T16:18:03.513161+00:00", "service": {"name": "dummy-backend"}, "log": {"level": "INFO"}, "route": "/search", "status": 200, "latency_ms": 278, "user_id": "u040", "message": "ok", "trace": {"id": "d3be68252375d565"}}
{"@timestamp": "2026-02-09T16:18:04.017650+00:00", "service": {"name": "dummy-backend"}, "log": {"level": "INFO"}, "route": "/login", "status": 200, "latency_ms": 862, "user_id": "u023", "message": "ok", "trace": {"id": "83eb3cf532571840"}}
{"@timestamp": "2026-02-09T16:18:04.520952+00:00", "service": {"name": "dummy-backend"}, "log": {"level": "WARN"}, "route": "/checkout", "status": 409, "latency_ms": 1003, "user_id": "u129", "message": "gateway_error", "trace": {"id": "890cf1d48fd5430f"}}
{"@timestamp": "2026-02-09T16:18:05.023587+00:00", "service": {"name": "dummy-backend"}, "log": {"level": "INFO"}, "route": "/profile", "status": 200, "latency_ms": 934, "user_id": "u118", "message": "ok", "trace": {"id": "1f92e938ea038625"}}
{"@timestamp": "2026-02-09T16:18:05.526057+00:00", "service": {"name": "dummy-backend"}, "log": {"level": "WARN"}, "route": "/checkout", "status": 500, "latency_ms": 676, "user_id": "u100", "message": "gateway_error", "trace": {"id": "a16123646c593f9b"}}
{"@timestamp": "2026-02-09T16:18:06.029050+00:00", "service": {"name": "dummy-backend"}, "log": {"level": "INFO"}, "route": "/checkout", "status": 200, "latency_ms": 183, "user_id": "u198", "message": "ok", "trace": {"id": "2f55ce1b64778526"}}
{"@timestamp": "2026-02-09T16:18:06.531651+00:00", "service": {"name": "dummy-backend"}, "log": {"level": "INFO"}, "route": "/logout", "status": 200, "latency_ms": 854, "user_id": "u038", "message": "ok", "trace": {"id": "04bb622353041421"}}
{"@timestamp": "2026-02-09T16:18:07.034264+00:00", "service": {"name": "dummy-backend"}, "log": {"level": "INFO"}, "route": "/logout", "status": 200, "latency_ms": 620, "user_id": "u152", "message": "ok", "trace": {"id": "b0fac6b83823345a"}}
{"@timestamp": "2026-02-09T16:18:07.536963+00:00", "service": {"name": "dummy-backend"}, "log": {"level": "INFO"}, "route": "/checkout", "status": 200, "latency_ms": 127, "user_id": "u099", "message": "ok", "trace": {"id": "c9d373d68574f511"}}
{"@timestamp": "2026-02-09T16:18:08.039714+00:00", "service": {"name": "dummy-backend"}, "log": {"level": "INFO"}, "route": "/logout", "status": 200, "latency_ms": 108, "user_id": "u198", "message": "ok", "trace": {"id": "6423010f4b6673fd"}}
{"@timestamp": "2026-02-09T16:18:08.542367+00:00", "service": {"name": "dummy-backend"}, "log": {"level": "WARN"}, "route": "/login", "status": 200, "latency_ms": 305, "user_id": "u030", "message": "ok", "trace": {"id": "ab32d6ac1bcecffd"}}
{"@timestamp": "2026-02-09T16:18:09.045505+00:00", "service": {"name": "dummy-backend"}, "log": {"level": "WARN"}, "route": "/checkout", "status": 500, "latency_ms": 1087, "user_id": "u056", "message": "payment_retry", "trace": {"id": "e4c8d28d48a60b9f"}}
{"@timestamp": "2026-02-09T16:18:09.548459+00:00", "service": {"name": "dummy-backend"}, "log": {"level": "ERROR"}, "route": "/search", "status": 200, "latency_ms": 728, "user_id": "u046", "message": "ok", "trace": {"id": "5d8c773beb646910"}}
{"@timestamp": "2026-02-09T16:18:10.051579+00:00", "service": {"name": "dummy-backend"}, "log": {"level": "INFO"}, "route": "/profile", "status": 200, "latency_ms": 1167, "user_id": "u087", "message": "ok", "trace": {"id": "412d25547d834dd0"}}
{"@timestamp": "2026-02-09T16:18:10.554044+00:00", "service": {"name": "dummy-backend"}, "log": {"level": "INFO"}, "route": "/profile", "status": 200, "latency_ms": 876, "user_id": "u134", "message": "ok", "trace": {"id": "0b7b32463e3d22fa"}}
{"@timestamp": "2026-02-09T16:18:11.056921+00:00", "service": {"name": "dummy-backend"}, "log": {"level": "INFO"}, "route": "/search", "status": 200, "latency_ms": 391, "user_id": "u019", "message": "ok", "trace": {"id": "3064693317651cf9"}}
{"@timestamp": "2026-02-09T16:18:11.560084+00:00", "service": {"name": "dummy-backend"}, "log": {"level": "INFO"}, "route": "/login", "status": 200, "latency_ms": 366, "user_id": "u149", "message": "ok", "trace": {"id": "6ce65962bb508a32"}}
{"@timestamp": "2026-02-09T16:18:12.062936+00:00", "service": {"name": "dummy-backend"}, "log": {"level": "INFO"}, "route": "/login", "status": 200, "latency_ms": 54, "user_id": "u130", "message": "ok", "trace": {"id": "54d1e91cea14a61a"}}
{"@timestamp": "2026-02-09T16:18:12.566677+00:00", "service": {"name": "dummy-backend"}, "log": {"level": "INFO"}, "route": "/checkout", "status": 200, "latency_ms": 36, "user_id": "u041", "message": "ok", "trace": {"id": "40ec8122d9e39570"}}
{"@timestamp": "2026-02-09T16:18:13.069385+00:00", "service": {"name": "dummy-backend"}, "log": {"level": "INFO"}, "route": "/logout", "status": 200, "latency_ms": 35, "user_id": "u199", "message": "ok", "trace": {"id": "33171393436b5a8d"}}
{"@timestamp": "2026-02-09T16:18:13.572931+00:00", "service": {"name": "dummy-backend"}, "log": {"level": "WARN"}, "route": "/search", "status": 200, "latency_ms": 192, "user_id": "u074", "message": "ok", "trace": {"id": "339cb7c4e7045215"}}
{"@timestamp": "2026-02-09T16:18:14.075441+00:00", "service": {"name": "dummy-backend"}, "log": {"level": "WARN"}, "route": "/logout", "status": 200, "latency_ms": 639, "user_id": "u051", "message": "ok", "trace": {"id": "b2894b864a133cb2"}}
{"@timestamp": "2026-02-09T16:18:14.578642+00:00", "service": {"name": "dummy-backend"}, "log": {"level": "INFO"}, "route": "/login", "status": 200, "latency_ms": 1141, "user_id": "u144", "message": "ok", "trace": {"id": "9641892cd6ec1fc0"}}
{"@timestamp": "2026-02-09T16:18:15.081705+00:00", "service": {"name": "dummy-backend"}, "log": {"level": "INFO"}, "route": "/login", "status": 200, "latency_ms": 30, "user_id": "u097", "message": "ok", "trace": {"id": "d00577bea6f45764"}}
{"@timestamp": "2026-02-09T16:18:15.584801+00:00", "service": {"name": "dummy-backend"}, "log": {"level": "INFO"}, "route": "/profile", "status": 200, "latency_ms": 792, "user_id": "u073", "message": "ok", "trace": {"id": "312b8315d80aa4c9"}}
{"@timestamp": "2026-02-09T16:18:16.087714+00:00", "service": {"name": "dummy-backend"}, "log": {"level": "INFO"}, "route": "/login", "status": 200, "latency_ms": 1077, "user_id": "u122", "message": "ok", "trace": {"id": "bacfd9fb14c24b6d"}}
{"@timestamp": "2026-02-09T16:18:16.590683+00:00", "service": {"name": "dummy-backend"}, "log": {"level": "INFO"}, "route": "/logout", "status": 200, "latency_ms": 1185, "user_id": "u172", "message": "ok", "trace": {"id": "8759a7811e077cfa"}}
{"@timestamp": "2026-02-09T16:18:17.093845+00:00", "service": {"name": "dummy-backend"}, "log": {"level": "INFO"}, "route": "/search", "status": 200, "latency_ms": 389, "user_id": "u036", "message": "ok", "trace": {"id": "884b168a9a28e5c9"}}
{"@timestamp": "2026-02-09T16:18:17.597275+00:00", "service": {"name": "dummy-backend"}, "log": {"level": "INFO"}, "route": "/login", "status": 200, "latency_ms": 79, "user_id": "u172", "message": "ok", "trace": {"id": "51ecccd3391f52ec"}}
{"@timestamp": "2026-02-09T16:18:18.101121+00:00", "service": {"name": "dummy-backend"}, "log": {"level": "INFO"}, "route": "/checkout", "status": 200, "latency_ms": 846, "user_id": "u139", "message": "ok", "trace": {"id": "0e84966c2437e07f"}}
{"@timestamp": "2026-02-09T16:18:18.605293+00:00", "service": {"name": "dummy-backend"}, "log": {"level": "INFO"}, "route": "/profile", "status": 200, "latency_ms": 544, "user_id": "u104", "message": "ok", "trace": {"id": "5b314ce2c64e777b"}}
{"@timestamp": "2026-02-09T16:18:19.108604+00:00", "service": {"name": "dummy-backend"}, "log": {"level": "INFO"}, "route": "/checkout", "status": 200, "latency_ms": 1168, "user_id": "u135", "message": "ok", "trace": {"id": "24e245cc8ab3db6d"}}
{"@timestamp": "2026-02-09T16:18:19.612028+00:00", "service": {"name": "dummy-backend"}, "log": {"level": "INFO"}, "route": "/logout", "status": 200, "latency_ms": 1178, "user_id": "u021", "message": "ok", "trace": {"id": "f9772b90eb10b074"}}
{"@timestamp": "2026-02-09T16:18:20.114710+00:00", "service": {"name": "dummy-backend"}, "log": {"level": "INFO"}, "route": "/login", "status": 200, "latency_ms": 233, "user_id": "u105", "message": "ok", "trace": {"id": "c0252834f9baa918"}}
{"@timestamp": "2026-02-09T16:18:20.617730+00:00", "service": {"name": "dummy-backend"}, "log": {"level": "WARN"}, "route": "/login", "status": 200, "latency_ms": 399, "user_id": "u167", "message": "ok", "trace": {"id": "1a680b0c4a0a20c3"}}
{"@timestamp": "2026-02-09T16:18:21.121053+00:00", "service": {"name": "dummy-backend"}, "log": {"level": "WARN"}, "route": "/logout", "status": 200, "latency_ms": 447, "user_id": "u059", "message": "ok", "trace": {"id": "279779b4f0ad25c1"}}
{"@timestamp": "2026-02-09T16:18:21.624314+00:00", "service": {"name": "dummy-backend"}, "log": {"level": "INFO"}, "route": "/login", "status": 200, "latency_ms": 159, "user_id": "u156", "message": "ok", "trace": {"id": "7268da467230f312"}}
{"@timestamp": "2026-02-09T16:18:22.127332+00:00", "service": {"name": "dummy-backend"}, "log": {"level": "ERROR"}, "route": "/search", "status": 200, "latency_ms": 837, "user_id": "u142", "message": "ok", "trace": {"id": "affe8a4e1ff28b44"}}
{"@timestamp": "2026-02-09T16:18:22.631212+00:00", "service": {"name": "dummy-backend"}, "log": {"level": "INFO"}, "route": "/profile", "status": 200, "latency_ms": 421, "user_id": "u157", "message": "ok", "trace": {"id": "adf6a616ec333986"}}
{"@timestamp": "2026-02-09T16:18:23.133664+00:00", "service": {"name": "dummy-backend"}, "log": {"level": "INFO"}, "route": "/search", "status": 200, "latency_ms": 115, "user_id": "u054", "message": "ok", "trace": {"id": "9769e15f16c37851"}}
{"@timestamp": "2026-02-09T16:18:23.636502+00:00", "service": {"name": "dummy-backend"}, "log": {"level": "INFO"}, "route": "/profile", "status": 200, "latency_ms": 369, "user_id": "u038", "message": "ok", "trace": {"id": "40f56952fabafd38"}}
{"@timestamp": "2026-02-09T16:18:24.138964+00:00", "service": {"name": "dummy-backend"}, "log": {"level": "INFO"}, "route": "/login", "status": 200, "latency_ms": 498, "user_id": "u146", "message": "ok", "trace": {"id": "620072d2cfe6c537"}}
{"@timestamp": "2026-02-09T16:18:24.641471+00:00", "service": {"name": "dummy-backend"}, "log": {"level": "WARN"}, "route": "/logout", "status": 200, "latency_ms": 889, "user_id": "u059", "message": "ok", "trace": {"id": "7028f30da84d7295"}}
{"@timestamp": "2026-02-09T16:18:25.145395+00:00", "service": {"name": "dummy-backend"}, "log": {"level": "INFO"}, "route": "/checkout", "status": 200, "latency_ms": 205, "user_id": "u181", "message": "ok", "trace": {"id": "c0ac764ca02cf3bc"}}
{"@timestamp": "2026-02-09T16:18:25.649070+00:00", "service": {"name": "dummy-backend"}, "log": {"level": "INFO"}, "route": "/checkout", "status": 200, "latency_ms": 630, "user_id": "u139", "message": "ok", "trace": {"id": "c6a79be175d06184"}}
{"@timestamp": "2026-02-09T16:18:26.151605+00:00", "service": {"name": "dummy-backend"}, "log": {"level": "INFO"}, "route": "/checkout", "status": 200, "latency_ms": 564, "user_id": "u054", "message": "ok", "trace": {"id": "b5b7729f7639c874"}}
{"@timestamp": "2026-02-09T16:18:26.654661+00:00", "service": {"name": "dummy-backend"}, "log": {"level": "INFO"}, "route": "/login", "status": 200, "latency_ms": 786, "user_id": "u083", "message": "ok", "trace": {"id": "2cb31752ab9873b9"}}
{"@timestamp": "2026-02-09T16:18:27.157454+00:00", "service": {"name": "dummy-backend"}, "log": {"level": "INFO"}, "route": "/checkout", "status": 200, "latency_ms": 422, "user_id": "u001", "message": "ok", "trace": {"id": "7794a3ca021ec945"}}
{"@timestamp": "2026-02-09T16:18:27.660499+00:00", "service": {"name": "dummy-backend"}, "log": {"level": "INFO"}, "route": "/checkout", "status": 200, "latency_ms": 664, "user_id": "u064", "message": "ok", "trace": {"id": "64392aad356af7cc"}}
{"@timestamp": "2026-02-09T16:18:28.164316+00:00", "service": {"name": "dummy-backend"}, "log": {"level": "INFO"}, "route": "/checkout", "status": 200, "latency_ms": 367, "user_id": "u167", "message": "ok", "trace": {"id": "1e06508eac14a16e"}}
{"@timestamp": "2026-02-09T16:18:28.667250+00:00", "service": {"name": "dummy-backend"}, "log": {"level": "INFO"}, "route": "/logout", "status": 200, "latency_ms": 323, "user_id": "u153", "message": "ok", "trace": {"id": "e65f4e976e9281b8"}}
{"@timestamp": "2026-02-09T16:18:29.169953+00:00", "service": {"name": "dummy-backend"}, "log": {"level": "INFO"}, "route": "/checkout", "status": 200, "latency_ms": 870, "user_id": "u099", "message": "ok", "trace": {"id": "4d58a2b18ebe4ea6"}}
{"@timestamp": "2026-02-09T16:18:29.673002+00:00", "service": {"name": "dummy-backend"}, "log": {"level": "INFO"}, "route": "/profile", "status": 200, "latency_ms": 912, "user_id": "u124", "message": "ok", "trace": {"id": "7b1fd9059529a1bf"}}
{"@timestamp": "2026-02-09T16:18:30.175974+00:00", "service": {"name": "dummy-backend"}, "log": {"level": "INFO"}, "route": "/search", "status": 200, "latency_ms": 225, "user_id": "u060", "message": "ok", "trace": {"id": "acdb564b972ad6cb"}}
{"@timestamp": "2026-02-09T16:18:30.678767+00:00", "service": {"name": "dummy-backend"}, "log": {"level": "INFO"}, "route": "/checkout", "status": 200, "latency_ms": 849, "user_id": "u150", "message": "ok", "trace": {"id": "f6b4536c73cf0d89"}}
{"@timestamp": "2026-02-09T16:18:31.182506+00:00", "service": {"name": "dummy-backend"}, "log": {"level": "INFO"}, "route": "/search", "status": 200, "latency_ms": 853, "user_id": "u064", "message": "ok", "trace": {"id": "b7fdba932fb5cf21"}}
{"@timestamp": "2026-02-09T16:18:31.685232+00:00", "service": {"name": "dummy-backend"}, "log": {"level": "INFO"}, "route": "/profile", "status": 200, "latency_ms": 711, "user_id": "u131", "message": "ok", "trace": {"id": "468a4f0d21986758"}}
{"@timestamp": "2026-02-09T16:18:32.188135+00:00", "service": {"name": "dummy-backend"}, "log": {"level": "INFO"}, "route": "/profile", "status": 200, "latency_ms": 15, "user_id": "u045", "message": "ok", "trace": {"id": "333343a151bc9c89"}}
{"@timestamp": "2026-02-09T16:18:32.691188+00:00", "service": {"name": "dummy-backend"}, "log": {"level": "ERROR"}, "route": "/checkout", "status": 500, "latency_ms": 389, "user_id": "u164", "message": "payment_retry", "trace": {"id": "5374b32d5d9dd2f9"}}
{"@timestamp": "2026-02-09T16:18:33.195312+00:00", "service": {"name": "dummy-backend"}, "log": {"level": "INFO"}, "route": "/login", "status": 200, "latency_ms": 889, "user_id": "u145", "message": "ok", "trace": {"id": "ccfcdfd30e3a530b"}}
{"@timestamp": "2026-02-09T16:18:33.697812+00:00", "service": {"name": "dummy-backend"}, "log": {"level": "INFO"}, "route": "/search", "status": 200, "latency_ms": 1186, "user_id": "u081", "message": "ok", "trace": {"id": "ee4ee627ea59c238"}}
{"@timestamp": "2026-02-09T16:18:34.200316+00:00", "service": {"name": "dummy-backend"}, "log": {"level": "INFO"}, "route": "/profile", "status": 200, "latency_ms": 92, "user_id": "u084", "message": "ok", "trace": {"id": "b688ddbc7c7cbd29"}}
{"@timestamp": "2026-02-09T16:18:34.704186+00:00", "service": {"name": "dummy-backend"}, "log": {"level": "INFO"}, "route": "/logout", "status": 200, "latency_ms": 1185, "user_id": "u037", "message": "ok", "trace": {"id": "64f38277c0dcfdd5"}}
{"@timestamp": "2026-02-09T16:18:35.209000+00:00", "service": {"name": "dummy-backend"}, "log": {"level": "INFO"}, "route": "/search", "status": 200, "latency_ms": 1084, "user_id": "u167", "message": "ok", "trace": {"id": "bb03eb6ef44d57f0"}}
{"@timestamp": "2026-02-09T16:18:35.712128+00:00", "service": {"name": "dummy-backend"}, "log": {"level": "INFO"}, "route": "/profile", "status": 200, "latency_ms": 238, "user_id": "u097", "message": "ok", "trace": {"id": "d032e9ab851d9124"}}
{"@timestamp": "2026-02-09T16:18:36.215639+00:00", "service": {"name": "dummy-backend"}, "log": {"level": "WARN"}, "route": "/login", "status": 200, "latency_ms": 502, "user_id": "u026", "message": "ok", "trace": {"id": "61e09806b843d413"}}
{"@timestamp": "2026-02-09T16:18:36.718950+00:00", "service": {"name": "dummy-backend"}, "log": {"level": "INFO"}, "route": "/profile", "status": 200, "latency_ms": 279, "user_id": "u126", "message": "ok", "trace": {"id": "158f5953d4c7b13a"}}
{"@timestamp": "2026-02-09T16:18:37.221390+00:00", "service": {"name": "dummy-backend"}, "log": {"level": "INFO"}, "route": "/login", "status": 200, "latency_ms": 645, "user_id": "u003", "message": "ok", "trace": {"id": "e4dd76df08c3f293"}}
{"@timestamp": "2026-02-09T16:18:37.724355+00:00", "service": {"name": "dummy-backend"}, "log": {"level": "INFO"}, "route": "/search", "status": 200, "latency_ms": 936, "user_id": "u125", "message": "ok", "trace": {"id": "4f511a87e9ddcda9"}}
{"@timestamp": "2026-02-09T16:18:38.227223+00:00", "service": {"name": "dummy-backend"}, "log": {"level": "INFO"}, "route": "/login", "status": 200, "latency_ms": 86, "user_id": "u188", "message": "ok", "trace": {"id": "287ac6314e623801"}}
{"@timestamp": "2026-02-09T16:18:38.730043+00:00", "service": {"name": "dummy-backend"}, "log": {"level": "INFO"}, "route": "/checkout", "status": 200, "latency_ms": 479, "user_id": "u063", "message": "ok", "trace": {"id": "44522d654a6104d1"}}
{"@timestamp": "2026-02-09T16:18:39.233622+00:00", "service": {"name": "dummy-backend"}, "log": {"level": "INFO"}, "route": "/logout", "status": 200, "latency_ms": 1061, "user_id": "u059", "message": "ok", "trace": {"id": "875d166c67826f6e"}}
{"@timestamp": "2026-02-09T16:18:39.736322+00:00", "service": {"name": "dummy-backend"}, "log": {"level": "INFO"}, "route": "/search", "status": 200, "latency_ms": 103, "user_id": "u188", "message": "ok", "trace": {"id": "f1a7bd0fb5d545f2"}}
{"@timestamp": "2026-02-09T16:18:40.239111+00:00", "service": {"name": "dummy-backend"}, "log": {"level": "INFO"}, "route": "/search", "status": 200, "latency_ms": 816, "user_id": "u154", "message": "ok", "trace": {"id": "ce8883a1cf38e0a5"}}
{"@timestamp": "2026-02-09T16:18:40.741821+00:00", "service": {"name": "dummy-backend"}, "log": {"level": "INFO"}, "route": "/profile", "status": 200, "latency_ms": 1122, "user_id": "u192", "message": "ok", "trace": {"id": "6b58b9e077b6e070"}}
{"@timestamp": "2026-02-09T16:18:41.244782+00:00", "service": {"name": "dummy-backend"}, "log": {"level": "ERROR"}, "route": "/checkout", "status": 422, "latency_ms": 597, "user_id": "u075", "message": "payment_retry", "trace": {"id": "c548354763d4c087"}}
{"@timestamp": "2026-02-09T16:18:41.747246+00:00", "service": {"name": "dummy-backend"}, "log": {"level": "INFO"}, "route": "/search", "status": 200, "latency_ms": 1028, "user_id": "u076", "message": "ok", "trace": {"id": "f877b9381dfa9ce9"}}
{"@timestamp": "2026-02-09T16:18:42.249932+00:00", "service": {"name": "dummy-backend"}, "log": {"level": "INFO"}, "route": "/search", "status": 200, "latency_ms": 1041, "user_id": "u088", "message": "ok", "trace": {"id": "ca3ed67667353456"}}
{"@timestamp": "2026-02-09T16:18:42.753236+00:00", "service": {"name": "dummy-backend"}, "log": {"level": "INFO"}, "route": "/login", "status": 200, "latency_ms": 232, "user_id": "u198", "message": "ok", "trace": {"id": "639822c4e74b505a"}}
{"@timestamp": "2026-02-09T16:18:43.256818+00:00", "service": {"name": "dummy-backend"}, "log": {"level": "INFO"}, "route": "/logout", "status": 200, "latency_ms": 1071, "user_id": "u070", "message": "ok", "trace": {"id": "adcb35ca6651323e"}}
{"@timestamp": "2026-02-09T16:18:43.760016+00:00", "service": {"name": "dummy-backend"}, "log": {"level": "INFO"}, "route": "/login", "status": 200, "latency_ms": 903, "user_id": "u184", "message": "ok", "trace": {"id": "c6ed257bb29ef219"}}
{"@timestamp": "2026-02-09T16:18:44.263521+00:00", "service": {"name": "dummy-backend"}, "log": {"level": "INFO"}, "route": "/checkout", "status": 200, "latency_ms": 916, "user_id": "u030", "message": "ok", "trace": {"id": "14ecd01d615c7666"}}
{"@timestamp": "2026-02-09T16:18:44.766198+00:00", "service": {"name": "dummy-backend"}, "log": {"level": "WARN"}, "route": "/login", "status": 200, "latency_ms": 856, "user_id": "u043", "message": "ok", "trace": {"id": "dfe889a515d454fe"}}
{"@timestamp": "2026-02-09T16:18:45.269523+00:00", "service": {"name": "dummy-backend"}, "log": {"level": "INFO"}, "route": "/profile", "status": 200, "latency_ms": 526, "user_id": "u020", "message": "ok", "trace": {"id": "dae0610796df4faa"}}
{"@timestamp": "2026-02-09T16:18:45.772200+00:00", "service": {"name": "dummy-backend"}, "log": {"level": "INFO"}, "route": "/profile", "status": 200, "latency_ms": 665, "user_id": "u151", "message": "ok", "trace": {"id": "9d3b6c3de1f400af"}}
{"@timestamp": "2026-02-09T16:18:46.274993+00:00", "service": {"name": "dummy-backend"}, "log": {"level": "INFO"}, "route": "/search", "status": 200, "latency_ms": 1195, "user_id": "u194", "message": "ok", "trace": {"id": "30adc028fc817372"}}
{"@timestamp": "2026-02-09T16:18:46.778130+00:00", "service": {"name": "dummy-backend"}, "log": {"level": "INFO"}, "route": "/search", "status": 200, "latency_ms": 872, "user_id": "u093", "message": "ok", "trace": {"id": "36db39f137dc2c9e"}}
{"@timestamp": "2026-02-09T16:18:47.281380+00:00", "service": {"name": "dummy-backend"}, "log": {"level": "INFO"}, "route": "/profile", "status": 200, "latency_ms": 439, "user_id": "u007", "message": "ok", "trace": {"id": "e9911491636d3ee4"}}
{"@timestamp": "2026-02-09T16:18:47.783785+00:00", "service": {"name": "dummy-backend"}, "log": {"level": "INFO"}, "route": "/profile", "status": 200, "latency_ms": 112, "user_id": "u039", "message": "ok", "trace": {"id": "2d4640d463f6f560"}}
{"@timestamp": "2026-02-09T16:18:48.286319+00:00", "service": {"name": "dummy-backend"}, "log": {"level": "INFO"}, "route": "/logout", "status": 200, "latency_ms": 840, "user_id": "u024", "message": "ok", "trace": {"id": "8d151453af6ed34d"}}
{"@timestamp": "2026-02-09T16:18:48.789833+00:00", "service": {"name": "dummy-backend"}, "log": {"level": "INFO"}, "route": "/login", "status": 200, "latency_ms": 601, "user_id": "u112", "message": "ok", "trace": {"id": "b499aa80ed920237"}}
{"@timestamp": "2026-02-09T16:18:49.292461+00:00", "service": {"name": "dummy-backend"}, "log": {"level": "INFO"}, "route": "/profile", "status": 200, "latency_ms": 612, "user_id": "u107", "message": "ok", "trace": {"id": "1d84689c3bf30a99"}}
{"@timestamp": "2026-02-09T16:18:49.797760+00:00", "service": {"name": "dummy-backend"}, "log": {"level": "WARN"}, "route": "/login", "status": 200, "latency_ms": 989, "user_id": "u120", "message": "ok", "trace": {"id": "d6d929c153502da1"}}
{"@timestamp": "2026-02-09T16:18:50.300412+00:00", "service": {"name": "dummy-backend"}, "log": {"level": "INFO"}, "route": "/checkout", "status": 200, "latency_ms": 679, "user_id": "u007", "message": "ok", "trace": {"id": "379e2e2f77d7ae1a"}}
{"@timestamp": "2026-02-09T16:18:50.803171+00:00", "service": {"name": "dummy-backend"}, "log": {"level": "INFO"}, "route": "/login", "status": 200, "latency_ms": 25, "user_id": "u131", "message": "ok", "trace": {"id": "7b267ba4f734ff78"}}
{"@timestamp": "2026-02-09T16:18:51.306585+00:00", "service": {"name": "dummy-backend"}, "log": {"level": "INFO"}, "route": "/login", "status": 200, "latency_ms": 970, "user_id": "u060", "message": "ok", "trace": {"id": "3a8d1630be3fad38"}}
{"@timestamp": "2026-02-09T16:18:51.809263+00:00", "service": {"name": "dummy-backend"}, "log": {"level": "INFO"}, "route": "/logout", "status": 200, "latency_ms": 244, "user_id": "u193", "message": "ok", "trace": {"id": "39f742b9f32e3e86"}}
{"@timestamp": "2026-02-09T16:18:52.312472+00:00", "service": {"name": "dummy-backend"}, "log": {"level": "ERROR"}, "route": "/login", "status": 401, "latency_ms": 6, "user_id": "u189", "message": "db_timeout", "trace": {"id": "0c68793f819991c0"}}
{"@timestamp": "2026-02-09T16:18:52.816436+00:00", "service": {"name": "dummy-backend"}, "log": {"level": "ERROR"}, "route": "/login", "status": 403, "latency_ms": 426, "user_id": "u118", "message": "db_timeout", "trace": {"id": "6edabb01b9e77c9f"}}
{"@timestamp": "2026-02-09T16:18:53.320089+00:00", "service": {"name": "dummy-backend"}, "log": {"level": "INFO"}, "route": "/search", "status": 200, "latency_ms": 1193, "user_id": "u096", "message": "ok", "trace": {"id": "19933006bf56c728"}}
{"@timestamp": "2026-02-09T16:18:53.822692+00:00", "service": {"name": "dummy-backend"}, "log": {"level": "INFO"}, "route": "/profile", "status": 200, "latency_ms": 223, "user_id": "u193", "message": "ok", "trace": {"id": "876377683e890578"}}
{"@timestamp": "2026-02-09T16:18:54.325203+00:00", "service": {"name": "dummy-backend"}, "log": {"level": "INFO"}, "route": "/profile", "status": 200, "latency_ms": 717, "user_id": "u141", "message": "ok", "trace": {"id": "ef44ae1c5e7245d7"}}
{"@timestamp": "2026-02-09T16:18:54.821374+00:00", "service": {"name": "dummy-backend"}, "log": {"level": "WARN"}, "route": "/checkout", "status": 422, "latency_ms": 39, "user_id": "u054", "message": "payment_retry", "trace": {"id": "c038eb1fb4e3cc29"}}
{"@timestamp": "2026-02-09T16:18:55.324013+00:00", "service": {"name": "dummy-backend"}, "log": {"level": "INFO"}, "route": "/login", "status": 200, "latency_ms": 878, "user_id": "u196", "message": "ok", "trace": {"id": "d22db841c0654797"}}
{"@timestamp": "2026-02-09T16:18:55.829836+00:00", "service": {"name": "dummy-backend"}, "log": {"level": "INFO"}, "route": "/login", "status": 200, "latency_ms": 667, "user_id": "u064", "message": "ok", "trace": {"id": "c260c20d9bc6f7dd"}}
{"@timestamp": "2026-02-09T16:18:56.332669+00:00", "service": {"name": "dummy-backend"}, "log": {"level": "INFO"}, "route": "/checkout", "status": 200, "latency_ms": 915, "user_id": "u175", "message": "ok", "trace": {"id": "66dc5b1965c1d581"}}
{"@timestamp": "2026-02-09T16:18:56.838348+00:00", "service": {"name": "dummy-backend"}, "log": {"level": "INFO"}, "route": "/profile", "status": 200, "latency_ms": 724, "user_id": "u172", "message": "ok", "trace": {"id": "a3b08f0c2c991dcc"}}
{"@timestamp": "2026-02-09T16:18:57.341237+00:00", "service": {"name": "dummy-backend"}, "log": {"level": "WARN"}, "route": "/search", "status": 200, "latency_ms": 150, "user_id": "u012", "message": "ok", "trace": {"id": "cdfdb16b20cc5632"}}
{"@timestamp": "2026-02-09T16:18:57.843959+00:00", "service": {"name": "dummy-backend"}, "log": {"level": "INFO"}, "route": "/logout", "status": 200, "latency_ms": 493, "user_id": "u044", "message": "ok", "trace": {"id": "79bfd25f420fb560"}}
{"@timestamp": "2026-02-09T16:18:58.346478+00:00", "service": {"name": "dummy-backend"}, "log": {"level": "INFO"}, "route": "/profile", "status": 200, "latency_ms": 294, "user_id": "u085", "message": "ok", "trace": {"id": "645c5b5c39f011cb"}}
{"@timestamp": "2026-02-09T16:18:58.849230+00:00", "service": {"name": "dummy-backend"}, "log": {"level": "INFO"}, "route": "/search", "status": 200, "latency_ms": 260, "user_id": "u060", "message": "ok", "trace": {"id": "e1f4bb93da2473af"}}
{"@timestamp": "2026-02-09T16:18:59.352284+00:00", "service": {"name": "dummy-backend"}, "log": {"level": "WARN"}, "route": "/search", "status": 200, "latency_ms": 859, "user_id": "u145", "message": "ok", "trace": {"id": "2b190d7452eec660"}}
{"@timestamp": "2026-02-09T16:18:59.854692+00:00", "service": {"name": "dummy-backend"}, "log": {"level": "INFO"}, "route": "/checkout", "status": 200, "latency_ms": 76, "user_id": "u141", "message": "ok", "trace": {"id": "35931da39350925a"}}
{"@timestamp": "2026-02-09T16:19:00.357643+00:00", "service": {"name": "dummy-backend"}, "log": {"level": "INFO"}, "route": "/profile", "status": 200, "latency_ms": 46, "user_id": "u063", "message": "ok", "trace": {"id": "d93d89d5962501eb"}}
{"@timestamp": "2026-02-09T16:19:00.870961+00:00", "service": {"name": "dummy-backend"}, "log": {"level": "INFO"}, "route": "/profile", "status": 200, "latency_ms": 610, "user_id": "u166", "message": "ok", "trace": {"id": "b928ca2547a1aa4a"}}
{"@timestamp": "2026-02-09T16:19:01.373910+00:00", "service": {"name": "dummy-backend"}, "log": {"level": "INFO"}, "route": "/checkout", "status": 200, "latency_ms": 216, "user_id": "u198", "message": "ok", "trace": {"id": "821940baf3692243"}}
{"@timestamp": "2026-02-09T16:19:01.877646+00:00", "service": {"name": "dummy-backend"}, "log": {"level": "INFO"}, "route": "/search", "status": 200, "latency_ms": 1063, "user_id": "u160", "message": "ok", "trace": {"id": "5404d9327b62159c"}}
{"@timestamp": "2026-02-09T16:19:02.380652+00:00", "service": {"name": "dummy-backend"}, "log": {"level": "ERROR"}, "route": "/checkout", "status": 409, "latency_ms": 1083, "user_id": "u061", "message": "insufficient_stock", "trace": {"id": "9aadebcdacbd9fd8"}}
{"@timestamp": "2026-02-09T16:19:02.883993+00:00", "service": {"name": "dummy-backend"}, "log": {"level": "INFO"}, "route": "/checkout", "status": 200, "latency_ms": 249, "user_id": "u146", "message": "ok", "trace": {"id": "d21d19654144db67"}}
{"@timestamp": "2026-02-09T16:19:03.386975+00:00", "service": {"name": "dummy-backend"}, "log": {"level": "INFO"}, "route": "/search", "status": 200, "latency_ms": 1176, "user_id": "u141", "message": "ok", "trace": {"id": "b88e622c3657f5bf"}}
{"@timestamp": "2026-02-09T16:19:03.890680+00:00", "service": {"name": "dummy-backend"}, "log": {"level": "INFO"}, "route": "/profile", "status": 200, "latency_ms": 28, "user_id": "u069", "message": "ok", "trace": {"id": "c034969539c1f32d"}}
{"@timestamp": "2026-02-09T16:19:04.393109+00:00", "service": {"name": "dummy-backend"}, "log": {"level": "WARN"}, "route": "/checkout", "status": 422, "latency_ms": 113, "user_id": "u137", "message": "payment_retry", "trace": {"id": "5e293c787886f2f7"}}
{"@timestamp": "2026-02-09T16:19:04.895888+00:00", "service": {"name": "dummy-backend"}, "log": {"level": "INFO"}, "route": "/checkout", "status": 200, "latency_ms": 494, "user_id": "u129", "message": "ok", "trace": {"id": "6f0d8d7a53c63cad"}}
{"@timestamp": "2026-02-09T16:19:05.398284+00:00", "service": {"name": "dummy-backend"}, "log": {"level": "INFO"}, "route": "/login", "status": 200, "latency_ms": 378, "user_id": "u111", "message": "ok", "trace": {"id": "df69d40ee2dc8f59"}}
{"@timestamp": "2026-02-09T16:19:05.900954+00:00", "service": {"name": "dummy-backend"}, "log": {"level": "INFO"}, "route": "/logout", "status": 200, "latency_ms": 81, "user_id": "u098", "message": "ok", "trace": {"id": "b7c7c077d905dcf3"}}
{"@timestamp": "2026-02-09T16:19:06.403346+00:00", "service": {"name": "dummy-backend"}, "log": {"level": "INFO"}, "route": "/search", "status": 200, "latency_ms": 98, "user_id": "u033", "message": "ok", "trace": {"id": "c03b671f416ac413"}}
{"@timestamp": "2026-02-09T16:19:06.905790+00:00", "service": {"name": "dummy-backend"}, "log": {"level": "INFO"}, "route": "/login", "status": 200, "latency_ms": 477, "user_id": "u103", "message": "ok", "trace": {"id": "df0212173de8c449"}}
{"@timestamp": "2026-02-09T16:19:07.408235+00:00", "service": {"name": "dummy-backend"}, "log": {"level": "INFO"}, "route": "/profile", "status": 200, "latency_ms": 594, "user_id": "u084", "message": "ok", "trace": {"id": "5e0f6f6e75e3bb94"}}
{"@timestamp": "2026-02-09T16:19:07.911648+00:00", "service": {"name": "dummy-backend"}, "log": {"level": "INFO"}, "route": "/search", "status": 200, "latency_ms": 474, "user_id": "u022", "message": "ok", "trace": {"id": "de2e37276f1a419f"}}
{"@timestamp": "2026-02-09T16:19:08.414049+00:00", "service": {"name": "dummy-backend"}, "log": {"level": "INFO"}, "route": "/login", "status": 200, "latency_ms": 198, "user_id": "u197", "message": "ok", "trace": {"id": "5de26dc33fd5e141"}}
{"@timestamp": "2026-02-09T16:19:08.917181+00:00", "service": {"name": "dummy-backend"}, "log": {"level": "INFO"}, "route": "/logout", "status": 200, "latency_ms": 823, "user_id": "u008", "message": "ok", "trace": {"id": "40243a18b6826f0f"}}
{"@timestamp": "2026-02-09T16:19:09.420254+00:00", "service": {"name": "dummy-backend"}, "log": {"level": "INFO"}, "route": "/profile", "status": 200, "latency_ms": 310, "user_id": "u158", "message": "ok", "trace": {"id": "98dfd9b28cbe30a1"}}
{"@timestamp": "2026-02-09T16:19:09.922618+00:00", "service": {"name": "dummy-backend"}, "log": {"level": "INFO"}, "route": "/logout", "status": 200, "latency_ms": 536, "user_id": "u083", "message": "ok", "trace": {"id": "9fa54c5055a99d65"}}
{"@timestamp": "2026-02-09T16:19:10.424885+00:00", "service": {"name": "dummy-backend"}, "log": {"level": "INFO"}, "route": "/search", "status": 200, "latency_ms": 613, "user_id": "u003", "message": "ok", "trace": {"id": "d90cec3e110d2956"}}
{"@timestamp": "2026-02-09T16:19:10.927370+00:00", "service": {"name": "dummy-backend"}, "log": {"level": "INFO"}, "route": "/logout", "status": 200, "latency_ms": 816, "user_id": "u095", "message": "ok", "trace": {"id": "2e7c6ec5a5387c46"}}
{"@timestamp": "2026-02-09T16:19:11.430649+00:00", "service": {"name": "dummy-backend"}, "log": {"level": "INFO"}, "route": "/profile", "status": 200, "latency_ms": 977, "user_id": "u032", "message": "ok", "trace": {"id": "1d01d362c690a333"}}
{"@timestamp": "2026-02-09T16:19:11.933265+00:00", "service": {"name": "dummy-backend"}, "log": {"level": "INFO"}, "route": "/profile", "status": 200, "latency_ms": 182, "user_id": "u111", "message": "ok", "trace": {"id": "068638ac5209f56b"}}
{"@timestamp": "2026-02-09T16:19:12.436196+00:00", "service": {"name": "dummy-backend"}, "log": {"level": "WARN"}, "route": "/checkout", "status": 422, "latency_ms": 567, "user_id": "u160", "message": "payment_retry", "trace": {"id": "7da5d38c2c9b46c3"}}
{"@timestamp": "2026-02-09T16:19:12.938523+00:00", "service": {"name": "dummy-backend"}, "log": {"level": "WARN"}, "route": "/search", "status": 200, "latency_ms": 572, "user_id": "u175", "message": "ok", "trace": {"id": "fef85ba10439d83c"}}
{"@timestamp": "2026-02-09T16:19:13.441466+00:00", "service": {"name": "dummy-backend"}, "log": {"level": "WARN"}, "route": "/search", "status": 200, "latency_ms": 346, "user_id": "u076", "message": "ok", "trace": {"id": "589c16db5f91d398"}}
{"@timestamp": "2026-02-09T16:19:13.944162+00:00", "service": {"name": "dummy-backend"}, "log": {"level": "INFO"}, "route": "/checkout", "status": 200, "latency_ms": 937, "user_id": "u060", "message": "ok", "trace": {"id": "964501862bc2b48e"}}
{"@timestamp": "2026-02-09T16:19:14.447311+00:00", "service": {"name": "dummy-backend"}, "log": {"level": "INFO"}, "route": "/search", "status": 200, "latency_ms": 276, "user_id": "u046", "message": "ok", "trace": {"id": "a96d9491664183e4"}}
{"@timestamp": "2026-02-09T16:19:14.950075+00:00", "service": {"name": "dummy-backend"}, "log": {"level": "INFO"}, "route": "/logout", "status": 200, "latency_ms": 122, "user_id": "u170", "message": "ok", "trace": {"id": "97656760d465666c"}}
{"@timestamp": "2026-02-09T16:19:15.453686+00:00", "service": {"name": "dummy-backend"}, "log": {"level": "INFO"}, "route": "/login", "status": 200, "latency_ms": 1146, "user_id": "u076", "message": "ok", "trace": {"id": "05dee846fbe179e8"}}
{"@timestamp": "2026-02-09T16:19:15.957484+00:00", "service": {"name": "dummy-backend"}, "log": {"level": "INFO"}, "route": "/checkout", "status": 200, "latency_ms": 12, "user_id": "u029", "message": "ok", "trace": {"id": "81a017c642646320"}}
{"@timestamp": "2026-02-09T16:19:16.461625+00:00", "service": {"name": "dummy-backend"}, "log": {"level": "WARN"}, "route": "/profile", "status": 200, "latency_ms": 615, "user_id": "u162", "message": "ok", "trace": {"id": "bef8c12436fe7fe9"}}
{"@timestamp": "2026-02-09T16:19:16.965625+00:00", "service": {"name": "dummy-backend"}, "log": {"level": "INFO"}, "route": "/profile", "status": 200, "latency_ms": 588, "user_id": "u102", "message": "ok", "trace": {"id": "2c357ca81b14fc35"}}
{"@timestamp": "2026-02-09T16:19:17.468074+00:00", "service": {"name": "dummy-backend"}, "log": {"level": "INFO"}, "route": "/logout", "status": 200, "latency_ms": 951, "user_id": "u055", "message": "ok", "trace": {"id": "554c868d12221c50"}}
{"@timestamp": "2026-02-09T16:19:17.971550+00:00", "service": {"name": "dummy-backend"}, "log": {"level": "INFO"}, "route": "/login", "status": 200, "latency_ms": 655, "user_id": "u114", "message": "ok", "trace": {"id": "7e18eb50b9c3656d"}}
{"@timestamp": "2026-02-09T16:19:18.475861+00:00", "service": {"name": "dummy-backend"}, "log": {"level": "INFO"}, "route": "/logout", "status": 200, "latency_ms": 217, "user_id": "u138", "message": "ok", "trace": {"id": "8b4513eeeb2e74b9"}}
{"@timestamp": "2026-02-09T16:19:18.979011+00:00", "service": {"name": "dummy-backend"}, "log": {"level": "INFO"}, "route": "/login", "status": 200, "latency_ms": 46, "user_id": "u142", "message": "ok", "trace": {"id": "b3654fe9a58d942b"}}
{"@timestamp": "2026-02-09T16:19:19.481821+00:00", "service": {"name": "dummy-backend"}, "log": {"level": "INFO"}, "route": "/login", "status": 200, "latency_ms": 673, "user_id": "u188", "message": "ok", "trace": {"id": "b97e4473e08139f4"}}
{"@timestamp": "2026-02-09T16:19:19.984713+00:00", "service": {"name": "dummy-backend"}, "log": {"level": "INFO"}, "route": "/checkout", "status": 200, "latency_ms": 955, "user_id": "u143", "message": "ok", "trace": {"id": "be8a174b33542172"}}
{"@timestamp": "2026-02-09T16:19:20.487221+00:00", "service": {"name": "dummy-backend"}, "log": {"level": "INFO"}, "route": "/login", "status": 200, "latency_ms": 750, "user_id": "u155", "message": "ok", "trace": {"id": "a4613c43a398d7ae"}}
{"@timestamp": "2026-02-09T16:19:20.989805+00:00", "service": {"name": "dummy-backend"}, "log": {"level": "INFO"}, "route": "/logout", "status": 200, "latency_ms": 656, "user_id": "u128", "message": "ok", "trace": {"id": "14b2cc522f76fe22"}}
{"@timestamp": "2026-02-09T16:19:21.493052+00:00", "service": {"name": "dummy-backend"}, "log": {"level": "INFO"}, "route": "/profile", "status": 200, "latency_ms": 151, "user_id": "u185", "message": "ok", "trace": {"id": "876cad90038b8246"}}
{"@timestamp": "2026-02-09T16:19:21.996033+00:00", "service": {"name": "dummy-backend"}, "log": {"level": "INFO"}, "route": "/logout", "status": 200, "latency_ms": 295, "user_id": "u148", "message": "ok", "trace": {"id": "153483080ea5e1a7"}}
{"@timestamp": "2026-02-09T16:19:22.498695+00:00", "service": {"name": "dummy-backend"}, "log": {"level": "INFO"}, "route": "/logout", "status": 200, "latency_ms": 1097, "user_id": "u173", "message": "ok", "trace": {"id": "d5d7e47bbd36c601"}}
{"@timestamp": "2026-02-09T16:19:23.001516+00:00", "service": {"name": "dummy-backend"}, "log": {"level": "INFO"}, "route": "/checkout", "status": 200, "latency_ms": 443, "user_id": "u024", "message": "ok", "trace": {"id": "945ad002ee67fec5"}}
{"@timestamp": "2026-02-09T16:19:23.504341+00:00", "service": {"name": "dummy-backend"}, "log": {"level": "INFO"}, "route": "/login", "status": 200, "latency_ms": 419, "user_id": "u041", "message": "ok", "trace": {"id": "a4a303c539ef90a9"}}
{"@timestamp": "2026-02-09T16:19:24.007015+00:00", "service": {"name": "dummy-backend"}, "log": {"level": "ERROR"}, "route": "/login", "status": 403, "latency_ms": 1171, "user_id": "u039", "message": "token_expired", "trace": {"id": "7ac2edae716a258b"}}
{"@timestamp": "2026-02-09T16:19:24.509794+00:00", "service": {"name": "dummy-backend"}, "log": {"level": "INFO"}, "route": "/search", "status": 200, "latency_ms": 113, "user_id": "u025", "message": "ok", "trace": {"id": "42dbaedcfd51d67d"}}
{"@timestamp": "2026-02-09T16:19:25.007114+00:00", "service": {"name": "dummy-backend"}, "log": {"level": "INFO"}, "route": "/search", "status": 200, "latency_ms": 158, "user_id": "u093", "message": "ok", "trace": {"id": "3175620017f2289c"}}
{"@timestamp": "2026-02-09T16:19:25.509618+00:00", "service": {"name": "dummy-backend"}, "log": {"level": "INFO"}, "route": "/search", "status": 200, "latency_ms": 1034, "user_id": "u174", "message": "ok", "trace": {"id": "5ead90f0caa2b3f1"}}
{"@timestamp": "2026-02-09T16:19:26.013132+00:00", "service": {"name": "dummy-backend"}, "log": {"level": "INFO"}, "route": "/search", "status": 200, "latency_ms": 107, "user_id": "u100", "message": "ok", "trace": {"id": "b718c8f357ed7d72"}}
{"@timestamp": "2026-02-09T16:19:26.515888+00:00", "service": {"name": "dummy-backend"}, "log": {"level": "INFO"}, "route": "/checkout", "status": 200, "latency_ms": 1011, "user_id": "u027", "message": "ok", "trace": {"id": "73efd1113034b1d4"}}
{"@timestamp": "2026-02-09T16:19:27.018368+00:00", "service": {"name": "dummy-backend"}, "log": {"level": "INFO"}, "route": "/login", "status": 200, "latency_ms": 181, "user_id": "u015", "message": "ok", "trace": {"id": "29c02f1713f50b4a"}}
{"@timestamp": "2026-02-09T16:19:27.520839+00:00", "service": {"name": "dummy-backend"}, "log": {"level": "INFO"}, "route": "/checkout", "status": 200, "latency_ms": 235, "user_id": "u081", "message": "ok", "trace": {"id": "550df090395fee49"}}
{"@timestamp": "2026-02-09T16:19:28.024396+00:00", "service": {"name": "dummy-backend"}, "log": {"level": "INFO"}, "route": "/logout", "status": 200, "latency_ms": 684, "user_id": "u092", "message": "ok", "trace": {"id": "96860a4417c981b7"}}
{"@timestamp": "2026-02-09T16:19:28.527228+00:00", "service": {"name": "dummy-backend"}, "log": {"level": "INFO"}, "route": "/profile", "status": 200, "latency_ms": 1132, "user_id": "u144", "message": "ok", "trace": {"id": "5b4bbf14e5c4a47f"}}
{"@timestamp": "2026-02-09T16:19:29.030035+00:00", "service": {"name": "dummy-backend"}, "log": {"level": "INFO"}, "route": "/logout", "status": 200, "latency_ms": 1183, "user_id": "u184", "message": "ok", "trace": {"id": "acf653bfafe302e5"}}
{"@timestamp": "2026-02-09T16:19:29.533276+00:00", "service": {"name": "dummy-backend"}, "log": {"level": "INFO"}, "route": "/profile", "status": 200, "latency_ms": 41, "user_id": "u004", "message": "ok", "trace": {"id": "83bf9e9bc3e5418d"}}
{"@timestamp": "2026-02-09T16:19:30.036194+00:00", "service": {"name": "dummy-backend"}, "log": {"level": "INFO"}, "route": "/profile", "status": 200, "latency_ms": 889, "user_id": "u200", "message": "ok", "trace": {"id": "3690e6450039707f"}}
{"@timestamp": "2026-02-09T16:19:30.538551+00:00", "service": {"name": "dummy-backend"}, "log": {"level": "INFO"}, "route": "/login", "status": 200, "latency_ms": 155, "user_id": "u129", "message": "ok", "trace": {"id": "161fd831859209df"}}
{"@timestamp": "2026-02-09T16:19:31.041606+00:00", "service": {"name": "dummy-backend"}, "log": {"level": "INFO"}, "route": "/profile", "status": 200, "latency_ms": 239, "user_id": "u178", "message": "ok", "trace": {"id": "db7e25a2e4b33bba"}}
{"@timestamp": "2026-02-09T16:19:31.544405+00:00", "service": {"name": "dummy-backend"}, "log": {"level": "INFO"}, "route": "/search", "status": 200, "latency_ms": 901, "user_id": "u042", "message": "ok", "trace": {"id": "e3a34d06dd52822a"}}
{"@timestamp": "2026-02-09T16:19:32.047265+00:00", "service": {"name": "dummy-backend"}, "log": {"level": "WARN"}, "route": "/login", "status": 200, "latency_ms": 1086, "user_id": "u144", "message": "ok", "trace": {"id": "03d9997b4c687bb7"}}
{"@timestamp": "2026-02-09T16:19:32.551550+00:00", "service": {"name": "dummy-backend"}, "log": {"level": "INFO"}, "route": "/checkout", "status": 200, "latency_ms": 925, "user_id": "u059", "message": "ok", "trace": {"id": "4d4aa78fbc0ce548"}}
{"@timestamp": "2026-02-09T16:19:33.054025+00:00", "service": {"name": "dummy-backend"}, "log": {"level": "WARN"}, "route": "/search", "status": 200, "latency_ms": 295, "user_id": "u108", "message": "ok", "trace": {"id": "20586e032e97acee"}}
{"@timestamp": "2026-02-09T16:19:33.557803+00:00", "service": {"name": "dummy-backend"}, "log": {"level": "INFO"}, "route": "/search", "status": 200, "latency_ms": 1192, "user_id": "u137", "message": "ok", "trace": {"id": "b7fe0c2a5ab814ac"}}
{"@timestamp": "2026-02-09T16:19:34.060566+00:00", "service": {"name": "dummy-backend"}, "log": {"level": "INFO"}, "route": "/logout", "status": 200, "latency_ms": 587, "user_id": "u167", "message": "ok", "trace": {"id": "77fe22da649a7f6d"}}
{"@timestamp": "2026-02-09T16:19:34.564544+00:00", "service": {"name": "dummy-backend"}, "log": {"level": "INFO"}, "route": "/search", "status": 200, "latency_ms": 273, "user_id": "u161", "message": "ok", "trace": {"id": "4b152db27a182262"}}
{"@timestamp": "2026-02-09T16:19:35.068311+00:00", "service": {"name": "dummy-backend"}, "log": {"level": "INFO"}, "route": "/search", "status": 200, "latency_ms": 91, "user_id": "u111", "message": "ok", "trace": {"id": "336eccc24e7bea4a"}}
{"@timestamp": "2026-02-09T16:19:35.572186+00:00", "service": {"name": "dummy-backend"}, "log": {"level": "INFO"}, "route": "/logout", "status": 200, "latency_ms": 1189, "user_id": "u053", "message": "ok", "trace": {"id": "6cdcc3ac10e1b3dc"}}
{"@timestamp": "2026-02-09T16:19:36.074782+00:00", "service": {"name": "dummy-backend"}, "log": {"level": "INFO"}, "route": "/logout", "status": 200, "latency_ms": 660, "user_id": "u181", "message": "ok", "trace": {"id": "84056d1b28634a67"}}
{"@timestamp": "2026-02-09T16:19:36.578049+00:00", "service": {"name": "dummy-backend"}, "log": {"level": "INFO"}, "route": "/login", "status": 200, "latency_ms": 198, "user_id": "u166", "message": "ok", "trace": {"id": "941166599466b53e"}}
{"@timestamp": "2026-02-09T16:19:37.081730+00:00", "service": {"name": "dummy-backend"}, "log": {"level": "INFO"}, "route": "/logout", "status": 200, "latency_ms": 315, "user_id": "u094", "message": "ok", "trace": {"id": "f14145cc3e3d4826"}}
{"@timestamp": "2026-02-09T16:19:37.585314+00:00", "service": {"name": "dummy-backend"}, "log": {"level": "INFO"}, "route": "/checkout", "status": 200, "latency_ms": 1149, "user_id": "u136", "message": "ok", "trace": {"id": "9d950bc6e938229d"}}
{"@timestamp": "2026-02-09T16:19:38.088606+00:00", "service": {"name": "dummy-backend"}, "log": {"level": "INFO"}, "route": "/profile", "status": 200, "latency_ms": 279, "user_id": "u187", "message": "ok", "trace": {"id": "2398d04a2279374c"}}
{"@timestamp": "2026-02-09T16:19:38.591675+00:00", "service": {"name": "dummy-backend"}, "log": {"level": "INFO"}, "route": "/search", "status": 200, "latency_ms": 1078, "user_id": "u074", "message": "ok", "trace": {"id": "cda85ecaefe0b778"}}
{"@timestamp": "2026-02-09T16:19:39.094821+00:00", "service": {"name": "dummy-backend"}, "log": {"level": "INFO"}, "route": "/logout", "status": 200, "latency_ms": 1196, "user_id": "u039", "message": "ok", "trace": {"id": "578a1626c586d453"}}
{"@timestamp": "2026-02-09T16:19:39.597635+00:00", "service": {"name": "dummy-backend"}, "log": {"level": "INFO"}, "route": "/checkout", "status": 200, "latency_ms": 843, "user_id": "u174", "message": "ok", "trace": {"id": "c86a12fdd0d6cadc"}}
{"@timestamp": "2026-02-09T16:19:40.100772+00:00", "service": {"name": "dummy-backend"}, "log": {"level": "INFO"}, "route": "/search", "status": 200, "latency_ms": 347, "user_id": "u018", "message": "ok", "trace": {"id": "f19c50e28dcf185e"}}
{"@timestamp": "2026-02-09T16:19:40.604785+00:00", "service": {"name": "dummy-backend"}, "log": {"level": "INFO"}, "route": "/search", "status": 200, "latency_ms": 498, "user_id": "u056", "message": "ok", "trace": {"id": "74393aed209cb5d8"}}
{"@timestamp": "2026-02-09T16:19:41.107697+00:00", "service": {"name": "dummy-backend"}, "log": {"level": "INFO"}, "route": "/profile", "status": 200, "latency_ms": 462, "user_id": "u108", "message": "ok", "trace": {"id": "03dfad2244432735"}}
{"@timestamp": "2026-02-09T16:19:41.611156+00:00", "service": {"name": "dummy-backend"}, "log": {"level": "INFO"}, "route": "/checkout", "status": 200, "latency_ms": 1166, "user_id": "u161", "message": "ok", "trace": {"id": "3bf1835106b12264"}}
{"@timestamp": "2026-02-09T16:19:42.114235+00:00", "service": {"name": "dummy-backend"}, "log": {"level": "INFO"}, "route": "/profile", "status": 200, "latency_ms": 793, "user_id": "u031", "message": "ok", "trace": {"id": "517a9d5e9489833e"}}
{"@timestamp": "2026-02-09T16:19:42.617903+00:00", "service": {"name": "dummy-backend"}, "log": {"level": "INFO"}, "route": "/login", "status": 200, "latency_ms": 926, "user_id": "u196", "message": "ok", "trace": {"id": "e01663057d1fad7b"}}
{"@timestamp": "2026-02-09T16:19:43.121118+00:00", "service": {"name": "dummy-backend"}, "log": {"level": "WARN"}, "route": "/login", "status": 200, "latency_ms": 809, "user_id": "u067", "message": "ok", "trace": {"id": "5c6a7a79410d85a6"}}
{"@timestamp": "2026-02-09T16:19:43.625386+00:00", "service": {"name": "dummy-backend"}, "log": {"level": "INFO"}, "route": "/checkout", "status": 200, "latency_ms": 338, "user_id": "u076", "message": "ok", "trace": {"id": "bb6e543b2505a8dd"}}
{"@timestamp": "2026-02-09T16:19:44.127918+00:00", "service": {"name": "dummy-backend"}, "log": {"level": "INFO"}, "route": "/login", "status": 200, "latency_ms": 998, "user_id": "u041", "message": "ok", "trace": {"id": "d803d9ac2cb4611d"}}
{"@timestamp": "2026-02-09T16:19:44.637936+00:00", "service": {"name": "dummy-backend"}, "log": {"level": "WARN"}, "route": "/checkout", "status": 409, "latency_ms": 213, "user_id": "u051", "message": "insufficient_stock", "trace": {"id": "21670f69e36f9d0e"}}
{"@timestamp": "2026-02-09T16:19:45.140117+00:00", "service": {"name": "dummy-backend"}, "log": {"level": "INFO"}, "route": "/search", "status": 200, "latency_ms": 518, "user_id": "u124", "message": "ok", "trace": {"id": "a4c06c125363160e"}}
{"@timestamp": "2026-02-09T16:19:45.643063+00:00", "service": {"name": "dummy-backend"}, "log": {"level": "ERROR"}, "route": "/search", "status": 200, "latency_ms": 1013, "user_id": "u108", "message": "ok", "trace": {"id": "893c597104292373"}}
{"@timestamp": "2026-02-09T16:19:46.145287+00:00", "service": {"name": "dummy-backend"}, "log": {"level": "INFO"}, "route": "/login", "status": 200, "latency_ms": 985, "user_id": "u106", "message": "ok", "trace": {"id": "f3305c4a708f1d94"}}
{"@timestamp": "2026-02-09T16:19:46.648407+00:00", "service": {"name": "dummy-backend"}, "log": {"level": "INFO"}, "route": "/logout", "status": 200, "latency_ms": 281, "user_id": "u007", "message": "ok", "trace": {"id": "27a93c6d5746c4ca"}}
{"@timestamp": "2026-02-09T16:19:47.151031+00:00", "service": {"name": "dummy-backend"}, "log": {"level": "INFO"}, "route": "/profile", "status": 200, "latency_ms": 808, "user_id": "u084", "message": "ok", "trace": {"id": "204f15d7d31822f9"}}
{"@timestamp": "2026-02-09T16:19:47.654555+00:00", "service": {"name": "dummy-backend"}, "log": {"level": "INFO"}, "route": "/search", "status": 200, "latency_ms": 973, "user_id": "u174", "message": "ok", "trace": {"id": "89e5f7911f7c4e6a"}}
{"@timestamp": "2026-02-09T16:19:48.157703+00:00", "service": {"name": "dummy-backend"}, "log": {"level": "INFO"}, "route": "/logout", "status": 200, "latency_ms": 217, "user_id": "u087", "message": "ok", "trace": {"id": "b4bc37f343f011f6"}}
{"@timestamp": "2026-02-09T16:19:48.660791+00:00", "service": {"name": "dummy-backend"}, "log": {"level": "ERROR"}, "route": "/search", "status": 200, "latency_ms": 892, "user_id": "u199", "message": "ok", "trace": {"id": "9522e61499a893ee"}}
{"@timestamp": "2026-02-09T16:19:49.163252+00:00", "service": {"name": "dummy-backend"}, "log": {"level": "INFO"}, "route": "/logout", "status": 200, "latency_ms": 731, "user_id": "u137", "message": "ok", "trace": {"id": "7e4eb06ec9621b04"}}
{"@timestamp": "2026-02-09T16:19:49.666204+00:00", "service": {"name": "dummy-backend"}, "log": {"level": "INFO"}, "route": "/logout", "status": 200, "latency_ms": 94, "user_id": "u186", "message": "ok", "trace": {"id": "f6c08feab2ec15ee"}}
{"@timestamp": "2026-02-09T16:19:50.169457+00:00", "service": {"name": "dummy-backend"}, "log": {"level": "INFO"}, "route": "/logout", "status": 200, "latency_ms": 894, "user_id": "u030", "message": "ok", "trace": {"id": "95e34dd8db8831e9"}}
{"@timestamp": "2026-02-09T16:19:50.672278+00:00", "service": {"name": "dummy-backend"}, "log": {"level": "INFO"}, "route": "/login", "status": 200, "latency_ms": 802, "user_id": "u128", "message": "ok", "trace": {"id": "a26d4aad2af38a86"}}
{"@timestamp": "2026-02-09T16:19:51.174870+00:00", "service": {"name": "dummy-backend"}, "log": {"level": "INFO"}, "route": "/search", "status": 200, "latency_ms": 1079, "user_id": "u040", "message": "ok", "trace": {"id": "d70ecaf6df393795"}}
{"@timestamp": "2026-02-09T16:19:51.677984+00:00", "service": {"name": "dummy-backend"}, "log": {"level": "INFO"}, "route": "/checkout", "status": 200, "latency_ms": 583, "user_id": "u021", "message": "ok", "trace": {"id": "fe363bcdaad3ea4f"}}
{"@timestamp": "2026-02-09T16:19:52.180422+00:00", "service": {"name": "dummy-backend"}, "log": {"level": "INFO"}, "route": "/logout", "status": 200, "latency_ms": 307, "user_id": "u139", "message": "ok", "trace": {"id": "0bda839cc140e314"}}
{"@timestamp": "2026-02-09T16:19:52.683710+00:00", "service": {"name": "dummy-backend"}, "log": {"level": "INFO"}, "route": "/checkout", "status": 200, "latency_ms": 563, "user_id": "u038", "message": "ok", "trace": {"id": "129b207d11f15685"}}
{"@timestamp": "2026-02-09T16:19:53.185873+00:00", "service": {"name": "dummy-backend"}, "log": {"level": "INFO"}, "route": "/login", "status": 200, "latency_ms": 350, "user_id": "u163", "message": "ok", "trace": {"id": "3b8805e023d228c6"}}
{"@timestamp": "2026-02-09T16:19:53.689240+00:00", "service": {"name": "dummy-backend"}, "log": {"level": "INFO"}, "route": "/logout", "status": 200, "latency_ms": 240, "user_id": "u179", "message": "ok", "trace": {"id": "418715549b334382"}}
{"@timestamp": "2026-02-09T16:19:54.191744+00:00", "service": {"name": "dummy-backend"}, "log": {"level": "INFO"}, "route": "/profile", "status": 200, "latency_ms": 150, "user_id": "u161", "message": "ok", "trace": {"id": "7896b718a7b0714c"}}
{"@timestamp": "2026-02-09T16:19:54.694184+00:00", "service": {"name": "dummy-backend"}, "log": {"level": "INFO"}, "route": "/login", "status": 200, "latency_ms": 15, "user_id": "u131", "message": "ok", "trace": {"id": "e568cff6c7211538"}}
{"@timestamp": "2026-02-09T16:19:55.190538+00:00", "service": {"name": "dummy-backend"}, "log": {"level": "INFO"}, "route": "/checkout", "status": 200, "latency_ms": 1120, "user_id": "u045", "message": "ok", "trace": {"id": "5d36b8f44560cf92"}}
{"@timestamp": "2026-02-09T16:19:55.693256+00:00", "service": {"name": "dummy-backend"}, "log": {"level": "INFO"}, "route": "/login", "status": 200, "latency_ms": 781, "user_id": "u019", "message": "ok", "trace": {"id": "36a44747258226f2"}}
{"@timestamp": "2026-02-09T16:19:56.195709+00:00", "service": {"name": "dummy-backend"}, "log": {"level": "INFO"}, "route": "/logout", "status": 200, "latency_ms": 783, "user_id": "u124", "message": "ok", "trace": {"id": "e33db973cebdc1e1"}}
{"@timestamp": "2026-02-09T16:19:56.698223+00:00", "service": {"name": "dummy-backend"}, "log": {"level": "INFO"}, "route": "/login", "status": 200, "latency_ms": 257, "user_id": "u134", "message": "ok", "trace": {"id": "c801c4dcf39d5a2f"}}
{"@timestamp": "2026-02-09T16:19:57.200914+00:00", "service": {"name": "dummy-backend"}, "log": {"level": "INFO"}, "route": "/search", "status": 200, "latency_ms": 578, "user_id": "u033", "message": "ok", "trace": {"id": "0a136a16a236d3c9"}}
{"@timestamp": "2026-02-09T16:19:57.703507+00:00", "service": {"name": "dummy-backend"}, "log": {"level": "INFO"}, "route": "/login", "status": 200, "latency_ms": 1184, "user_id": "u157", "message": "ok", "trace": {"id": "6084a416602130a1"}}
{"@timestamp": "2026-02-09T16:19:58.206046+00:00", "service": {"name": "dummy-backend"}, "log": {"level": "INFO"}, "route": "/search", "status": 200, "latency_ms": 914, "user_id": "u131", "message": "ok", "trace": {"id": "80db37524d9e8a08"}}
{"@timestamp": "2026-02-09T16:19:58.709698+00:00", "service": {"name": "dummy-backend"}, "log": {"level": "INFO"}, "route": "/profile", "status": 200, "latency_ms": 889, "user_id": "u025", "message": "ok", "trace": {"id": "3797e60a72dbf3fd"}}
{"@timestamp": "2026-02-09T16:19:59.213208+00:00", "service": {"name": "dummy-backend"}, "log": {"level": "INFO"}, "route": "/logout", "status": 200, "latency_ms": 1032, "user_id": "u035", "message": "ok", "trace": {"id": "1f62b210683d44bf"}}
{"@timestamp": "2026-02-09T16:19:59.716034+00:00", "service": {"name": "dummy-backend"}, "log": {"level": "INFO"}, "route": "/login", "status": 200, "latency_ms": 946, "user_id": "u106", "message": "ok", "trace": {"id": "8062e6cc254cceae"}}
{"@timestamp": "2026-02-09T16:20:00.218882+00:00", "service": {"name": "dummy-backend"}, "log": {"level": "INFO"}, "route": "/logout", "status": 200, "latency_ms": 798, "user_id": "u006", "message": "ok", "trace": {"id": "30da7700eb482dee"}}
{"@timestamp": "2026-02-09T16:20:00.722124+00:00", "service": {"name": "dummy-backend"}, "log": {"level": "INFO"}, "route": "/logout", "status": 200, "latency_ms": 35, "user_id": "u198", "message": "ok", "trace": {"id": "fbb6a0a91a819ebc"}}
{"@timestamp": "2026-02-09T16:20:01.225059+00:00", "service": {"name": "dummy-backend"}, "log": {"level": "INFO"}, "route": "/search", "status": 200, "latency_ms": 1167, "user_id": "u186", "message": "ok", "trace": {"id": "f158ee42d79fd190"}}
{"@timestamp": "2026-02-09T16:20:01.728760+00:00", "service": {"name": "dummy-backend"}, "log": {"level": "INFO"}, "route": "/profile", "status": 200, "latency_ms": 549, "user_id": "u078", "message": "ok", "trace": {"id": "a004f80c4eb0022c"}}
{"@timestamp": "2026-02-09T16:20:02.231586+00:00", "service": {"name": "dummy-backend"}, "log": {"level": "INFO"}, "route": "/profile", "status": 200, "latency_ms": 1141, "user_id": "u040", "message": "ok", "trace": {"id": "8f685ec46afacf18"}}
{"@timestamp": "2026-02-09T16:20:02.734388+00:00", "service": {"name": "dummy-backend"}, "log": {"level": "ERROR"}, "route": "/search", "status": 200, "latency_ms": 975, "user_id": "u038", "message": "ok", "trace": {"id": "38db21791d5943fd"}}
{"@timestamp": "2026-02-09T16:20:03.237270+00:00", "service": {"name": "dummy-backend"}, "log": {"level": "INFO"}, "route": "/profile", "status": 200, "latency_ms": 512, "user_id": "u049", "message": "ok", "trace": {"id": "c152e4f5153f8ac8"}}
{"@timestamp": "2026-02-09T16:20:03.740296+00:00", "service": {"name": "dummy-backend"}, "log": {"level": "INFO"}, "route": "/logout", "status": 200, "latency_ms": 1138, "user_id": "u174", "message": "ok", "trace": {"id": "267e00d1b75b943f"}}
{"@timestamp": "2026-02-09T16:20:04.243079+00:00", "service": {"name": "dummy-backend"}, "log": {"level": "INFO"}, "route": "/checkout", "status": 200, "latency_ms": 947, "user_id": "u078", "message": "ok", "trace": {"id": "d61a5b359e6054b2"}}
{"@timestamp": "2026-02-09T16:20:04.746363+00:00", "service": {"name": "dummy-backend"}, "log": {"level": "INFO"}, "route": "/logout", "status": 200, "latency_ms": 775, "user_id": "u118", "message": "ok", "trace": {"id": "a37c494b6c9ff882"}}
{"@timestamp": "2026-02-09T16:20:05.249359+00:00", "service": {"name": "dummy-backend"}, "log": {"level": "INFO"}, "route": "/logout", "status": 200, "latency_ms": 948, "user_id": "u148", "message": "ok", "trace": {"id": "fc0a5022bfe29e4b"}}
{"@timestamp": "2026-02-09T16:20:05.752310+00:00", "service": {"name": "dummy-backend"}, "log": {"level": "INFO"}, "route": "/checkout", "status": 200, "latency_ms": 903, "user_id": "u188", "message": "ok", "trace": {"id": "2f71a0f28ec85615"}}
{"@timestamp": "2026-02-09T16:20:06.254784+00:00", "service": {"name": "dummy-backend"}, "log": {"level": "INFO"}, "route": "/checkout", "status": 200, "latency_ms": 359, "user_id": "u082", "message": "ok", "trace": {"id": "d63f6e299e8af0ab"}}
{"@timestamp": "2026-02-09T16:20:06.758281+00:00", "service": {"name": "dummy-backend"}, "log": {"level": "INFO"}, "route": "/checkout", "status": 200, "latency_ms": 488, "user_id": "u040", "message": "ok", "trace": {"id": "e1de137627e5d305"}}
{"@timestamp": "2026-02-09T16:20:07.261415+00:00", "service": {"name": "dummy-backend"}, "log": {"level": "INFO"}, "route": "/checkout", "status": 200, "latency_ms": 534, "user_id": "u170", "message": "ok", "trace": {"id": "5c77aa9e93c37b9b"}}
{"@timestamp": "2026-02-09T16:20:07.766167+00:00", "service": {"name": "dummy-backend"}, "log": {"level": "ERROR"}, "route": "/profile", "status": 200, "latency_ms": 406, "user_id": "u180", "message": "ok", "trace": {"id": "d8357e686afbd98a"}}
{"@timestamp": "2026-02-09T16:20:08.268721+00:00", "service": {"name": "dummy-backend"}, "log": {"level": "WARN"}, "route": "/search", "status": 200, "latency_ms": 1013, "user_id": "u175", "message": "ok", "trace": {"id": "62e8e1e5a1814f92"}}
{"@timestamp": "2026-02-09T16:20:08.771454+00:00", "service": {"name": "dummy-backend"}, "log": {"level": "INFO"}, "route": "/checkout", "status": 200, "latency_ms": 535, "user_id": "u153", "message": "ok", "trace": {"id": "fc9c8647cef8a3d1"}}
{"@timestamp": "2026-02-09T16:20:09.273777+00:00", "service": {"name": "dummy-backend"}, "log": {"level": "INFO"}, "route": "/logout", "status": 200, "latency_ms": 273, "user_id": "u053", "message": "ok", "trace": {"id": "a4149083b13a15a0"}}
{"@timestamp": "2026-02-09T16:20:09.776080+00:00", "service": {"name": "dummy-backend"}, "log": {"level": "INFO"}, "route": "/logout", "status": 200, "latency_ms": 1109, "user_id": "u065", "message": "ok", "trace": {"id": "597fe3951c494e10"}}
{"@timestamp": "2026-02-09T16:20:10.278594+00:00", "service": {"name": "dummy-backend"}, "log": {"level": "INFO"}, "route": "/search", "status": 200, "latency_ms": 148, "user_id": "u173", "message": "ok", "trace": {"id": "243f98edbcfa6ee2"}}
{"@timestamp": "2026-02-09T16:20:10.781494+00:00", "service": {"name": "dummy-backend"}, "log": {"level": "INFO"}, "route": "/logout", "status": 200, "latency_ms": 923, "user_id": "u026", "message": "ok", "trace": {"id": "80e07d3de66cdee4"}}
{"@timestamp": "2026-02-09T16:20:11.284633+00:00", "service": {"name": "dummy-backend"}, "log": {"level": "INFO"}, "route": "/login", "status": 200, "latency_ms": 1138, "user_id": "u100", "message": "ok", "trace": {"id": "dbc823ec9925c55d"}}
{"@timestamp": "2026-02-09T16:20:11.787937+00:00", "service": {"name": "dummy-backend"}, "log": {"level": "INFO"}, "route": "/logout", "status": 200, "latency_ms": 604, "user_id": "u017", "message": "ok", "trace": {"id": "b1c734fe537daa4e"}}
{"@timestamp": "2026-02-09T16:20:12.290075+00:00", "service": {"name": "dummy-backend"}, "log": {"level": "INFO"}, "route": "/logout", "status": 200, "latency_ms": 599, "user_id": "u114", "message": "ok", "trace": {"id": "71c9df3d50d20d2e"}}
{"@timestamp": "2026-02-09T16:20:12.792151+00:00", "service": {"name": "dummy-backend"}, "log": {"level": "WARN"}, "route": "/profile", "status": 200, "latency_ms": 773, "user_id": "u131", "message": "ok", "trace": {"id": "3e86a98f9349822b"}}
{"@timestamp": "2026-02-09T16:20:13.294166+00:00", "service": {"name": "dummy-backend"}, "log": {"level": "INFO"}, "route": "/profile", "status": 200, "latency_ms": 564, "user_id": "u015", "message": "ok", "trace": {"id": "f8014baa9976789f"}}
{"@timestamp": "2026-02-09T16:20:13.796961+00:00", "service": {"name": "dummy-backend"}, "log": {"level": "INFO"}, "route": "/search", "status": 200, "latency_ms": 291, "user_id": "u151", "message": "ok", "trace": {"id": "1a188ea2b4398c9e"}}
{"@timestamp": "2026-02-09T16:20:14.299790+00:00", "service": {"name": "dummy-backend"}, "log": {"level": "INFO"}, "route": "/login", "status": 200, "latency_ms": 810, "user_id": "u015", "message": "ok", "trace": {"id": "7d1429e8a6590169"}}
{"@timestamp": "2026-02-09T16:20:14.803134+00:00", "service": {"name": "dummy-backend"}, "log": {"level": "INFO"}, "route": "/search", "status": 200, "latency_ms": 149, "user_id": "u003", "message": "ok", "trace": {"id": "e27809ac4dd4a844"}}
{"@timestamp": "2026-02-09T16:20:15.306320+00:00", "service": {"name": "dummy-backend"}, "log": {"level": "WARN"}, "route": "/logout", "status": 200, "latency_ms": 500, "user_id": "u095", "message": "ok", "trace": {"id": "d0577712be62326c"}}
{"@timestamp": "2026-02-09T16:20:15.809799+00:00", "service": {"name": "dummy-backend"}, "log": {"level": "INFO"}, "route": "/profile", "status": 200, "latency_ms": 606, "user_id": "u165", "message": "ok", "trace": {"id": "f35f05af1c8f8318"}}
{"@timestamp": "2026-02-09T16:20:16.313127+00:00", "service": {"name": "dummy-backend"}, "log": {"level": "INFO"}, "route": "/checkout", "status": 200, "latency_ms": 499, "user_id": "u002", "message": "ok", "trace": {"id": "79640ca83e659a47"}}
{"@timestamp": "2026-02-09T16:20:16.817308+00:00", "service": {"name": "dummy-backend"}, "log": {"level": "INFO"}, "route": "/search", "status": 200, "latency_ms": 815, "user_id": "u012", "message": "ok", "trace": {"id": "c6827730b04fa836"}}
{"@timestamp": "2026-02-09T16:20:17.321500+00:00", "service": {"name": "dummy-backend"}, "log": {"level": "INFO"}, "route": "/search", "status": 200, "latency_ms": 165, "user_id": "u126", "message": "ok", "trace": {"id": "aa427cb3cbe71586"}}
{"@timestamp": "2026-02-09T16:20:17.823925+00:00", "service": {"name": "dummy-backend"}, "log": {"level": "INFO"}, "route": "/login", "status": 200, "latency_ms": 702, "user_id": "u180", "message": "ok", "trace": {"id": "998ba772c52cb920"}}
{"@timestamp": "2026-02-09T16:20:18.326306+00:00", "service": {"name": "dummy-backend"}, "log": {"level": "INFO"}, "route": "/profile", "status": 200, "latency_ms": 293, "user_id": "u018", "message": "ok", "trace": {"id": "ffbc530f8b06140b"}}
{"@timestamp": "2026-02-09T16:20:18.830398+00:00", "service": {"name": "dummy-backend"}, "log": {"level": "INFO"}, "route": "/checkout", "status": 200, "latency_ms": 1113, "user_id": "u049", "message": "ok", "trace": {"id": "53fed33729c7557d"}}
{"@timestamp": "2026-02-09T16:20:19.333311+00:00", "service": {"name": "dummy-backend"}, "log": {"level": "INFO"}, "route": "/profile", "status": 200, "latency_ms": 867, "user_id": "u100", "message": "ok", "trace": {"id": "e2c7a783a2844761"}}
{"@timestamp": "2026-02-09T16:20:19.836887+00:00", "service": {"name": "dummy-backend"}, "log": {"level": "INFO"}, "route": "/checkout", "status": 200, "latency_ms": 872, "user_id": "u104", "message": "ok", "trace": {"id": "32682e98924c3064"}}
{"@timestamp": "2026-02-09T16:20:20.339883+00:00", "service": {"name": "dummy-backend"}, "log": {"level": "INFO"}, "route": "/checkout", "status": 200, "latency_ms": 953, "user_id": "u019", "message": "ok", "trace": {"id": "96b158419281e09f"}}
{"@timestamp": "2026-02-09T16:20:20.842563+00:00", "service": {"name": "dummy-backend"}, "log": {"level": "INFO"}, "route": "/profile", "status": 200, "latency_ms": 632, "user_id": "u161", "message": "ok", "trace": {"id": "8eb920f2eae88666"}}
{"@timestamp": "2026-02-09T16:20:21.345447+00:00", "service": {"name": "dummy-backend"}, "log": {"level": "INFO"}, "route": "/login", "status": 200, "latency_ms": 876, "user_id": "u085", "message": "ok", "trace": {"id": "824128dca49b6767"}}
{"@timestamp": "2026-02-09T16:20:21.848666+00:00", "service": {"name": "dummy-backend"}, "log": {"level": "INFO"}, "route": "/search", "status": 200, "latency_ms": 559, "user_id": "u164", "message": "ok", "trace": {"id": "0b2437d8eae05023"}}
{"@timestamp": "2026-02-09T16:20:22.351633+00:00", "service": {"name": "dummy-backend"}, "log": {"level": "INFO"}, "route": "/profile", "status": 200, "latency_ms": 588, "user_id": "u199", "message": "ok", "trace": {"id": "46bb38a52c278f24"}}
{"@timestamp": "2026-02-09T16:20:22.854786+00:00", "service": {"name": "dummy-backend"}, "log": {"level": "WARN"}, "route": "/logout", "status": 200, "latency_ms": 860, "user_id": "u009", "message": "ok", "trace": {"id": "45ac9028b24f1450"}}
{"@timestamp": "2026-02-09T16:20:23.357609+00:00", "service": {"name": "dummy-backend"}, "log": {"level": "INFO"}, "route": "/checkout", "status": 200, "latency_ms": 402, "user_id": "u137", "message": "ok", "trace": {"id": "7884c89ecdcfceab"}}
{"@timestamp": "2026-02-09T16:20:23.860532+00:00", "service": {"name": "dummy-backend"}, "log": {"level": "INFO"}, "route": "/checkout", "status": 200, "latency_ms": 405, "user_id": "u095", "message": "ok", "trace": {"id": "6809e42448e6d254"}}
{"@timestamp": "2026-02-09T16:20:24.364019+00:00", "service": {"name": "dummy-backend"}, "log": {"level": "INFO"}, "route": "/logout", "status": 200, "latency_ms": 253, "user_id": "u006", "message": "ok", "trace": {"id": "ee0747fb969f8348"}}
{"@timestamp": "2026-02-09T16:20:24.860683+00:00", "service": {"name": "dummy-backend"}, "log": {"level": "INFO"}, "route": "/checkout", "status": 200, "latency_ms": 852, "user_id": "u029", "message": "ok", "trace": {"id": "8d38d55929296a19"}}
{"@timestamp": "2026-02-09T16:20:25.364056+00:00", "service": {"name": "dummy-backend"}, "log": {"level": "INFO"}, "route": "/logout", "status": 200, "latency_ms": 504, "user_id": "u057", "message": "ok", "trace": {"id": "a482d881ffc279fd"}}
{"@timestamp": "2026-02-09T16:20:25.867022+00:00", "service": {"name": "dummy-backend"}, "log": {"level": "INFO"}, "route": "/checkout", "status": 200, "latency_ms": 284, "user_id": "u169", "message": "ok", "trace": {"id": "f7f7f57beab323f3"}}
{"@timestamp": "2026-02-09T16:20:26.369333+00:00", "service": {"name": "dummy-backend"}, "log": {"level": "INFO"}, "route": "/profile", "status": 200, "latency_ms": 457, "user_id": "u155", "message": "ok", "trace": {"id": "9f8208e37b7119fa"}}
{"@timestamp": "2026-02-09T16:20:26.872833+00:00", "service": {"name": "dummy-backend"}, "log": {"level": "INFO"}, "route": "/logout", "status": 200, "latency_ms": 786, "user_id": "u188", "message": "ok", "trace": {"id": "efdd373402036cfe"}}
{"@timestamp": "2026-02-09T16:20:27.375403+00:00", "service": {"name": "dummy-backend"}, "log": {"level": "INFO"}, "route": "/login", "status": 200, "latency_ms": 622, "user_id": "u129", "message": "ok", "trace": {"id": "1bdf2f12c8239f98"}}
{"@timestamp": "2026-02-09T16:20:27.878011+00:00", "service": {"name": "dummy-backend"}, "log": {"level": "WARN"}, "route": "/search", "status": 200, "latency_ms": 568, "user_id": "u039", "message": "ok", "trace": {"id": "fd9a9fab060e8e55"}}
{"@timestamp": "2026-02-09T16:20:28.380748+00:00", "service": {"name": "dummy-backend"}, "log": {"level": "INFO"}, "route": "/checkout", "status": 200, "latency_ms": 1189, "user_id": "u016", "message": "ok", "trace": {"id": "f1cbd5e26ffa254b"}}
{"@timestamp": "2026-02-09T16:20:28.883992+00:00", "service": {"name": "dummy-backend"}, "log": {"level": "INFO"}, "route": "/search", "status": 200, "latency_ms": 75, "user_id": "u175", "message": "ok", "trace": {"id": "03bde9338ff09c27"}}
{"@timestamp": "2026-02-09T16:20:29.386642+00:00", "service": {"name": "dummy-backend"}, "log": {"level": "INFO"}, "route": "/login", "status": 200, "latency_ms": 1045, "user_id": "u041", "message": "ok", "trace": {"id": "06ad29c902257670"}}
{"@timestamp": "2026-02-09T16:20:29.891897+00:00", "service": {"name": "dummy-backend"}, "log": {"level": "INFO"}, "route": "/logout", "status": 200, "latency_ms": 549, "user_id": "u009", "message": "ok", "trace": {"id": "9ca0fb48ee8a974a"}}
{"@timestamp": "2026-02-09T16:20:30.396182+00:00", "service": {"name": "dummy-backend"}, "log": {"level": "INFO"}, "route": "/checkout", "status": 200, "latency_ms": 238, "user_id": "u005", "message": "ok", "trace": {"id": "6f97af6f8e03ab6d"}}
{"@timestamp": "2026-02-09T16:20:30.899063+00:00", "service": {"name": "dummy-backend"}, "log": {"level": "ERROR"}, "route": "/login", "status": 500, "latency_ms": 697, "user_id": "u071", "message": "token_expired", "trace": {"id": "52d254d3b17ebef0"}}
{"@timestamp": "2026-02-09T16:20:31.402569+00:00", "service": {"name": "dummy-backend"}, "log": {"level": "INFO"}, "route": "/search", "status": 200, "latency_ms": 957, "user_id": "u074", "message": "ok", "trace": {"id": "af62539c898c5159"}}
{"@timestamp": "2026-02-09T16:20:31.905808+00:00", "service": {"name": "dummy-backend"}, "log": {"level": "INFO"}, "route": "/logout", "status": 200, "latency_ms": 46, "user_id": "u005", "message": "ok", "trace": {"id": "fcee57aa8d34c060"}}
{"@timestamp": "2026-02-09T16:20:32.408715+00:00", "service": {"name": "dummy-backend"}, "log": {"level": "INFO"}, "route": "/checkout", "status": 200, "latency_ms": 1085, "user_id": "u188", "message": "ok", "trace": {"id": "a4fb598e8ec44411"}}
{"@timestamp": "2026-02-09T16:20:32.911274+00:00", "service": {"name": "dummy-backend"}, "log": {"level": "WARN"}, "route": "/search", "status": 200, "latency_ms": 502, "user_id": "u144", "message": "ok", "trace": {"id": "2a250a45c90dfa29"}}
{"@timestamp": "2026-02-09T16:20:33.414012+00:00", "service": {"name": "dummy-backend"}, "log": {"level": "INFO"}, "route": "/logout", "status": 200, "latency_ms": 691, "user_id": "u181", "message": "ok", "trace": {"id": "4ce14f389633a031"}}
{"@timestamp": "2026-02-09T16:20:33.916659+00:00", "service": {"name": "dummy-backend"}, "log": {"level": "INFO"}, "route": "/logout", "status": 200, "latency_ms": 584, "user_id": "u192", "message": "ok", "trace": {"id": "ec4048e2e4ad7256"}}
{"@timestamp": "2026-02-09T16:20:34.419668+00:00", "service": {"name": "dummy-backend"}, "log": {"level": "INFO"}, "route": "/login", "status": 200, "latency_ms": 813, "user_id": "u032", "message": "ok", "trace": {"id": "8bce5bf92ceeb9c7"}}
{"@timestamp": "2026-02-09T16:20:34.923982+00:00", "service": {"name": "dummy-backend"}, "log": {"level": "INFO"}, "route": "/profile", "status": 200, "latency_ms": 829, "user_id": "u052", "message": "ok", "trace": {"id": "203871fcc3cd7834"}}
{"@timestamp": "2026-02-09T16:20:35.426750+00:00", "service": {"name": "dummy-backend"}, "log": {"level": "INFO"}, "route": "/checkout", "status": 200, "latency_ms": 617, "user_id": "u150", "message": "ok", "trace": {"id": "274d7ddcd7bca36d"}}
{"@timestamp": "2026-02-09T16:20:35.929437+00:00", "service": {"name": "dummy-backend"}, "log": {"level": "INFO"}, "route": "/search", "status": 200, "latency_ms": 668, "user_id": "u172", "message": "ok", "trace": {"id": "11061f97db058640"}}
{"@timestamp": "2026-02-09T16:20:36.432138+00:00", "service": {"name": "dummy-backend"}, "log": {"level": "INFO"}, "route": "/search", "status": 200, "latency_ms": 920, "user_id": "u101", "message": "ok", "trace": {"id": "db2e2cba795cae21"}}
{"@timestamp": "2026-02-09T16:20:36.936121+00:00", "service": {"name": "dummy-backend"}, "log": {"level": "INFO"}, "route": "/profile", "status": 200, "latency_ms": 436, "user_id": "u153", "message": "ok", "trace": {"id": "de2b98de72b90a2c"}}
{"@timestamp": "2026-02-09T16:20:37.438624+00:00", "service": {"name": "dummy-backend"}, "log": {"level": "WARN"}, "route": "/checkout", "status": 422, "latency_ms": 1129, "user_id": "u095", "message": "insufficient_stock", "trace": {"id": "03d2ec040f0ae5a8"}}
{"@timestamp": "2026-02-09T16:20:37.940936+00:00", "service": {"name": "dummy-backend"}, "log": {"level": "WARN"}, "route": "/login", "status": 200, "latency_ms": 215, "user_id": "u149", "message": "ok", "trace": {"id": "2f631099e7ad5c9f"}}
{"@timestamp": "2026-02-09T16:20:38.444517+00:00", "service": {"name": "dummy-backend"}, "log": {"level": "INFO"}, "route": "/search", "status": 200, "latency_ms": 519, "user_id": "u134", "message": "ok", "trace": {"id": "8e58b18a4c070f1e"}}
{"@timestamp": "2026-02-09T16:20:38.947452+00:00", "service": {"name": "dummy-backend"}, "log": {"level": "INFO"}, "route": "/search", "status": 200, "latency_ms": 56, "user_id": "u088", "message": "ok", "trace": {"id": "379f4aa85eb89e3b"}}
{"@timestamp": "2026-02-09T16:20:39.450165+00:00", "service": {"name": "dummy-backend"}, "log": {"level": "INFO"}, "route": "/search", "status": 200, "latency_ms": 838, "user_id": "u127", "message": "ok", "trace": {"id": "c9557f30d46c6edd"}}
{"@timestamp": "2026-02-09T16:20:39.952557+00:00", "service": {"name": "dummy-backend"}, "log": {"level": "INFO"}, "route": "/logout", "status": 200, "latency_ms": 371, "user_id": "u102", "message": "ok", "trace": {"id": "178ac6f2493c92d2"}}
{"@timestamp": "2026-02-09T16:20:40.455544+00:00", "service": {"name": "dummy-backend"}, "log": {"level": "ERROR"}, "route": "/logout", "status": 200, "latency_ms": 550, "user_id": "u056", "message": "ok", "trace": {"id": "d093093cbdb82901"}}
{"@timestamp": "2026-02-09T16:20:40.957918+00:00", "service": {"name": "dummy-backend"}, "log": {"level": "INFO"}, "route": "/checkout", "status": 200, "latency_ms": 1060, "user_id": "u142", "message": "ok", "trace": {"id": "482fb2879b7ed186"}}
{"@timestamp": "2026-02-09T16:20:41.460494+00:00", "service": {"name": "dummy-backend"}, "log": {"level": "INFO"}, "route": "/search", "status": 200, "latency_ms": 591, "user_id": "u103", "message": "ok", "trace": {"id": "cae1f0f693dffaa1"}}
{"@timestamp": "2026-02-09T16:20:41.963509+00:00", "service": {"name": "dummy-backend"}, "log": {"level": "INFO"}, "route": "/checkout", "status": 200, "latency_ms": 409, "user_id": "u117", "message": "ok", "trace": {"id": "056a3b9568897d89"}}
{"@timestamp": "2026-02-09T16:20:42.466119+00:00", "service": {"name": "dummy-backend"}, "log": {"level": "WARN"}, "route": "/logout", "status": 200, "latency_ms": 932, "user_id": "u039", "message": "ok", "trace": {"id": "46e080a25c620cf7"}}
{"@timestamp": "2026-02-09T16:20:42.968756+00:00", "service": {"name": "dummy-backend"}, "log": {"level": "INFO"}, "route": "/checkout", "status": 200, "latency_ms": 956, "user_id": "u084", "message": "ok", "trace": {"id": "126877c68d8fc51a"}}
{"@timestamp": "2026-02-09T16:20:43.471818+00:00", "service": {"name": "dummy-backend"}, "log": {"level": "INFO"}, "route": "/login", "status": 200, "latency_ms": 940, "user_id": "u196", "message": "ok", "trace": {"id": "78120b9b29afbe82"}}
{"@timestamp": "2026-02-09T16:20:43.993928+00:00", "service": {"name": "dummy-backend"}, "log": {"level": "INFO"}, "route": "/profile", "status": 200, "latency_ms": 816, "user_id": "u168", "message": "ok", "trace": {"id": "97efba83ec74100f"}}
{"@timestamp": "2026-02-09T16:20:44.496579+00:00", "service": {"name": "dummy-backend"}, "log": {"level": "INFO"}, "route": "/logout", "status": 200, "latency_ms": 482, "user_id": "u193", "message": "ok", "trace": {"id": "5ba455f963049848"}}
{"@timestamp": "2026-02-09T16:20:44.998927+00:00", "service": {"name": "dummy-backend"}, "log": {"level": "INFO"}, "route": "/profile", "status": 200, "latency_ms": 782, "user_id": "u160", "message": "ok", "trace": {"id": "6a2491ed0b982768"}}
{"@timestamp": "2026-02-09T16:20:45.502860+00:00", "service": {"name": "dummy-backend"}, "log": {"level": "WARN"}, "route": "/profile", "status": 200, "latency_ms": 691, "user_id": "u177", "message": "ok", "trace": {"id": "c97d8316be2e71fe"}}
{"@timestamp": "2026-02-09T16:20:46.005606+00:00", "service": {"name": "dummy-backend"}, "log": {"level": "INFO"}, "route": "/logout", "status": 200, "latency_ms": 654, "user_id": "u192", "message": "ok", "trace": {"id": "b1765ff62e1bfd92"}}
{"@timestamp": "2026-02-09T16:20:46.508203+00:00", "service": {"name": "dummy-backend"}, "log": {"level": "INFO"}, "route": "/logout", "status": 200, "latency_ms": 1008, "user_id": "u103", "message": "ok", "trace": {"id": "eef3a102b2715cf7"}}
{"@timestamp": "2026-02-09T16:20:47.010720+00:00", "service": {"name": "dummy-backend"}, "log": {"level": "INFO"}, "route": "/logout", "status": 200, "latency_ms": 551, "user_id": "u017", "message": "ok", "trace": {"id": "4a869fb6be492010"}}
{"@timestamp": "2026-02-09T16:20:47.513011+00:00", "service": {"name": "dummy-backend"}, "log": {"level": "WARN"}, "route": "/profile", "status": 200, "latency_ms": 187, "user_id": "u159", "message": "ok", "trace": {"id": "4373d70e484b76e0"}}
{"@timestamp": "2026-02-09T16:20:48.016205+00:00", "service": {"name": "dummy-backend"}, "log": {"level": "INFO"}, "route": "/profile", "status": 200, "latency_ms": 574, "user_id": "u091", "message": "ok", "trace": {"id": "db0154698a43e16b"}}
{"@timestamp": "2026-02-09T16:20:48.519484+00:00", "service": {"name": "dummy-backend"}, "log": {"level": "ERROR"}, "route": "/profile", "status": 200, "latency_ms": 451, "user_id": "u113", "message": "ok", "trace": {"id": "a6ce3380e98c3a62"}}
{"@timestamp": "2026-02-09T16:20:49.022949+00:00", "service": {"name": "dummy-backend"}, "log": {"level": "INFO"}, "route": "/logout", "status": 200, "latency_ms": 961, "user_id": "u092", "message": "ok", "trace": {"id": "af6361f64594d202"}}
{"@timestamp": "2026-02-09T16:20:49.526373+00:00", "service": {"name": "dummy-backend"}, "log": {"level": "INFO"}, "route": "/checkout", "status": 200, "latency_ms": 265, "user_id": "u181", "message": "ok", "trace": {"id": "6647c457748cf963"}}
{"@timestamp": "2026-02-09T16:20:50.029071+00:00", "service": {"name": "dummy-backend"}, "log": {"level": "INFO"}, "route": "/profile", "status": 200, "latency_ms": 327, "user_id": "u020", "message": "ok", "trace": {"id": "cf6f0d79090cb1d9"}}
{"@timestamp": "2026-02-09T16:20:50.531511+00:00", "service": {"name": "dummy-backend"}, "log": {"level": "INFO"}, "route": "/logout", "status": 200, "latency_ms": 521, "user_id": "u031", "message": "ok", "trace": {"id": "869b33a869495d89"}}
{"@timestamp": "2026-02-09T16:20:51.034114+00:00", "service": {"name": "dummy-backend"}, "log": {"level": "INFO"}, "route": "/checkout", "status": 200, "latency_ms": 226, "user_id": "u148", "message": "ok", "trace": {"id": "facfff0b2c029f6e"}}
{"@timestamp": "2026-02-09T16:20:51.537019+00:00", "service": {"name": "dummy-backend"}, "log": {"level": "INFO"}, "route": "/checkout", "status": 200, "latency_ms": 1032, "user_id": "u107", "message": "ok", "trace": {"id": "af9ab989339d7cdc"}}
{"@timestamp": "2026-02-09T16:20:52.041056+00:00", "service": {"name": "dummy-backend"}, "log": {"level": "INFO"}, "route": "/search", "status": 200, "latency_ms": 348, "user_id": "u083", "message": "ok", "trace": {"id": "bb6375ce81938567"}}
{"@timestamp": "2026-02-09T16:20:52.544595+00:00", "service": {"name": "dummy-backend"}, "log": {"level": "INFO"}, "route": "/search", "status": 200, "latency_ms": 888, "user_id": "u137", "message": "ok", "trace": {"id": "f9eb44021338dafb"}}
{"@timestamp": "2026-02-09T16:20:53.047371+00:00", "service": {"name": "dummy-backend"}, "log": {"level": "INFO"}, "route": "/login", "status": 200, "latency_ms": 860, "user_id": "u057", "message": "ok", "trace": {"id": "d004e35649fff06c"}}
{"@timestamp": "2026-02-09T16:20:53.550115+00:00", "service": {"name": "dummy-backend"}, "log": {"level": "INFO"}, "route": "/logout", "status": 200, "latency_ms": 933, "user_id": "u071", "message": "ok", "trace": {"id": "ff7b66d8ac2a4e04"}}
{"@timestamp": "2026-02-09T16:20:54.053038+00:00", "service": {"name": "dummy-backend"}, "log": {"level": "ERROR"}, "route": "/search", "status": 200, "latency_ms": 617, "user_id": "u060", "message": "ok", "trace": {"id": "882cc11c8a7dec8a"}}
{"@timestamp": "2026-02-09T16:20:54.555434+00:00", "service": {"name": "dummy-backend"}, "log": {"level": "INFO"}, "route": "/login", "status": 200, "latency_ms": 185, "user_id": "u167", "message": "ok", "trace": {"id": "e14e9ba7c97fbb2d"}}
{"@timestamp": "2026-02-09T16:20:55.052309+00:00", "service": {"name": "dummy-backend"}, "log": {"level": "INFO"}, "route": "/logout", "status": 200, "latency_ms": 698, "user_id": "u168", "message": "ok", "trace": {"id": "d7d42020613531f1"}}
{"@timestamp": "2026-02-09T16:20:55.554915+00:00", "service": {"name": "dummy-backend"}, "log": {"level": "INFO"}, "route": "/profile", "status": 200, "latency_ms": 766, "user_id": "u186", "message": "ok", "trace": {"id": "fee4069084120d1d"}}
{"@timestamp": "2026-02-09T16:20:56.057473+00:00", "service": {"name": "dummy-backend"}, "log": {"level": "INFO"}, "route": "/search", "status": 200, "latency_ms": 353, "user_id": "u074", "message": "ok", "trace": {"id": "7c57bb82df780a23"}}
{"@timestamp": "2026-02-09T16:20:56.559775+00:00", "service": {"name": "dummy-backend"}, "log": {"level": "INFO"}, "route": "/checkout", "status": 200, "latency_ms": 151, "user_id": "u162", "message": "ok", "trace": {"id": "310dc2222d5b949a"}}
{"@timestamp": "2026-02-09T16:20:57.062594+00:00", "service": {"name": "dummy-backend"}, "log": {"level": "INFO"}, "route": "/checkout", "status": 200, "latency_ms": 67, "user_id": "u083", "message": "ok", "trace": {"id": "af6c457d9afd4f97"}}
{"@timestamp": "2026-02-09T16:20:57.565683+00:00", "service": {"name": "dummy-backend"}, "log": {"level": "INFO"}, "route": "/login", "status": 200, "latency_ms": 857, "user_id": "u035", "message": "ok", "trace": {"id": "42fba71857d29923"}}
{"@timestamp": "2026-02-09T16:20:58.068510+00:00", "service": {"name": "dummy-backend"}, "log": {"level": "INFO"}, "route": "/search", "status": 200, "latency_ms": 876, "user_id": "u147", "message": "ok", "trace": {"id": "321bbc19e7de0084"}}
{"@timestamp": "2026-02-09T16:20:58.571145+00:00", "service": {"name": "dummy-backend"}, "log": {"level": "INFO"}, "route": "/search", "status": 200, "latency_ms": 980, "user_id": "u082", "message": "ok", "trace": {"id": "9d1622c1f36aeb0c"}}
{"@timestamp": "2026-02-09T16:20:59.074534+00:00", "service": {"name": "dummy-backend"}, "log": {"level": "INFO"}, "route": "/search", "status": 200, "latency_ms": 465, "user_id": "u076", "message": "ok", "trace": {"id": "f8710c8c807e79ce"}}
{"@timestamp": "2026-02-09T16:20:59.577207+00:00", "service": {"name": "dummy-backend"}, "log": {"level": "INFO"}, "route": "/logout", "status": 200, "latency_ms": 1007, "user_id": "u043", "message": "ok", "trace": {"id": "11946a1d5d0e3799"}}
{"@timestamp": "2026-02-09T16:21:00.079574+00:00", "service": {"name": "dummy-backend"}, "log": {"level": "WARN"}, "route": "/logout", "status": 200, "latency_ms": 816, "user_id": "u135", "message": "ok", "trace": {"id": "c7cbb422bcad9f5f"}}
{"@timestamp": "2026-02-09T16:21:00.582173+00:00", "service": {"name": "dummy-backend"}, "log": {"level": "INFO"}, "route": "/checkout", "status": 200, "latency_ms": 115, "user_id": "u149", "message": "ok", "trace": {"id": "2a36d1da01a9b935"}}
{"@timestamp": "2026-02-09T16:21:01.084835+00:00", "service": {"name": "dummy-backend"}, "log": {"level": "INFO"}, "route": "/login", "status": 200, "latency_ms": 872, "user_id": "u179", "message": "ok", "trace": {"id": "cbe61678a35083d7"}}
{"@timestamp": "2026-02-09T16:21:01.588044+00:00", "service": {"name": "dummy-backend"}, "log": {"level": "INFO"}, "route": "/search", "status": 200, "latency_ms": 771, "user_id": "u049", "message": "ok", "trace": {"id": "95749af1aa9c5e69"}}
{"@timestamp": "2026-02-09T16:21:02.091480+00:00", "service": {"name": "dummy-backend"}, "log": {"level": "INFO"}, "route": "/logout", "status": 200, "latency_ms": 11, "user_id": "u110", "message": "ok", "trace": {"id": "fa85295934aab41d"}}
{"@timestamp": "2026-02-09T16:21:02.594005+00:00", "service": {"name": "dummy-backend"}, "log": {"level": "INFO"}, "route": "/logout", "status": 200, "latency_ms": 569, "user_id": "u001", "message": "ok", "trace": {"id": "e5de555953c3752c"}}
{"@timestamp": "2026-02-09T16:21:03.096564+00:00", "service": {"name": "dummy-backend"}, "log": {"level": "INFO"}, "route": "/login", "status": 200, "latency_ms": 1172, "user_id": "u040", "message": "ok", "trace": {"id": "c7650955d45472e5"}}
{"@timestamp": "2026-02-09T16:21:03.599301+00:00", "service": {"name": "dummy-backend"}, "log": {"level": "INFO"}, "route": "/search", "status": 200, "latency_ms": 829, "user_id": "u119", "message": "ok", "trace": {"id": "5685560cfd4b1f37"}}
{"@timestamp": "2026-02-09T16:21:04.102004+00:00", "service": {"name": "dummy-backend"}, "log": {"level": "INFO"}, "route": "/search", "status": 200, "latency_ms": 971, "user_id": "u099", "message": "ok", "trace": {"id": "c533b575525892e2"}}
{"@timestamp": "2026-02-09T16:21:04.604513+00:00", "service": {"name": "dummy-backend"}, "log": {"level": "INFO"}, "route": "/search", "status": 200, "latency_ms": 288, "user_id": "u007", "message": "ok", "trace": {"id": "134cf506496b35ca"}}
{"@timestamp": "2026-02-09T16:21:05.106996+00:00", "service": {"name": "dummy-backend"}, "log": {"level": "INFO"}, "route": "/logout", "status": 200, "latency_ms": 1049, "user_id": "u034", "message": "ok", "trace": {"id": "bc10d3ff150de5c1"}}
{"@timestamp": "2026-02-09T16:21:05.610046+00:00", "service": {"name": "dummy-backend"}, "log": {"level": "INFO"}, "route": "/search", "status": 200, "latency_ms": 481, "user_id": "u001", "message": "ok", "trace": {"id": "ab1eb05f0ff141a8"}}
{"@timestamp": "2026-02-09T16:21:06.113141+00:00", "service": {"name": "dummy-backend"}, "log": {"level": "INFO"}, "route": "/logout", "status": 200, "latency_ms": 909, "user_id": "u027", "message": "ok", "trace": {"id": "cceb0dd5c38ad20e"}}
{"@timestamp": "2026-02-09T16:21:06.616251+00:00", "service": {"name": "dummy-backend"}, "log": {"level": "INFO"}, "route": "/login", "status": 200, "latency_ms": 107, "user_id": "u032", "message": "ok", "trace": {"id": "29ceecc7bb1ee8f2"}}
{"@timestamp": "2026-02-09T16:21:07.121197+00:00", "service": {"name": "dummy-backend"}, "log": {"level": "INFO"}, "route": "/checkout", "status": 200, "latency_ms": 673, "user_id": "u005", "message": "ok", "trace": {"id": "a1690a7d699de9d3"}}
{"@timestamp": "2026-02-09T16:21:07.624004+00:00", "service": {"name": "dummy-backend"}, "log": {"level": "INFO"}, "route": "/search", "status": 200, "latency_ms": 463, "user_id": "u001", "message": "ok", "trace": {"id": "4ff78d1e71eaffdf"}}
{"@timestamp": "2026-02-09T16:21:08.126321+00:00", "service": {"name": "dummy-backend"}, "log": {"level": "INFO"}, "route": "/logout", "status": 200, "latency_ms": 577, "user_id": "u149", "message": "ok", "trace": {"id": "1076c50e381516a7"}}
{"@timestamp": "2026-02-09T16:21:08.629405+00:00", "service": {"name": "dummy-backend"}, "log": {"level": "INFO"}, "route": "/login", "status": 200, "latency_ms": 685, "user_id": "u169", "message": "ok", "trace": {"id": "c6ae535225551a19"}}
{"@timestamp": "2026-02-09T16:21:09.132964+00:00", "service": {"name": "dummy-backend"}, "log": {"level": "INFO"}, "route": "/login", "status": 200, "latency_ms": 296, "user_id": "u072", "message": "ok", "trace": {"id": "05baeba867be1bcf"}}
{"@timestamp": "2026-02-09T16:21:09.636690+00:00", "service": {"name": "dummy-backend"}, "log": {"level": "INFO"}, "route": "/checkout", "status": 200, "latency_ms": 381, "user_id": "u031", "message": "ok", "trace": {"id": "2bfcf3895ada31e6"}}
{"@timestamp": "2026-02-09T16:21:10.139642+00:00", "service": {"name": "dummy-backend"}, "log": {"level": "INFO"}, "route": "/login", "status": 200, "latency_ms": 805, "user_id": "u181", "message": "ok", "trace": {"id": "08651932707a48f1"}}
{"@timestamp": "2026-02-09T16:21:10.642160+00:00", "service": {"name": "dummy-backend"}, "log": {"level": "INFO"}, "route": "/profile", "status": 200, "latency_ms": 1044, "user_id": "u087", "message": "ok", "trace": {"id": "47565cbe603f59a9"}}
{"@timestamp": "2026-02-09T16:21:11.144990+00:00", "service": {"name": "dummy-backend"}, "log": {"level": "INFO"}, "route": "/search", "status": 200, "latency_ms": 422, "user_id": "u060", "message": "ok", "trace": {"id": "933bcc091430e53a"}}
{"@timestamp": "2026-02-09T16:21:11.647913+00:00", "service": {"name": "dummy-backend"}, "log": {"level": "INFO"}, "route": "/search", "status": 200, "latency_ms": 693, "user_id": "u163", "message": "ok", "trace": {"id": "2455886f073c41d3"}}
{"@timestamp": "2026-02-09T16:21:12.163777+00:00", "service": {"name": "dummy-backend"}, "log": {"level": "INFO"}, "route": "/profile", "status": 200, "latency_ms": 809, "user_id": "u059", "message": "ok", "trace": {"id": "b93d4a6e5718a1c5"}}
{"@timestamp": "2026-02-09T16:21:12.666417+00:00", "service": {"name": "dummy-backend"}, "log": {"level": "INFO"}, "route": "/profile", "status": 200, "latency_ms": 706, "user_id": "u160", "message": "ok", "trace": {"id": "0b3722c92f6acc84"}}
{"@timestamp": "2026-02-09T16:21:13.168687+00:00", "service": {"name": "dummy-backend"}, "log": {"level": "INFO"}, "route": "/profile", "status": 200, "latency_ms": 14, "user_id": "u097", "message": "ok", "trace": {"id": "684ee1b666ce3732"}}
{"@timestamp": "2026-02-09T16:21:13.672452+00:00", "service": {"name": "dummy-backend"}, "log": {"level": "WARN"}, "route": "/search", "status": 200, "latency_ms": 760, "user_id": "u015", "message": "ok", "trace": {"id": "c8e76285bca0a8e9"}}
{"@timestamp": "2026-02-09T16:21:14.174855+00:00", "service": {"name": "dummy-backend"}, "log": {"level": "INFO"}, "route": "/checkout", "status": 200, "latency_ms": 660, "user_id": "u052", "message": "ok", "trace": {"id": "9fbc54f2d2056ca1"}}
{"@timestamp": "2026-02-09T16:21:14.677572+00:00", "service": {"name": "dummy-backend"}, "log": {"level": "WARN"}, "route": "/login", "status": 200, "latency_ms": 429, "user_id": "u066", "message": "ok", "trace": {"id": "2f1a182a402e586f"}}
{"@timestamp": "2026-02-09T16:21:15.180265+00:00", "service": {"name": "dummy-backend"}, "log": {"level": "ERROR"}, "route": "/login", "status": 500, "latency_ms": 675, "user_id": "u162", "message": "token_expired", "trace": {"id": "c6f3fec1484c5d09"}}
{"@timestamp": "2026-02-09T16:21:15.683184+00:00", "service": {"name": "dummy-backend"}, "log": {"level": "INFO"}, "route": "/search", "status": 200, "latency_ms": 777, "user_id": "u039", "message": "ok", "trace": {"id": "a3522986450a189a"}}
{"@timestamp": "2026-02-09T16:21:16.185474+00:00", "service": {"name": "dummy-backend"}, "log": {"level": "INFO"}, "route": "/profile", "status": 200, "latency_ms": 869, "user_id": "u145", "message": "ok", "trace": {"id": "d59ad40d544d30e9"}}
{"@timestamp": "2026-02-09T16:21:16.688355+00:00", "service": {"name": "dummy-backend"}, "log": {"level": "INFO"}, "route": "/login", "status": 200, "latency_ms": 1020, "user_id": "u125", "message": "ok", "trace": {"id": "e021f35ef6f7e0b4"}}
{"@timestamp": "2026-02-09T16:21:17.191814+00:00", "service": {"name": "dummy-backend"}, "log": {"level": "INFO"}, "route": "/search", "status": 200, "latency_ms": 975, "user_id": "u047", "message": "ok", "trace": {"id": "2ae56fb328f65da8"}}
{"@timestamp": "2026-02-09T16:21:17.694550+00:00", "service": {"name": "dummy-backend"}, "log": {"level": "INFO"}, "route": "/search", "status": 200, "latency_ms": 1144, "user_id": "u059", "message": "ok", "trace": {"id": "ebff22d17f510099"}}
{"@timestamp": "2026-02-09T16:21:18.197518+00:00", "service": {"name": "dummy-backend"}, "log": {"level": "INFO"}, "route": "/logout", "status": 200, "latency_ms": 845, "user_id": "u181", "message": "ok", "trace": {"id": "fbe28c462028d001"}}
{"@timestamp": "2026-02-09T16:21:18.700139+00:00", "service": {"name": "dummy-backend"}, "log": {"level": "ERROR"}, "route": "/login", "status": 403, "latency_ms": 497, "user_id": "u108", "message": "token_expired", "trace": {"id": "9f47dc62ee6d6665"}}
{"@timestamp": "2026-02-09T16:21:19.203082+00:00", "service": {"name": "dummy-backend"}, "log": {"level": "INFO"}, "route": "/login", "status": 200, "latency_ms": 651, "user_id": "u103", "message": "ok", "trace": {"id": "ba7d940dba297d5c"}}
{"@timestamp": "2026-02-09T16:21:19.705716+00:00", "service": {"name": "dummy-backend"}, "log": {"level": "INFO"}, "route": "/logout", "status": 200, "latency_ms": 849, "user_id": "u173", "message": "ok", "trace": {"id": "f6dce33ec70a70c4"}}
{"@timestamp": "2026-02-09T16:21:20.208825+00:00", "service": {"name": "dummy-backend"}, "log": {"level": "INFO"}, "route": "/login", "status": 200, "latency_ms": 275, "user_id": "u034", "message": "ok", "trace": {"id": "8f70f897d20d468c"}}
{"@timestamp": "2026-02-09T16:21:20.720385+00:00", "service": {"name": "dummy-backend"}, "log": {"level": "INFO"}, "route": "/checkout", "status": 200, "latency_ms": 1175, "user_id": "u131", "message": "ok", "trace": {"id": "4c2776ad721de8a6"}}
{"@timestamp": "2026-02-09T16:21:21.226064+00:00", "service": {"name": "dummy-backend"}, "log": {"level": "ERROR"}, "route": "/search", "status": 200, "latency_ms": 1022, "user_id": "u197", "message": "ok", "trace": {"id": "a4343b2caa8b74ea"}}
{"@timestamp": "2026-02-09T16:21:21.728436+00:00", "service": {"name": "dummy-backend"}, "log": {"level": "INFO"}, "route": "/login", "status": 200, "latency_ms": 1058, "user_id": "u125", "message": "ok", "trace": {"id": "7af2034a10f1e897"}}
{"@timestamp": "2026-02-09T16:21:22.233153+00:00", "service": {"name": "dummy-backend"}, "log": {"level": "INFO"}, "route": "/checkout", "status": 200, "latency_ms": 1057, "user_id": "u046", "message": "ok", "trace": {"id": "06854f89db6d5c00"}}
{"@timestamp": "2026-02-09T16:21:22.735795+00:00", "service": {"name": "dummy-backend"}, "log": {"level": "INFO"}, "route": "/profile", "status": 200, "latency_ms": 192, "user_id": "u185", "message": "ok", "trace": {"id": "81af9db3252844d8"}}
{"@timestamp": "2026-02-09T16:21:23.238512+00:00", "service": {"name": "dummy-backend"}, "log": {"level": "WARN"}, "route": "/checkout", "status": 500, "latency_ms": 294, "user_id": "u098", "message": "insufficient_stock", "trace": {"id": "29230d4825ade86c"}}
{"@timestamp": "2026-02-09T16:21:23.741201+00:00", "service": {"name": "dummy-backend"}, "log": {"level": "INFO"}, "route": "/search", "status": 200, "latency_ms": 611, "user_id": "u107", "message": "ok", "trace": {"id": "9b5fdb3e2a56be8b"}}
{"@timestamp": "2026-02-09T16:21:24.243934+00:00", "service": {"name": "dummy-backend"}, "log": {"level": "INFO"}, "route": "/login", "status": 200, "latency_ms": 495, "user_id": "u009", "message": "ok", "trace": {"id": "e0925f9f46ee884c"}}
{"@timestamp": "2026-02-09T16:21:24.747086+00:00", "service": {"name": "dummy-backend"}, "log": {"level": "INFO"}, "route": "/search", "status": 200, "latency_ms": 120, "user_id": "u052", "message": "ok", "trace": {"id": "dd6e12c8d69a3454"}}
{"@timestamp": "2026-02-09T16:21:25.243395+00:00", "service": {"name": "dummy-backend"}, "log": {"level": "INFO"}, "route": "/logout", "status": 200, "latency_ms": 485, "user_id": "u146", "message": "ok", "trace": {"id": "c3559d55cc4b7cf0"}}
{"@timestamp": "2026-02-09T16:21:25.746383+00:00", "service": {"name": "dummy-backend"}, "log": {"level": "INFO"}, "route": "/search", "status": 200, "latency_ms": 362, "user_id": "u195", "message": "ok", "trace": {"id": "3bf23d9d09a73a28"}}
{"@timestamp": "2026-02-09T16:21:26.249212+00:00", "service": {"name": "dummy-backend"}, "log": {"level": "INFO"}, "route": "/profile", "status": 200, "latency_ms": 141, "user_id": "u018", "message": "ok", "trace": {"id": "e55e104eca5b7ab7"}}
{"@timestamp": "2026-02-09T16:21:26.751819+00:00", "service": {"name": "dummy-backend"}, "log": {"level": "INFO"}, "route": "/logout", "status": 200, "latency_ms": 409, "user_id": "u046", "message": "ok", "trace": {"id": "2ee2de843d53ae15"}}
{"@timestamp": "2026-02-09T16:21:27.254623+00:00", "service": {"name": "dummy-backend"}, "log": {"level": "INFO"}, "route": "/search", "status": 200, "latency_ms": 427, "user_id": "u138", "message": "ok", "trace": {"id": "21f319c381fc5b59"}}
{"@timestamp": "2026-02-09T16:21:27.757457+00:00", "service": {"name": "dummy-backend"}, "log": {"level": "INFO"}, "route": "/checkout", "status": 200, "latency_ms": 1042, "user_id": "u121", "message": "ok", "trace": {"id": "99535fe9270a0ab5"}}
{"@timestamp": "2026-02-09T16:21:28.261008+00:00", "service": {"name": "dummy-backend"}, "log": {"level": "INFO"}, "route": "/login", "status": 200, "latency_ms": 837, "user_id": "u012", "message": "ok", "trace": {"id": "235c00040e04d9e0"}}
{"@timestamp": "2026-02-09T16:21:28.764034+00:00", "service": {"name": "dummy-backend"}, "log": {"level": "INFO"}, "route": "/search", "status": 200, "latency_ms": 338, "user_id": "u090", "message": "ok", "trace": {"id": "c2db859c1857835d"}}
{"@timestamp": "2026-02-09T16:21:29.266286+00:00", "service": {"name": "dummy-backend"}, "log": {"level": "ERROR"}, "route": "/profile", "status": 200, "latency_ms": 750, "user_id": "u087", "message": "ok", "trace": {"id": "57d8e00f59a9a68a"}}
{"@timestamp": "2026-02-09T16:21:29.769008+00:00", "service": {"name": "dummy-backend"}, "log": {"level": "INFO"}, "route": "/login", "status": 200, "latency_ms": 484, "user_id": "u102", "message": "ok", "trace": {"id": "d15d627122d1a858"}}
{"@timestamp": "2026-02-09T16:21:30.271849+00:00", "service": {"name": "dummy-backend"}, "log": {"level": "INFO"}, "route": "/checkout", "status": 200, "latency_ms": 504, "user_id": "u064", "message": "ok", "trace": {"id": "c907ca6e1fdf8d67"}}
{"@timestamp": "2026-02-09T16:21:30.774940+00:00", "service": {"name": "dummy-backend"}, "log": {"level": "INFO"}, "route": "/checkout", "status": 200, "latency_ms": 160, "user_id": "u110", "message": "ok", "trace": {"id": "84f1b79a11f52119"}}
{"@timestamp": "2026-02-09T16:21:31.277617+00:00", "service": {"name": "dummy-backend"}, "log": {"level": "INFO"}, "route": "/search", "status": 200, "latency_ms": 526, "user_id": "u050", "message": "ok", "trace": {"id": "f587820aa5c5ed59"}}
{"@timestamp": "2026-02-09T16:21:31.780606+00:00", "service": {"name": "dummy-backend"}, "log": {"level": "INFO"}, "route": "/profile", "status": 200, "latency_ms": 665, "user_id": "u037", "message": "ok", "trace": {"id": "7ced9401a7fa0d17"}}
{"@timestamp": "2026-02-09T16:21:32.283569+00:00", "service": {"name": "dummy-backend"}, "log": {"level": "INFO"}, "route": "/checkout", "status": 200, "latency_ms": 966, "user_id": "u059", "message": "ok", "trace": {"id": "110293272b8c8e9f"}}
{"@timestamp": "2026-02-09T16:21:32.786375+00:00", "service": {"name": "dummy-backend"}, "log": {"level": "INFO"}, "route": "/checkout", "status": 200, "latency_ms": 299, "user_id": "u142", "message": "ok", "trace": {"id": "72ac71f7b109692b"}}
{"@timestamp": "2026-02-09T16:21:33.288870+00:00", "service": {"name": "dummy-backend"}, "log": {"level": "WARN"}, "route": "/profile", "status": 200, "latency_ms": 912, "user_id": "u197", "message": "ok", "trace": {"id": "f932bbf900ae7752"}}
{"@timestamp": "2026-02-09T16:21:33.799960+00:00", "service": {"name": "dummy-backend"}, "log": {"level": "INFO"}, "route": "/login", "status": 200, "latency_ms": 179, "user_id": "u124", "message": "ok", "trace": {"id": "42d2a8cb2b5cd75f"}}
{"@timestamp": "2026-02-09T16:21:34.308141+00:00", "service": {"name": "dummy-backend"}, "log": {"level": "INFO"}, "route": "/login", "status": 200, "latency_ms": 1040, "user_id": "u183", "message": "ok", "trace": {"id": "e30cd34c8918be1e"}}
{"@timestamp": "2026-02-09T16:21:34.810877+00:00", "service": {"name": "dummy-backend"}, "log": {"level": "INFO"}, "route": "/profile", "status": 200, "latency_ms": 875, "user_id": "u052", "message": "ok", "trace": {"id": "b5b5472dfdf8edbe"}}
{"@timestamp": "2026-02-09T16:21:35.313731+00:00", "service": {"name": "dummy-backend"}, "log": {"level": "WARN"}, "route": "/profile", "status": 200, "latency_ms": 431, "user_id": "u037", "message": "ok", "trace": {"id": "39820dfd14219d4b"}}
{"@timestamp": "2026-02-09T16:21:35.816648+00:00", "service": {"name": "dummy-backend"}, "log": {"level": "INFO"}, "route": "/checkout", "status": 200, "latency_ms": 775, "user_id": "u169", "message": "ok", "trace": {"id": "bc0c19832ec10c5b"}}
{"@timestamp": "2026-02-09T16:21:36.319671+00:00", "service": {"name": "dummy-backend"}, "log": {"level": "INFO"}, "route": "/login", "status": 200, "latency_ms": 802, "user_id": "u191", "message": "ok", "trace": {"id": "5a85c1c0099bae15"}}
{"@timestamp": "2026-02-09T16:21:36.822416+00:00", "service": {"name": "dummy-backend"}, "log": {"level": "ERROR"}, "route": "/login", "status": 403, "latency_ms": 466, "user_id": "u140", "message": "invalid_password", "trace": {"id": "4c2646d5638e32e7"}}
{"@timestamp": "2026-02-09T16:21:37.325442+00:00", "service": {"name": "dummy-backend"}, "log": {"level": "INFO"}, "route": "/login", "status": 200, "latency_ms": 235, "user_id": "u097", "message": "ok", "trace": {"id": "2a79bd200b570f57"}}
{"@timestamp": "2026-02-09T16:21:37.828310+00:00", "service": {"name": "dummy-backend"}, "log": {"level": "INFO"}, "route": "/logout", "status": 200, "latency_ms": 882, "user_id": "u132", "message": "ok", "trace": {"id": "eb84469c68b676af"}}
{"@timestamp": "2026-02-09T16:21:38.331113+00:00", "service": {"name": "dummy-backend"}, "log": {"level": "ERROR"}, "route": "/checkout", "status": 422, "latency_ms": 1164, "user_id": "u100", "message": "insufficient_stock", "trace": {"id": "37a8463d2b7d5977"}}
{"@timestamp": "2026-02-09T16:21:38.833975+00:00", "service": {"name": "dummy-backend"}, "log": {"level": "INFO"}, "route": "/checkout", "status": 200, "latency_ms": 944, "user_id": "u098", "message": "ok", "trace": {"id": "38fa11cf64dfe3e5"}}
{"@timestamp": "2026-02-09T16:21:39.336298+00:00", "service": {"name": "dummy-backend"}, "log": {"level": "INFO"}, "route": "/profile", "status": 200, "latency_ms": 247, "user_id": "u118", "message": "ok", "trace": {"id": "1312eea86f512426"}}
{"@timestamp": "2026-02-09T16:21:39.848340+00:00", "service": {"name": "dummy-backend"}, "log": {"level": "INFO"}, "route": "/checkout", "status": 200, "latency_ms": 13, "user_id": "u115", "message": "ok", "trace": {"id": "3e91ec0b4fc7ab3c"}}
{"@timestamp": "2026-02-09T16:21:40.350889+00:00", "service": {"name": "dummy-backend"}, "log": {"level": "INFO"}, "route": "/checkout", "status": 200, "latency_ms": 408, "user_id": "u065", "message": "ok", "trace": {"id": "91bcbef1afdeb065"}}
{"@timestamp": "2026-02-09T16:21:40.854231+00:00", "service": {"name": "dummy-backend"}, "log": {"level": "INFO"}, "route": "/search", "status": 200, "latency_ms": 103, "user_id": "u025", "message": "ok", "trace": {"id": "36b15fbe5507aece"}}
{"@timestamp": "2026-02-09T16:21:41.358587+00:00", "service": {"name": "dummy-backend"}, "log": {"level": "INFO"}, "route": "/checkout", "status": 200, "latency_ms": 41, "user_id": "u143", "message": "ok", "trace": {"id": "0f5318104f56dd4c"}}
{"@timestamp": "2026-02-09T16:21:41.860838+00:00", "service": {"name": "dummy-backend"}, "log": {"level": "INFO"}, "route": "/login", "status": 200, "latency_ms": 223, "user_id": "u106", "message": "ok", "trace": {"id": "127aa77c34298aee"}}
{"@timestamp": "2026-02-09T16:21:42.363281+00:00", "service": {"name": "dummy-backend"}, "log": {"level": "INFO"}, "route": "/login", "status": 200, "latency_ms": 447, "user_id": "u179", "message": "ok", "trace": {"id": "a4b07a10caff9a87"}}
{"@timestamp": "2026-02-09T16:21:42.866242+00:00", "service": {"name": "dummy-backend"}, "log": {"level": "INFO"}, "route": "/logout", "status": 200, "latency_ms": 1010, "user_id": "u035", "message": "ok", "trace": {"id": "407f13024c5ef0bd"}}
{"@timestamp": "2026-02-09T16:21:43.369204+00:00", "service": {"name": "dummy-backend"}, "log": {"level": "INFO"}, "route": "/login", "status": 200, "latency_ms": 861, "user_id": "u007", "message": "ok", "trace": {"id": "45a38d421ac6c2f1"}}
{"@timestamp": "2026-02-09T16:21:43.871634+00:00", "service": {"name": "dummy-backend"}, "log": {"level": "INFO"}, "route": "/login", "status": 200, "latency_ms": 334, "user_id": "u120", "message": "ok", "trace": {"id": "d72a576ee9eac099"}}
{"@timestamp": "2026-02-09T16:21:44.375299+00:00", "service": {"name": "dummy-backend"}, "log": {"level": "INFO"}, "route": "/checkout", "status": 200, "latency_ms": 231, "user_id": "u022", "message": "ok", "trace": {"id": "516196ff3fd97d12"}}
{"@timestamp": "2026-02-09T16:21:44.878345+00:00", "service": {"name": "dummy-backend"}, "log": {"level": "WARN"}, "route": "/search", "status": 200, "latency_ms": 1184, "user_id": "u053", "message": "ok", "trace": {"id": "9eb3a96a67251fac"}}
{"@timestamp": "2026-02-09T16:21:45.381343+00:00", "service": {"name": "dummy-backend"}, "log": {"level": "INFO"}, "route": "/profile", "status": 200, "latency_ms": 742, "user_id": "u179", "message": "ok", "trace": {"id": "544f78da5f0b9373"}}
{"@timestamp": "2026-02-09T16:21:45.884600+00:00", "service": {"name": "dummy-backend"}, "log": {"level": "INFO"}, "route": "/logout", "status": 200, "latency_ms": 1059, "user_id": "u061", "message": "ok", "trace": {"id": "558f1ac9deddbcf0"}}
{"@timestamp": "2026-02-09T16:21:46.387111+00:00", "service": {"name": "dummy-backend"}, "log": {"level": "INFO"}, "route": "/search", "status": 200, "latency_ms": 1126, "user_id": "u045", "message": "ok", "trace": {"id": "070f08227a2a5385"}}
{"@timestamp": "2026-02-09T16:21:46.889996+00:00", "service": {"name": "dummy-backend"}, "log": {"level": "INFO"}, "route": "/profile", "status": 200, "latency_ms": 502, "user_id": "u009", "message": "ok", "trace": {"id": "5f7df61cfc5a0d39"}}
{"@timestamp": "2026-02-09T16:21:47.394550+00:00", "service": {"name": "dummy-backend"}, "log": {"level": "INFO"}, "route": "/logout", "status": 200, "latency_ms": 410, "user_id": "u090", "message": "ok", "trace": {"id": "877f192c08aef0d9"}}
{"@timestamp": "2026-02-09T16:21:47.897337+00:00", "service": {"name": "dummy-backend"}, "log": {"level": "ERROR"}, "route": "/login", "status": 401, "latency_ms": 959, "user_id": "u026", "message": "db_timeout", "trace": {"id": "ff9bd07fef54e99f"}}
{"@timestamp": "2026-02-09T16:21:48.399802+00:00", "service": {"name": "dummy-backend"}, "log": {"level": "INFO"}, "route": "/login", "status": 200, "latency_ms": 282, "user_id": "u090", "message": "ok", "trace": {"id": "cb3dc77fc2e6479b"}}
{"@timestamp": "2026-02-09T16:21:48.903453+00:00", "service": {"name": "dummy-backend"}, "log": {"level": "INFO"}, "route": "/profile", "status": 200, "latency_ms": 534, "user_id": "u079", "message": "ok", "trace": {"id": "35ec1b9bcf7a6049"}}
{"@timestamp": "2026-02-09T16:21:49.406032+00:00", "service": {"name": "dummy-backend"}, "log": {"level": "INFO"}, "route": "/login", "status": 200, "latency_ms": 318, "user_id": "u198", "message": "ok", "trace": {"id": "9fed5ae7057a7068"}}
{"@timestamp": "2026-02-09T16:21:49.910737+00:00", "service": {"name": "dummy-backend"}, "log": {"level": "INFO"}, "route": "/checkout", "status": 200, "latency_ms": 1044, "user_id": "u179", "message": "ok", "trace": {"id": "4f7ec3b2d998ce53"}}
{"@timestamp": "2026-02-09T16:21:50.414882+00:00", "service": {"name": "dummy-backend"}, "log": {"level": "INFO"}, "route": "/search", "status": 200, "latency_ms": 853, "user_id": "u119", "message": "ok", "trace": {"id": "d851f5123009bde2"}}
{"@timestamp": "2026-02-09T16:21:50.917768+00:00", "service": {"name": "dummy-backend"}, "log": {"level": "INFO"}, "route": "/search", "status": 200, "latency_ms": 571, "user_id": "u071", "message": "ok", "trace": {"id": "d46ee455cd2d5663"}}
{"@timestamp": "2026-02-09T16:21:51.421064+00:00", "service": {"name": "dummy-backend"}, "log": {"level": "INFO"}, "route": "/logout", "status": 200, "latency_ms": 927, "user_id": "u053", "message": "ok", "trace": {"id": "6b609e53041f7c43"}}
{"@timestamp": "2026-02-09T16:21:51.924010+00:00", "service": {"name": "dummy-backend"}, "log": {"level": "INFO"}, "route": "/search", "status": 200, "latency_ms": 918, "user_id": "u103", "message": "ok", "trace": {"id": "a96a024f4bfe0937"}}
{"@timestamp": "2026-02-09T16:21:52.427527+00:00", "service": {"name": "dummy-backend"}, "log": {"level": "INFO"}, "route": "/logout", "status": 200, "latency_ms": 535, "user_id": "u131", "message": "ok", "trace": {"id": "f3f4722b43b5a1a0"}}
{"@timestamp": "2026-02-09T16:21:52.931086+00:00", "service": {"name": "dummy-backend"}, "log": {"level": "INFO"}, "route": "/logout", "status": 200, "latency_ms": 616, "user_id": "u020", "message": "ok", "trace": {"id": "71dafd17f1d441ba"}}
{"@timestamp": "2026-02-09T16:21:53.433757+00:00", "service": {"name": "dummy-backend"}, "log": {"level": "INFO"}, "route": "/profile", "status": 200, "latency_ms": 99, "user_id": "u180", "message": "ok", "trace": {"id": "d8996bdba85892b3"}}
{"@timestamp": "2026-02-09T16:21:53.936281+00:00", "service": {"name": "dummy-backend"}, "log": {"level": "INFO"}, "route": "/profile", "status": 200, "latency_ms": 951, "user_id": "u099", "message": "ok", "trace": {"id": "56e47b1a636b6e7d"}}
{"@timestamp": "2026-02-09T16:21:54.439340+00:00", "service": {"name": "dummy-backend"}, "log": {"level": "INFO"}, "route": "/login", "status": 200, "latency_ms": 600, "user_id": "u147", "message": "ok", "trace": {"id": "f6ba2e6c2a30a419"}}
{"@timestamp": "2026-02-09T16:21:54.937722+00:00", "service": {"name": "dummy-backend"}, "log": {"level": "INFO"}, "route": "/logout", "status": 200, "latency_ms": 688, "user_id": "u027", "message": "ok", "trace": {"id": "cfb24aef0a066400"}}
{"@timestamp": "2026-02-09T16:21:55.440983+00:00", "service": {"name": "dummy-backend"}, "log": {"level": "INFO"}, "route": "/search", "status": 200, "latency_ms": 362, "user_id": "u104", "message": "ok", "trace": {"id": "4f847b8defd59392"}}
{"@timestamp": "2026-02-09T16:21:55.944273+00:00", "service": {"name": "dummy-backend"}, "log": {"level": "INFO"}, "route": "/search", "status": 200, "latency_ms": 273, "user_id": "u155", "message": "ok", "trace": {"id": "133ec0ad31a5080f"}}
{"@timestamp": "2026-02-09T16:21:56.446625+00:00", "service": {"name": "dummy-backend"}, "log": {"level": "INFO"}, "route": "/search", "status": 200, "latency_ms": 176, "user_id": "u033", "message": "ok", "trace": {"id": "4c3737079fd75b8b"}}
{"@timestamp": "2026-02-09T16:21:56.950239+00:00", "service": {"name": "dummy-backend"}, "log": {"level": "INFO"}, "route": "/profile", "status": 200, "latency_ms": 830, "user_id": "u039", "message": "ok", "trace": {"id": "3dfb5baf4168d9d1"}}
{"@timestamp": "2026-02-09T16:21:57.453711+00:00", "service": {"name": "dummy-backend"}, "log": {"level": "WARN"}, "route": "/search", "status": 200, "latency_ms": 696, "user_id": "u005", "message": "ok", "trace": {"id": "88d4e9476b7e4b6b"}}
{"@timestamp": "2026-02-09T16:21:57.956593+00:00", "service": {"name": "dummy-backend"}, "log": {"level": "WARN"}, "route": "/checkout", "status": 422, "latency_ms": 236, "user_id": "u016", "message": "insufficient_stock", "trace": {"id": "2e14e96d1eee1c19"}}
{"@timestamp": "2026-02-09T16:21:58.460616+00:00", "service": {"name": "dummy-backend"}, "log": {"level": "INFO"}, "route": "/checkout", "status": 200, "latency_ms": 1104, "user_id": "u064", "message": "ok", "trace": {"id": "99bdba01d16101fe"}}
{"@timestamp": "2026-02-09T16:21:58.964479+00:00", "service": {"name": "dummy-backend"}, "log": {"level": "INFO"}, "route": "/checkout", "status": 200, "latency_ms": 235, "user_id": "u154", "message": "ok", "trace": {"id": "4845c9eae197102b"}}
{"@timestamp": "2026-02-09T16:21:59.467993+00:00", "service": {"name": "dummy-backend"}, "log": {"level": "INFO"}, "route": "/profile", "status": 200, "latency_ms": 623, "user_id": "u163", "message": "ok", "trace": {"id": "7699e7f1890e73f9"}}
{"@timestamp": "2026-02-09T16:21:59.970455+00:00", "service": {"name": "dummy-backend"}, "log": {"level": "INFO"}, "route": "/logout", "status": 200, "latency_ms": 239, "user_id": "u181", "message": "ok", "trace": {"id": "b22e5549cff11581"}}
{"@timestamp": "2026-02-09T16:22:00.474565+00:00", "service": {"name": "dummy-backend"}, "log": {"level": "INFO"}, "route": "/search", "status": 200, "latency_ms": 1200, "user_id": "u026", "message": "ok", "trace": {"id": "506b06e2a06b8118"}}
{"@timestamp": "2026-02-09T16:22:00.976826+00:00", "service": {"name": "dummy-backend"}, "log": {"level": "INFO"}, "route": "/profile", "status": 200, "latency_ms": 1174, "user_id": "u162", "message": "ok", "trace": {"id": "cdd44ce07794466c"}}
{"@timestamp": "2026-02-09T16:22:01.480328+00:00", "service": {"name": "dummy-backend"}, "log": {"level": "INFO"}, "route": "/checkout", "status": 200, "latency_ms": 1077, "user_id": "u182", "message": "ok", "trace": {"id": "48e89b04c8c99911"}}
{"@timestamp": "2026-02-09T16:22:01.984112+00:00", "service": {"name": "dummy-backend"}, "log": {"level": "INFO"}, "route": "/logout", "status": 200, "latency_ms": 645, "user_id": "u153", "message": "ok", "trace": {"id": "7c82c0150680f4e7"}}
{"@timestamp": "2026-02-09T16:22:02.486572+00:00", "service": {"name": "dummy-backend"}, "log": {"level": "ERROR"}, "route": "/logout", "status": 200, "latency_ms": 649, "user_id": "u037", "message": "ok", "trace": {"id": "5f533ae5a65cd5f2"}}
{"@timestamp": "2026-02-09T16:22:02.989826+00:00", "service": {"name": "dummy-backend"}, "log": {"level": "INFO"}, "route": "/search", "status": 200, "latency_ms": 177, "user_id": "u149", "message": "ok", "trace": {"id": "af7bc6fb1d55d2d6"}}
{"@timestamp": "2026-02-09T16:22:03.492661+00:00", "service": {"name": "dummy-backend"}, "log": {"level": "WARN"}, "route": "/logout", "status": 200, "latency_ms": 1150, "user_id": "u059", "message": "ok", "trace": {"id": "b301479ad0c6fa3e"}}
{"@timestamp": "2026-02-09T16:22:03.995250+00:00", "service": {"name": "dummy-backend"}, "log": {"level": "INFO"}, "route": "/login", "status": 200, "latency_ms": 300, "user_id": "u179", "message": "ok", "trace": {"id": "fcbe44f6a2e2eaa3"}}
{"@timestamp": "2026-02-09T16:22:04.497816+00:00", "service": {"name": "dummy-backend"}, "log": {"level": "INFO"}, "route": "/checkout", "status": 200, "latency_ms": 1038, "user_id": "u141", "message": "ok", "trace": {"id": "2ecdadf13c2173c4"}}
{"@timestamp": "2026-02-09T16:22:05.000875+00:00", "service": {"name": "dummy-backend"}, "log": {"level": "INFO"}, "route": "/logout", "status": 200, "latency_ms": 655, "user_id": "u141", "message": "ok", "trace": {"id": "059facc75da41a2f"}}
{"@timestamp": "2026-02-09T16:22:05.504229+00:00", "service": {"name": "dummy-backend"}, "log": {"level": "ERROR"}, "route": "/search", "status": 200, "latency_ms": 966, "user_id": "u180", "message": "ok", "trace": {"id": "f3f5a3e196da90ad"}}
{"@timestamp": "2026-02-09T16:22:06.007728+00:00", "service": {"name": "dummy-backend"}, "log": {"level": "INFO"}, "route": "/search", "status": 200, "latency_ms": 79, "user_id": "u059", "message": "ok", "trace": {"id": "0e1121993d5b868b"}}
{"@timestamp": "2026-02-09T16:22:06.511592+00:00", "service": {"name": "dummy-backend"}, "log": {"level": "INFO"}, "route": "/search", "status": 200, "latency_ms": 1033, "user_id": "u088", "message": "ok", "trace": {"id": "d12cef36f8e70a65"}}
{"@timestamp": "2026-02-09T16:22:07.014674+00:00", "service": {"name": "dummy-backend"}, "log": {"level": "INFO"}, "route": "/checkout", "status": 200, "latency_ms": 897, "user_id": "u014", "message": "ok", "trace": {"id": "16174f1eac1068da"}}
{"@timestamp": "2026-02-09T16:22:07.518467+00:00", "service": {"name": "dummy-backend"}, "log": {"level": "INFO"}, "route": "/search", "status": 200, "latency_ms": 195, "user_id": "u116", "message": "ok", "trace": {"id": "48cda8c7a581dba2"}}
{"@timestamp": "2026-02-09T16:22:08.022163+00:00", "service": {"name": "dummy-backend"}, "log": {"level": "INFO"}, "route": "/login", "status": 200, "latency_ms": 500, "user_id": "u065", "message": "ok", "trace": {"id": "a24b9d5fb847af77"}}
{"@timestamp": "2026-02-09T16:22:08.525952+00:00", "service": {"name": "dummy-backend"}, "log": {"level": "INFO"}, "route": "/login", "status": 200, "latency_ms": 393, "user_id": "u152", "message": "ok", "trace": {"id": "4d055feccd1561e7"}}
{"@timestamp": "2026-02-09T16:22:09.028559+00:00", "service": {"name": "dummy-backend"}, "log": {"level": "INFO"}, "route": "/checkout", "status": 200, "latency_ms": 527, "user_id": "u100", "message": "ok", "trace": {"id": "1964b0e9a7c57fb4"}}
{"@timestamp": "2026-02-09T16:22:09.531603+00:00", "service": {"name": "dummy-backend"}, "log": {"level": "INFO"}, "route": "/login", "status": 200, "latency_ms": 190, "user_id": "u062", "message": "ok", "trace": {"id": "3adb10a0880404de"}}
{"@timestamp": "2026-02-09T16:22:10.034160+00:00", "service": {"name": "dummy-backend"}, "log": {"level": "INFO"}, "route": "/login", "status": 200, "latency_ms": 863, "user_id": "u081", "message": "ok", "trace": {"id": "979c1458aa5db456"}}
{"@timestamp": "2026-02-09T16:22:10.536754+00:00", "service": {"name": "dummy-backend"}, "log": {"level": "INFO"}, "route": "/checkout", "status": 200, "latency_ms": 651, "user_id": "u172", "message": "ok", "trace": {"id": "05d6580007a069fa"}}
{"@timestamp": "2026-02-09T16:22:11.040501+00:00", "service": {"name": "dummy-backend"}, "log": {"level": "INFO"}, "route": "/checkout", "status": 200, "latency_ms": 329, "user_id": "u159", "message": "ok", "trace": {"id": "091783b90f4fbc4b"}}
{"@timestamp": "2026-02-09T16:22:11.542966+00:00", "service": {"name": "dummy-backend"}, "log": {"level": "INFO"}, "route": "/login", "status": 200, "latency_ms": 30, "user_id": "u067", "message": "ok", "trace": {"id": "630f333d011aa6d2"}}
{"@timestamp": "2026-02-09T16:22:12.045852+00:00", "service": {"name": "dummy-backend"}, "log": {"level": "INFO"}, "route": "/profile", "status": 200, "latency_ms": 847, "user_id": "u003", "message": "ok", "trace": {"id": "532d597b92bda901"}}
{"@timestamp": "2026-02-09T16:22:12.548920+00:00", "service": {"name": "dummy-backend"}, "log": {"level": "INFO"}, "route": "/profile", "status": 200, "latency_ms": 1018, "user_id": "u020", "message": "ok", "trace": {"id": "3d4101165049b3c9"}}
{"@timestamp": "2026-02-09T16:22:13.051465+00:00", "service": {"name": "dummy-backend"}, "log": {"level": "WARN"}, "route": "/checkout", "status": 500, "latency_ms": 35, "user_id": "u165", "message": "gateway_error", "trace": {"id": "f45bbba791606922"}}
{"@timestamp": "2026-02-09T16:22:13.554375+00:00", "service": {"name": "dummy-backend"}, "log": {"level": "WARN"}, "route": "/logout", "status": 200, "latency_ms": 953, "user_id": "u148", "message": "ok", "trace": {"id": "1e52e9532444274b"}}
{"@timestamp": "2026-02-09T16:22:14.056891+00:00", "service": {"name": "dummy-backend"}, "log": {"level": "INFO"}, "route": "/checkout", "status": 200, "latency_ms": 211, "user_id": "u092", "message": "ok", "trace": {"id": "c24e45978eb36a7a"}}
{"@timestamp": "2026-02-09T16:22:14.560099+00:00", "service": {"name": "dummy-backend"}, "log": {"level": "WARN"}, "route": "/profile", "status": 200, "latency_ms": 566, "user_id": "u035", "message": "ok", "trace": {"id": "a3b0bbb75e568501"}}
{"@timestamp": "2026-02-09T16:22:15.062995+00:00", "service": {"name": "dummy-backend"}, "log": {"level": "INFO"}, "route": "/logout", "status": 200, "latency_ms": 155, "user_id": "u181", "message": "ok", "trace": {"id": "c57f9b7cec9fefc8"}}
{"@timestamp": "2026-02-09T16:22:15.565879+00:00", "service": {"name": "dummy-backend"}, "log": {"level": "INFO"}, "route": "/profile", "status": 200, "latency_ms": 311, "user_id": "u024", "message": "ok", "trace": {"id": "db1625d50d546916"}}
{"@timestamp": "2026-02-09T16:22:16.069080+00:00", "service": {"name": "dummy-backend"}, "log": {"level": "INFO"}, "route": "/search", "status": 200, "latency_ms": 34, "user_id": "u200", "message": "ok", "trace": {"id": "6a4792e7f76fd3d2"}}
{"@timestamp": "2026-02-09T16:22:16.571855+00:00", "service": {"name": "dummy-backend"}, "log": {"level": "WARN"}, "route": "/logout", "status": 200, "latency_ms": 264, "user_id": "u168", "message": "ok", "trace": {"id": "5dac8ed97f29f45d"}}
{"@timestamp": "2026-02-09T16:22:17.074576+00:00", "service": {"name": "dummy-backend"}, "log": {"level": "INFO"}, "route": "/profile", "status": 200, "latency_ms": 1192, "user_id": "u140", "message": "ok", "trace": {"id": "1431bdd369b71782"}}
{"@timestamp": "2026-02-09T16:22:17.577314+00:00", "service": {"name": "dummy-backend"}, "log": {"level": "INFO"}, "route": "/search", "status": 200, "latency_ms": 1096, "user_id": "u170", "message": "ok", "trace": {"id": "a787172ae32be8b1"}}
{"@timestamp": "2026-02-09T16:22:18.080175+00:00", "service": {"name": "dummy-backend"}, "log": {"level": "INFO"}, "route": "/login", "status": 200, "latency_ms": 394, "user_id": "u073", "message": "ok", "trace": {"id": "97c2b280cb01a292"}}
{"@timestamp": "2026-02-09T16:22:18.583110+00:00", "service": {"name": "dummy-backend"}, "log": {"level": "INFO"}, "route": "/profile", "status": 200, "latency_ms": 151, "user_id": "u160", "message": "ok", "trace": {"id": "89b1ddfa82b81c90"}}
{"@timestamp": "2026-02-09T16:22:19.085593+00:00", "service": {"name": "dummy-backend"}, "log": {"level": "INFO"}, "route": "/logout", "status": 200, "latency_ms": 574, "user_id": "u183", "message": "ok", "trace": {"id": "78fde4a351b3bb63"}}
{"@timestamp": "2026-02-09T16:22:19.588208+00:00", "service": {"name": "dummy-backend"}, "log": {"level": "INFO"}, "route": "/search", "status": 200, "latency_ms": 199, "user_id": "u003", "message": "ok", "trace": {"id": "30137f1d50df1634"}}
{"@timestamp": "2026-02-09T16:22:20.090937+00:00", "service": {"name": "dummy-backend"}, "log": {"level": "WARN"}, "route": "/search", "status": 200, "latency_ms": 1175, "user_id": "u031", "message": "ok", "trace": {"id": "42272c11ba6051d8"}}
{"@timestamp": "2026-02-09T16:22:20.594024+00:00", "service": {"name": "dummy-backend"}, "log": {"level": "INFO"}, "route": "/login", "status": 200, "latency_ms": 857, "user_id": "u192", "message": "ok", "trace": {"id": "4dfcf7335e5b43f7"}}
{"@timestamp": "2026-02-09T16:22:21.099439+00:00", "service": {"name": "dummy-backend"}, "log": {"level": "INFO"}, "route": "/search", "status": 200, "latency_ms": 1074, "user_id": "u143", "message": "ok", "trace": {"id": "c5057ed4b8105d5a"}}
{"@timestamp": "2026-02-09T16:22:21.602273+00:00", "service": {"name": "dummy-backend"}, "log": {"level": "INFO"}, "route": "/profile", "status": 200, "latency_ms": 623, "user_id": "u038", "message": "ok", "trace": {"id": "48af4970981d6c68"}}
{"@timestamp": "2026-02-09T16:22:22.105375+00:00", "service": {"name": "dummy-backend"}, "log": {"level": "ERROR"}, "route": "/logout", "status": 200, "latency_ms": 383, "user_id": "u063", "message": "ok", "trace": {"id": "59343463224760a0"}}
{"@timestamp": "2026-02-09T16:22:22.608319+00:00", "service": {"name": "dummy-backend"}, "log": {"level": "INFO"}, "route": "/checkout", "status": 200, "latency_ms": 195, "user_id": "u195", "message": "ok", "trace": {"id": "c9d5e398d7c073b5"}}
{"@timestamp": "2026-02-09T16:22:23.111259+00:00", "service": {"name": "dummy-backend"}, "log": {"level": "INFO"}, "route": "/search", "status": 200, "latency_ms": 828, "user_id": "u022", "message": "ok", "trace": {"id": "82d559c2b0bee492"}}
{"@timestamp": "2026-02-09T16:22:23.614287+00:00", "service": {"name": "dummy-backend"}, "log": {"level": "ERROR"}, "route": "/login", "status": 401, "latency_ms": 820, "user_id": "u073", "message": "token_expired", "trace": {"id": "620e373c17808534"}}
{"@timestamp": "2026-02-09T16:22:24.116892+00:00", "service": {"name": "dummy-backend"}, "log": {"level": "INFO"}, "route": "/profile", "status": 200, "latency_ms": 991, "user_id": "u035", "message": "ok", "trace": {"id": "ecfcfc80fc59badb"}}
{"@timestamp": "2026-02-09T16:22:24.619568+00:00", "service": {"name": "dummy-backend"}, "log": {"level": "INFO"}, "route": "/logout", "status": 200, "latency_ms": 260, "user_id": "u085", "message": "ok", "trace": {"id": "f0f9cbf053f88989"}}
{"@timestamp": "2026-02-09T16:22:25.115425+00:00", "service": {"name": "dummy-backend"}, "log": {"level": "INFO"}, "route": "/logout", "status": 200, "latency_ms": 883, "user_id": "u116", "message": "ok", "trace": {"id": "3e2eae51b516a9ef"}}
{"@timestamp": "2026-02-09T16:22:25.618405+00:00", "service": {"name": "dummy-backend"}, "log": {"level": "ERROR"}, "route": "/search", "status": 200, "latency_ms": 753, "user_id": "u127", "message": "ok", "trace": {"id": "cea46c9598a21145"}}
{"@timestamp": "2026-02-09T16:22:26.121753+00:00", "service": {"name": "dummy-backend"}, "log": {"level": "INFO"}, "route": "/login", "status": 200, "latency_ms": 170, "user_id": "u135", "message": "ok", "trace": {"id": "20272ec37c3c9ee3"}}
{"@timestamp": "2026-02-09T16:22:26.624569+00:00", "service": {"name": "dummy-backend"}, "log": {"level": "INFO"}, "route": "/logout", "status": 200, "latency_ms": 1062, "user_id": "u184", "message": "ok", "trace": {"id": "29338383fcf1d4e5"}}
{"@timestamp": "2026-02-09T16:22:27.127523+00:00", "service": {"name": "dummy-backend"}, "log": {"level": "INFO"}, "route": "/login", "status": 200, "latency_ms": 996, "user_id": "u113", "message": "ok", "trace": {"id": "c3edaa5c80bb7675"}}
{"@timestamp": "2026-02-09T16:22:27.630361+00:00", "service": {"name": "dummy-backend"}, "log": {"level": "WARN"}, "route": "/profile", "status": 200, "latency_ms": 1104, "user_id": "u052", "message": "ok", "trace": {"id": "22a79678a5c75f57"}}
{"@timestamp": "2026-02-09T16:22:28.133050+00:00", "service": {"name": "dummy-backend"}, "log": {"level": "WARN"}, "route": "/checkout", "status": 409, "latency_ms": 1076, "user_id": "u128", "message": "gateway_error", "trace": {"id": "ff5522468a625afe"}}
{"@timestamp": "2026-02-09T16:22:28.636230+00:00", "service": {"name": "dummy-backend"}, "log": {"level": "INFO"}, "route": "/profile", "status": 200, "latency_ms": 56, "user_id": "u098", "message": "ok", "trace": {"id": "7c3e6a34a8ab6071"}}
{"@timestamp": "2026-02-09T16:22:29.138800+00:00", "service": {"name": "dummy-backend"}, "log": {"level": "INFO"}, "route": "/logout", "status": 200, "latency_ms": 164, "user_id": "u115", "message": "ok", "trace": {"id": "17f7dffa486ea821"}}
{"@timestamp": "2026-02-09T16:22:29.641797+00:00", "service": {"name": "dummy-backend"}, "log": {"level": "INFO"}, "route": "/checkout", "status": 200, "latency_ms": 286, "user_id": "u095", "message": "ok", "trace": {"id": "989edc560c7a08f1"}}
{"@timestamp": "2026-02-09T16:22:30.144392+00:00", "service": {"name": "dummy-backend"}, "log": {"level": "INFO"}, "route": "/logout", "status": 200, "latency_ms": 335, "user_id": "u035", "message": "ok", "trace": {"id": "d927c21ac0d089df"}}
{"@timestamp": "2026-02-09T16:22:30.647372+00:00", "service": {"name": "dummy-backend"}, "log": {"level": "INFO"}, "route": "/logout", "status": 200, "latency_ms": 37, "user_id": "u042", "message": "ok", "trace": {"id": "e8b5ab34ae5de044"}}
{"@timestamp": "2026-02-09T16:22:31.150810+00:00", "service": {"name": "dummy-backend"}, "log": {"level": "INFO"}, "route": "/logout", "status": 200, "latency_ms": 338, "user_id": "u017", "message": "ok", "trace": {"id": "69ee7f5607719c7e"}}
{"@timestamp": "2026-02-09T16:22:31.654135+00:00", "service": {"name": "dummy-backend"}, "log": {"level": "INFO"}, "route": "/search", "status": 200, "latency_ms": 246, "user_id": "u021", "message": "ok", "trace": {"id": "12e8103cdd31accb"}}
{"@timestamp": "2026-02-09T16:22:32.156863+00:00", "service": {"name": "dummy-backend"}, "log": {"level": "INFO"}, "route": "/logout", "status": 200, "latency_ms": 1115, "user_id": "u030", "message": "ok", "trace": {"id": "a023648f5cd6f7be"}}
{"@timestamp": "2026-02-09T16:22:32.659079+00:00", "service": {"name": "dummy-backend"}, "log": {"level": "INFO"}, "route": "/profile", "status": 200, "latency_ms": 93, "user_id": "u067", "message": "ok", "trace": {"id": "cda3cc294f13baba"}}
{"@timestamp": "2026-02-09T16:22:33.166144+00:00", "service": {"name": "dummy-backend"}, "log": {"level": "INFO"}, "route": "/profile", "status": 200, "latency_ms": 525, "user_id": "u056", "message": "ok", "trace": {"id": "8e4d21448cdb703d"}}
{"@timestamp": "2026-02-09T16:22:33.668770+00:00", "service": {"name": "dummy-backend"}, "log": {"level": "INFO"}, "route": "/checkout", "status": 200, "latency_ms": 1188, "user_id": "u109", "message": "ok", "trace": {"id": "073ffa6f233a530b"}}
{"@timestamp": "2026-02-09T16:22:34.171765+00:00", "service": {"name": "dummy-backend"}, "log": {"level": "INFO"}, "route": "/login", "status": 200, "latency_ms": 509, "user_id": "u157", "message": "ok", "trace": {"id": "3f9d4bd27c372f7f"}}
{"@timestamp": "2026-02-09T16:22:34.674155+00:00", "service": {"name": "dummy-backend"}, "log": {"level": "INFO"}, "route": "/profile", "status": 200, "latency_ms": 459, "user_id": "u170", "message": "ok", "trace": {"id": "db22605d57dd9a85"}}
{"@timestamp": "2026-02-09T16:22:35.176884+00:00", "service": {"name": "dummy-backend"}, "log": {"level": "INFO"}, "route": "/profile", "status": 200, "latency_ms": 161, "user_id": "u032", "message": "ok", "trace": {"id": "159f76ac383b52ee"}}
{"@timestamp": "2026-02-09T16:22:35.680228+00:00", "service": {"name": "dummy-backend"}, "log": {"level": "INFO"}, "route": "/checkout", "status": 200, "latency_ms": 419, "user_id": "u034", "message": "ok", "trace": {"id": "044402bd686c643f"}}
{"@timestamp": "2026-02-09T16:22:36.182760+00:00", "service": {"name": "dummy-backend"}, "log": {"level": "INFO"}, "route": "/login", "status": 200, "latency_ms": 326, "user_id": "u183", "message": "ok", "trace": {"id": "bb1f562a3d548350"}}
{"@timestamp": "2026-02-09T16:22:36.685164+00:00", "service": {"name": "dummy-backend"}, "log": {"level": "INFO"}, "route": "/logout", "status": 200, "latency_ms": 1181, "user_id": "u155", "message": "ok", "trace": {"id": "c9d189ca6267c372"}}
{"@timestamp": "2026-02-09T16:22:37.187617+00:00", "service": {"name": "dummy-backend"}, "log": {"level": "INFO"}, "route": "/search", "status": 200, "latency_ms": 45, "user_id": "u080", "message": "ok", "trace": {"id": "9a361b8d45c36cdc"}}
{"@timestamp": "2026-02-09T16:22:37.690300+00:00", "service": {"name": "dummy-backend"}, "log": {"level": "INFO"}, "route": "/search", "status": 200, "latency_ms": 905, "user_id": "u181", "message": "ok", "trace": {"id": "d2cdf11e28fa626e"}}
{"@timestamp": "2026-02-09T16:22:38.194037+00:00", "service": {"name": "dummy-backend"}, "log": {"level": "INFO"}, "route": "/search", "status": 200, "latency_ms": 1183, "user_id": "u080", "message": "ok", "trace": {"id": "744182bede57fd58"}}
{"@timestamp": "2026-02-09T16:22:38.696773+00:00", "service": {"name": "dummy-backend"}, "log": {"level": "INFO"}, "route": "/checkout", "status": 200, "latency_ms": 525, "user_id": "u176", "message": "ok", "trace": {"id": "df033af936932b89"}}
{"@timestamp": "2026-02-09T16:22:39.199831+00:00", "service": {"name": "dummy-backend"}, "log": {"level": "INFO"}, "route": "/checkout", "status": 200, "latency_ms": 341, "user_id": "u150", "message": "ok", "trace": {"id": "9d5ebd60739bdada"}}
{"@timestamp": "2026-02-09T16:22:39.707034+00:00", "service": {"name": "dummy-backend"}, "log": {"level": "INFO"}, "route": "/profile", "status": 200, "latency_ms": 1197, "user_id": "u157", "message": "ok", "trace": {"id": "fdffd841e8d815c3"}}
{"@timestamp": "2026-02-09T16:22:40.209633+00:00", "service": {"name": "dummy-backend"}, "log": {"level": "INFO"}, "route": "/profile", "status": 200, "latency_ms": 10, "user_id": "u159", "message": "ok", "trace": {"id": "58882c7c9e3806b8"}}
{"@timestamp": "2026-02-09T16:22:40.712894+00:00", "service": {"name": "dummy-backend"}, "log": {"level": "ERROR"}, "route": "/logout", "status": 200, "latency_ms": 797, "user_id": "u038", "message": "ok", "trace": {"id": "40a6d134be2dd90d"}}
{"@timestamp": "2026-02-09T16:22:41.215736+00:00", "service": {"name": "dummy-backend"}, "log": {"level": "INFO"}, "route": "/checkout", "status": 200, "latency_ms": 715, "user_id": "u094", "message": "ok", "trace": {"id": "1d8679e767786db6"}}
{"@timestamp": "2026-02-09T16:22:41.718228+00:00", "service": {"name": "dummy-backend"}, "log": {"level": "INFO"}, "route": "/login", "status": 200, "latency_ms": 1170, "user_id": "u190", "message": "ok", "trace": {"id": "21a04198a451bcae"}}
{"@timestamp": "2026-02-09T16:22:42.221109+00:00", "service": {"name": "dummy-backend"}, "log": {"level": "INFO"}, "route": "/profile", "status": 200, "latency_ms": 1043, "user_id": "u154", "message": "ok", "trace": {"id": "4569cf4622854a6f"}}
{"@timestamp": "2026-02-09T16:22:42.723421+00:00", "service": {"name": "dummy-backend"}, "log": {"level": "INFO"}, "route": "/logout", "status": 200, "latency_ms": 555, "user_id": "u035", "message": "ok", "trace": {"id": "9df1c4fa2f21d943"}}
{"@timestamp": "2026-02-09T16:22:43.226029+00:00", "service": {"name": "dummy-backend"}, "log": {"level": "INFO"}, "route": "/logout", "status": 200, "latency_ms": 345, "user_id": "u066", "message": "ok", "trace": {"id": "9bc045329da18f2b"}}
{"@timestamp": "2026-02-09T16:22:43.728410+00:00", "service": {"name": "dummy-backend"}, "log": {"level": "INFO"}, "route": "/checkout", "status": 200, "latency_ms": 384, "user_id": "u156", "message": "ok", "trace": {"id": "66b2ed9131b90d6f"}}
{"@timestamp": "2026-02-09T16:22:44.231584+00:00", "service": {"name": "dummy-backend"}, "log": {"level": "INFO"}, "route": "/search", "status": 200, "latency_ms": 918, "user_id": "u150", "message": "ok", "trace": {"id": "f5000f506dffc67b"}}
{"@timestamp": "2026-02-09T16:22:44.734707+00:00", "service": {"name": "dummy-backend"}, "log": {"level": "INFO"}, "route": "/logout", "status": 200, "latency_ms": 586, "user_id": "u081", "message": "ok", "trace": {"id": "d7b63b1f459e009a"}}
{"@timestamp": "2026-02-09T16:22:45.237327+00:00", "service": {"name": "dummy-backend"}, "log": {"level": "INFO"}, "route": "/logout", "status": 200, "latency_ms": 609, "user_id": "u056", "message": "ok", "trace": {"id": "07205823a53f90ce"}}
{"@timestamp": "2026-02-09T16:22:45.740222+00:00", "service": {"name": "dummy-backend"}, "log": {"level": "INFO"}, "route": "/logout", "status": 200, "latency_ms": 249, "user_id": "u052", "message": "ok", "trace": {"id": "877ef4bd97bd33d5"}}
{"@timestamp": "2026-02-09T16:22:46.243559+00:00", "service": {"name": "dummy-backend"}, "log": {"level": "INFO"}, "route": "/search", "status": 200, "latency_ms": 327, "user_id": "u015", "message": "ok", "trace": {"id": "92b38d94cc7cd7e2"}}
{"@timestamp": "2026-02-09T16:22:46.746191+00:00", "service": {"name": "dummy-backend"}, "log": {"level": "INFO"}, "route": "/checkout", "status": 200, "latency_ms": 86, "user_id": "u034", "message": "ok", "trace": {"id": "40966f8194566a5b"}}
{"@timestamp": "2026-02-09T16:22:47.248866+00:00", "service": {"name": "dummy-backend"}, "log": {"level": "INFO"}, "route": "/logout", "status": 200, "latency_ms": 92, "user_id": "u043", "message": "ok", "trace": {"id": "62f27760a81f79ad"}}
{"@timestamp": "2026-02-09T16:22:47.751784+00:00", "service": {"name": "dummy-backend"}, "log": {"level": "INFO"}, "route": "/search", "status": 200, "latency_ms": 750, "user_id": "u021", "message": "ok", "trace": {"id": "74ee5c3901f30ba4"}}
{"@timestamp": "2026-02-09T16:22:48.254315+00:00", "service": {"name": "dummy-backend"}, "log": {"level": "INFO"}, "route": "/checkout", "status": 200, "latency_ms": 57, "user_id": "u066", "message": "ok", "trace": {"id": "2b028c1ed167f3eb"}}
{"@timestamp": "2026-02-09T16:22:48.756923+00:00", "service": {"name": "dummy-backend"}, "log": {"level": "INFO"}, "route": "/search", "status": 200, "latency_ms": 125, "user_id": "u021", "message": "ok", "trace": {"id": "55accef5c50f84d2"}}
{"@timestamp": "2026-02-09T16:22:49.260325+00:00", "service": {"name": "dummy-backend"}, "log": {"level": "INFO"}, "route": "/search", "status": 200, "latency_ms": 156, "user_id": "u127", "message": "ok", "trace": {"id": "7c7667d09aced45a"}}
{"@timestamp": "2026-02-09T16:22:49.763474+00:00", "service": {"name": "dummy-backend"}, "log": {"level": "ERROR"}, "route": "/search", "status": 200, "latency_ms": 511, "user_id": "u140", "message": "ok", "trace": {"id": "5f1bc4db444b7151"}}
{"@timestamp": "2026-02-09T16:22:50.266361+00:00", "service": {"name": "dummy-backend"}, "log": {"level": "INFO"}, "route": "/profile", "status": 200, "latency_ms": 739, "user_id": "u061", "message": "ok", "trace": {"id": "b30f021aea474ac3"}}
{"@timestamp": "2026-02-09T16:22:50.769197+00:00", "service": {"name": "dummy-backend"}, "log": {"level": "INFO"}, "route": "/logout", "status": 200, "latency_ms": 580, "user_id": "u005", "message": "ok", "trace": {"id": "2dbe12246ae76e55"}}
{"@timestamp": "2026-02-09T16:22:51.271877+00:00", "service": {"name": "dummy-backend"}, "log": {"level": "INFO"}, "route": "/profile", "status": 200, "latency_ms": 443, "user_id": "u077", "message": "ok", "trace": {"id": "e7bee13243ab2cde"}}
{"@timestamp": "2026-02-09T16:22:51.774564+00:00", "service": {"name": "dummy-backend"}, "log": {"level": "INFO"}, "route": "/profile", "status": 200, "latency_ms": 604, "user_id": "u060", "message": "ok", "trace": {"id": "ddc5165090b0908f"}}
{"@timestamp": "2026-02-09T16:22:52.277463+00:00", "service": {"name": "dummy-backend"}, "log": {"level": "INFO"}, "route": "/search", "status": 200, "latency_ms": 828, "user_id": "u175", "message": "ok", "trace": {"id": "9bed0babac32eee6"}}
{"@timestamp": "2026-02-09T16:22:52.781993+00:00", "service": {"name": "dummy-backend"}, "log": {"level": "INFO"}, "route": "/search", "status": 200, "latency_ms": 429, "user_id": "u098", "message": "ok", "trace": {"id": "f049a098e5606af5"}}
{"@timestamp": "2026-02-09T16:22:53.285410+00:00", "service": {"name": "dummy-backend"}, "log": {"level": "WARN"}, "route": "/login", "status": 200, "latency_ms": 1075, "user_id": "u019", "message": "ok", "trace": {"id": "958047f791efbe87"}}
{"@timestamp": "2026-02-09T16:22:53.788683+00:00", "service": {"name": "dummy-backend"}, "log": {"level": "INFO"}, "route": "/logout", "status": 200, "latency_ms": 561, "user_id": "u177", "message": "ok", "trace": {"id": "9cb8b22548b947eb"}}
{"@timestamp": "2026-02-09T16:22:54.293128+00:00", "service": {"name": "dummy-backend"}, "log": {"level": "INFO"}, "route": "/checkout", "status": 200, "latency_ms": 1165, "user_id": "u067", "message": "ok", "trace": {"id": "663ae9b729d4b807"}}
{"@timestamp": "2026-02-09T16:22:54.796576+00:00", "service": {"name": "dummy-backend"}, "log": {"level": "INFO"}, "route": "/logout", "status": 200, "latency_ms": 425, "user_id": "u161", "message": "ok", "trace": {"id": "0bb9e81e564288d0"}}
{"@timestamp": "2026-02-09T16:22:55.293988+00:00", "service": {"name": "dummy-backend"}, "log": {"level": "INFO"}, "route": "/checkout", "status": 200, "latency_ms": 202, "user_id": "u055", "message": "ok", "trace": {"id": "5be622820d4c976a"}}
{"@timestamp": "2026-02-09T16:22:55.796318+00:00", "service": {"name": "dummy-backend"}, "log": {"level": "INFO"}, "route": "/profile", "status": 200, "latency_ms": 805, "user_id": "u099", "message": "ok", "trace": {"id": "fd6c48c4c7177bdd"}}
{"@timestamp": "2026-02-09T16:22:56.299225+00:00", "service": {"name": "dummy-backend"}, "log": {"level": "INFO"}, "route": "/checkout", "status": 200, "latency_ms": 166, "user_id": "u114", "message": "ok", "trace": {"id": "9551b25635351f0b"}}
{"@timestamp": "2026-02-09T16:22:56.802061+00:00", "service": {"name": "dummy-backend"}, "log": {"level": "ERROR"}, "route": "/login", "status": 401, "latency_ms": 665, "user_id": "u119", "message": "token_expired", "trace": {"id": "1110189dc015ce0a"}}
{"@timestamp": "2026-02-09T16:22:57.304766+00:00", "service": {"name": "dummy-backend"}, "log": {"level": "INFO"}, "route": "/login", "status": 200, "latency_ms": 974, "user_id": "u048", "message": "ok", "trace": {"id": "26af2e6f21c7ebd9"}}
{"@timestamp": "2026-02-09T16:22:57.807737+00:00", "service": {"name": "dummy-backend"}, "log": {"level": "INFO"}, "route": "/login", "status": 200, "latency_ms": 1031, "user_id": "u016", "message": "ok", "trace": {"id": "2c2ede95cb9f1f23"}}
{"@timestamp": "2026-02-09T16:22:58.310435+00:00", "service": {"name": "dummy-backend"}, "log": {"level": "INFO"}, "route": "/profile", "status": 200, "latency_ms": 405, "user_id": "u120", "message": "ok", "trace": {"id": "8a539e12bc48f6b4"}}
{"@timestamp": "2026-02-09T16:22:58.813179+00:00", "service": {"name": "dummy-backend"}, "log": {"level": "ERROR"}, "route": "/login", "status": 403, "latency_ms": 924, "user_id": "u128", "message": "db_timeout", "trace": {"id": "7da12b2aed18a952"}}
{"@timestamp": "2026-02-09T16:22:59.316343+00:00", "service": {"name": "dummy-backend"}, "log": {"level": "INFO"}, "route": "/search", "status": 200, "latency_ms": 1073, "user_id": "u012", "message": "ok", "trace": {"id": "478aa4d8e8bb653f"}}
{"@timestamp": "2026-02-09T16:22:59.818664+00:00", "service": {"name": "dummy-backend"}, "log": {"level": "INFO"}, "route": "/login", "status": 200, "latency_ms": 436, "user_id": "u025", "message": "ok", "trace": {"id": "e1490bf162090d97"}}
{"@timestamp": "2026-02-09T16:23:00.321723+00:00", "service": {"name": "dummy-backend"}, "log": {"level": "INFO"}, "route": "/logout", "status": 200, "latency_ms": 840, "user_id": "u085", "message": "ok", "trace": {"id": "cd896b7d41aa9076"}}
{"@timestamp": "2026-02-09T16:23:00.824757+00:00", "service": {"name": "dummy-backend"}, "log": {"level": "INFO"}, "route": "/login", "status": 200, "latency_ms": 35, "user_id": "u200", "message": "ok", "trace": {"id": "cbe75b782d122043"}}
{"@timestamp": "2026-02-09T16:23:01.327876+00:00", "service": {"name": "dummy-backend"}, "log": {"level": "INFO"}, "route": "/profile", "status": 200, "latency_ms": 30, "user_id": "u119", "message": "ok", "trace": {"id": "9f96be411df5def1"}}
{"@timestamp": "2026-02-09T16:23:01.830883+00:00", "service": {"name": "dummy-backend"}, "log": {"level": "INFO"}, "route": "/logout", "status": 200, "latency_ms": 18, "user_id": "u021", "message": "ok", "trace": {"id": "fd22afb90e212417"}}
{"@timestamp": "2026-02-09T16:23:02.333888+00:00", "service": {"name": "dummy-backend"}, "log": {"level": "INFO"}, "route": "/profile", "status": 200, "latency_ms": 325, "user_id": "u005", "message": "ok", "trace": {"id": "9b79d3a572b20fb0"}}
{"@timestamp": "2026-02-09T16:23:02.836576+00:00", "service": {"name": "dummy-backend"}, "log": {"level": "INFO"}, "route": "/login", "status": 200, "latency_ms": 88, "user_id": "u176", "message": "ok", "trace": {"id": "ce0737fb320463dc"}}
{"@timestamp": "2026-02-09T16:23:03.338865+00:00", "service": {"name": "dummy-backend"}, "log": {"level": "INFO"}, "route": "/logout", "status": 200, "latency_ms": 206, "user_id": "u063", "message": "ok", "trace": {"id": "fa951c8c50484b40"}}
{"@timestamp": "2026-02-09T16:23:03.841341+00:00", "service": {"name": "dummy-backend"}, "log": {"level": "INFO"}, "route": "/search", "status": 200, "latency_ms": 615, "user_id": "u148", "message": "ok", "trace": {"id": "4c8475f8bc2c9943"}}
{"@timestamp": "2026-02-09T16:23:04.343818+00:00", "service": {"name": "dummy-backend"}, "log": {"level": "INFO"}, "route": "/logout", "status": 200, "latency_ms": 1100, "user_id": "u144", "message": "ok", "trace": {"id": "e8c6c8ae04d415ab"}}
{"@timestamp": "2026-02-09T16:23:04.846306+00:00", "service": {"name": "dummy-backend"}, "log": {"level": "INFO"}, "route": "/login", "status": 200, "latency_ms": 474, "user_id": "u106", "message": "ok", "trace": {"id": "c12dd8df506d53f7"}}
{"@timestamp": "2026-02-09T16:23:05.348760+00:00", "service": {"name": "dummy-backend"}, "log": {"level": "INFO"}, "route": "/login", "status": 200, "latency_ms": 1052, "user_id": "u176", "message": "ok", "trace": {"id": "0ca30833a2092aa8"}}
{"@timestamp": "2026-02-09T16:23:05.851219+00:00", "service": {"name": "dummy-backend"}, "log": {"level": "INFO"}, "route": "/logout", "status": 200, "latency_ms": 32, "user_id": "u175", "message": "ok", "trace": {"id": "d3ed95cf8504f14d"}}
{"@timestamp": "2026-02-09T16:23:06.354193+00:00", "service": {"name": "dummy-backend"}, "log": {"level": "WARN"}, "route": "/logout", "status": 200, "latency_ms": 1125, "user_id": "u066", "message": "ok", "trace": {"id": "0c76729dbea7b907"}}
{"@timestamp": "2026-02-09T16:23:06.857235+00:00", "service": {"name": "dummy-backend"}, "log": {"level": "INFO"}, "route": "/search", "status": 200, "latency_ms": 542, "user_id": "u131", "message": "ok", "trace": {"id": "d66829895baaf7f2"}}
{"@timestamp": "2026-02-09T16:23:07.359954+00:00", "service": {"name": "dummy-backend"}, "log": {"level": "INFO"}, "route": "/search", "status": 200, "latency_ms": 873, "user_id": "u093", "message": "ok", "trace": {"id": "3bdb94d189c2c507"}}
{"@timestamp": "2026-02-09T16:23:07.865602+00:00", "service": {"name": "dummy-backend"}, "log": {"level": "INFO"}, "route": "/logout", "status": 200, "latency_ms": 452, "user_id": "u052", "message": "ok", "trace": {"id": "1c28902dabab4314"}}
{"@timestamp": "2026-02-09T16:23:08.370337+00:00", "service": {"name": "dummy-backend"}, "log": {"level": "INFO"}, "route": "/checkout", "status": 200, "latency_ms": 64, "user_id": "u021", "message": "ok", "trace": {"id": "b1a1b2fcb047ba9e"}}
{"@timestamp": "2026-02-09T16:23:08.873231+00:00", "service": {"name": "dummy-backend"}, "log": {"level": "INFO"}, "route": "/checkout", "status": 200, "latency_ms": 340, "user_id": "u153", "message": "ok", "trace": {"id": "128509fc7f3fed04"}}
{"@timestamp": "2026-02-09T16:23:09.376542+00:00", "service": {"name": "dummy-backend"}, "log": {"level": "INFO"}, "route": "/login", "status": 200, "latency_ms": 1139, "user_id": "u016", "message": "ok", "trace": {"id": "36fb974cef5a3e8c"}}
{"@timestamp": "2026-02-09T16:23:09.879379+00:00", "service": {"name": "dummy-backend"}, "log": {"level": "INFO"}, "route": "/login", "status": 200, "latency_ms": 727, "user_id": "u197", "message": "ok", "trace": {"id": "9c638f578b7f8caa"}}
{"@timestamp": "2026-02-09T16:23:10.381987+00:00", "service": {"name": "dummy-backend"}, "log": {"level": "INFO"}, "route": "/logout", "status": 200, "latency_ms": 555, "user_id": "u074", "message": "ok", "trace": {"id": "f9f3e4146770fba5"}}
{"@timestamp": "2026-02-09T16:23:10.884792+00:00", "service": {"name": "dummy-backend"}, "log": {"level": "INFO"}, "route": "/logout", "status": 200, "latency_ms": 629, "user_id": "u061", "message": "ok", "trace": {"id": "0effd81949fb4213"}}
{"@timestamp": "2026-02-09T16:23:11.387393+00:00", "service": {"name": "dummy-backend"}, "log": {"level": "INFO"}, "route": "/search", "status": 200, "latency_ms": 1033, "user_id": "u053", "message": "ok", "trace": {"id": "a307fc19853fa4e6"}}
{"@timestamp": "2026-02-09T16:23:11.890096+00:00", "service": {"name": "dummy-backend"}, "log": {"level": "INFO"}, "route": "/profile", "status": 200, "latency_ms": 905, "user_id": "u029", "message": "ok", "trace": {"id": "306daa885f9acb32"}}
{"@timestamp": "2026-02-09T16:23:12.393489+00:00", "service": {"name": "dummy-backend"}, "log": {"level": "INFO"}, "route": "/checkout", "status": 200, "latency_ms": 724, "user_id": "u036", "message": "ok", "trace": {"id": "21aa229c7bb54604"}}
{"@timestamp": "2026-02-09T16:23:12.896769+00:00", "service": {"name": "dummy-backend"}, "log": {"level": "INFO"}, "route": "/checkout", "status": 200, "latency_ms": 729, "user_id": "u190", "message": "ok", "trace": {"id": "4322336ef3919358"}}
{"@timestamp": "2026-02-09T16:23:13.399429+00:00", "service": {"name": "dummy-backend"}, "log": {"level": "INFO"}, "route": "/logout", "status": 200, "latency_ms": 456, "user_id": "u185", "message": "ok", "trace": {"id": "06dc163db031466c"}}
{"@timestamp": "2026-02-09T16:23:13.902231+00:00", "service": {"name": "dummy-backend"}, "log": {"level": "INFO"}, "route": "/search", "status": 200, "latency_ms": 855, "user_id": "u153", "message": "ok", "trace": {"id": "d2f65f9ae85b6083"}}
{"@timestamp": "2026-02-09T16:23:14.405000+00:00", "service": {"name": "dummy-backend"}, "log": {"level": "INFO"}, "route": "/logout", "status": 200, "latency_ms": 1141, "user_id": "u186", "message": "ok", "trace": {"id": "c2ea2a20091d0a26"}}
{"@timestamp": "2026-02-09T16:23:14.907845+00:00", "service": {"name": "dummy-backend"}, "log": {"level": "INFO"}, "route": "/profile", "status": 200, "latency_ms": 977, "user_id": "u037", "message": "ok", "trace": {"id": "d6e206e898154660"}}
{"@timestamp": "2026-02-09T16:23:15.411269+00:00", "service": {"name": "dummy-backend"}, "log": {"level": "WARN"}, "route": "/logout", "status": 200, "latency_ms": 393, "user_id": "u027", "message": "ok", "trace": {"id": "97525b3b646b9f37"}}
{"@timestamp": "2026-02-09T16:23:15.915040+00:00", "service": {"name": "dummy-backend"}, "log": {"level": "INFO"}, "route": "/profile", "status": 200, "latency_ms": 1053, "user_id": "u129", "message": "ok", "trace": {"id": "19a031c6a71244c2"}}
{"@timestamp": "2026-02-09T16:23:16.417819+00:00", "service": {"name": "dummy-backend"}, "log": {"level": "INFO"}, "route": "/profile", "status": 200, "latency_ms": 526, "user_id": "u075", "message": "ok", "trace": {"id": "2b3c893b3bc6891c"}}
{"@timestamp": "2026-02-09T16:23:16.925417+00:00", "service": {"name": "dummy-backend"}, "log": {"level": "INFO"}, "route": "/login", "status": 200, "latency_ms": 729, "user_id": "u189", "message": "ok", "trace": {"id": "5b44376ec4d8a5c4"}}
{"@timestamp": "2026-02-09T16:23:17.428280+00:00", "service": {"name": "dummy-backend"}, "log": {"level": "INFO"}, "route": "/search", "status": 200, "latency_ms": 406, "user_id": "u161", "message": "ok", "trace": {"id": "bffdcd9f0e5266d8"}}
{"@timestamp": "2026-02-09T16:23:17.931485+00:00", "service": {"name": "dummy-backend"}, "log": {"level": "INFO"}, "route": "/checkout", "status": 200, "latency_ms": 913, "user_id": "u024", "message": "ok", "trace": {"id": "228c49ce54acf1f0"}}
{"@timestamp": "2026-02-09T16:23:18.434533+00:00", "service": {"name": "dummy-backend"}, "log": {"level": "WARN"}, "route": "/profile", "status": 200, "latency_ms": 681, "user_id": "u180", "message": "ok", "trace": {"id": "16e73290f3327c3e"}}
{"@timestamp": "2026-02-09T16:23:18.937181+00:00", "service": {"name": "dummy-backend"}, "log": {"level": "INFO"}, "route": "/checkout", "status": 200, "latency_ms": 327, "user_id": "u099", "message": "ok", "trace": {"id": "3fb22f8c85d96066"}}
{"@timestamp": "2026-02-09T16:23:19.440864+00:00", "service": {"name": "dummy-backend"}, "log": {"level": "WARN"}, "route": "/checkout", "status": 500, "latency_ms": 9, "user_id": "u184", "message": "gateway_error", "trace": {"id": "37c1bffcd2811d6a"}}
{"@timestamp": "2026-02-09T16:23:19.943753+00:00", "service": {"name": "dummy-backend"}, "log": {"level": "ERROR"}, "route": "/profile", "status": 200, "latency_ms": 301, "user_id": "u154", "message": "ok", "trace": {"id": "28ba835af7aa0ec8"}}
{"@timestamp": "2026-02-09T16:23:20.447564+00:00", "service": {"name": "dummy-backend"}, "log": {"level": "INFO"}, "route": "/profile", "status": 200, "latency_ms": 534, "user_id": "u045", "message": "ok", "trace": {"id": "0d57702caf2bcba3"}}
{"@timestamp": "2026-02-09T16:23:20.950283+00:00", "service": {"name": "dummy-backend"}, "log": {"level": "INFO"}, "route": "/search", "status": 200, "latency_ms": 894, "user_id": "u116", "message": "ok", "trace": {"id": "a99f1fc2692a0385"}}
{"@timestamp": "2026-02-09T16:23:21.453109+00:00", "service": {"name": "dummy-backend"}, "log": {"level": "WARN"}, "route": "/logout", "status": 200, "latency_ms": 121, "user_id": "u025", "message": "ok", "trace": {"id": "b1c91032d44e56bd"}}
{"@timestamp": "2026-02-09T16:23:21.955976+00:00", "service": {"name": "dummy-backend"}, "log": {"level": "INFO"}, "route": "/search", "status": 200, "latency_ms": 1157, "user_id": "u088", "message": "ok", "trace": {"id": "542f60d880501d96"}}
{"@timestamp": "2026-02-09T16:23:22.458685+00:00", "service": {"name": "dummy-backend"}, "log": {"level": "INFO"}, "route": "/logout", "status": 200, "latency_ms": 1171, "user_id": "u035", "message": "ok", "trace": {"id": "61697203ce224df0"}}
{"@timestamp": "2026-02-09T16:23:22.961344+00:00", "service": {"name": "dummy-backend"}, "log": {"level": "ERROR"}, "route": "/login", "status": 401, "latency_ms": 233, "user_id": "u194", "message": "token_expired", "trace": {"id": "c78c827e70325483"}}
{"@timestamp": "2026-02-09T16:23:23.464973+00:00", "service": {"name": "dummy-backend"}, "log": {"level": "WARN"}, "route": "/checkout", "status": 409, "latency_ms": 290, "user_id": "u143", "message": "payment_retry", "trace": {"id": "1bc3900b85638f81"}}
{"@timestamp": "2026-02-09T16:23:23.967932+00:00", "service": {"name": "dummy-backend"}, "log": {"level": "INFO"}, "route": "/profile", "status": 200, "latency_ms": 928, "user_id": "u192", "message": "ok", "trace": {"id": "da7bbf29522acc5e"}}
{"@timestamp": "2026-02-09T16:23:24.471234+00:00", "service": {"name": "dummy-backend"}, "log": {"level": "INFO"}, "route": "/search", "status": 200, "latency_ms": 539, "user_id": "u174", "message": "ok", "trace": {"id": "8a802e97b4af4437"}}
{"@timestamp": "2026-02-09T16:23:24.968961+00:00", "service": {"name": "dummy-backend"}, "log": {"level": "INFO"}, "route": "/logout", "status": 200, "latency_ms": 267, "user_id": "u153", "message": "ok", "trace": {"id": "27aabc504dfddf0c"}}
{"@timestamp": "2026-02-09T16:23:25.471974+00:00", "service": {"name": "dummy-backend"}, "log": {"level": "INFO"}, "route": "/login", "status": 200, "latency_ms": 1109, "user_id": "u186", "message": "ok", "trace": {"id": "c8ef58923612fc76"}}
{"@timestamp": "2026-02-09T16:23:25.974664+00:00", "service": {"name": "dummy-backend"}, "log": {"level": "WARN"}, "route": "/checkout", "status": 500, "latency_ms": 886, "user_id": "u113", "message": "insufficient_stock", "trace": {"id": "55d3cd5a0643dc9e"}}
{"@timestamp": "2026-02-09T16:23:26.477482+00:00", "service": {"name": "dummy-backend"}, "log": {"level": "ERROR"}, "route": "/search", "status": 200, "latency_ms": 700, "user_id": "u010", "message": "ok", "trace": {"id": "7afec5f3fa6d6788"}}
{"@timestamp": "2026-02-09T16:23:26.980241+00:00", "service": {"name": "dummy-backend"}, "log": {"level": "INFO"}, "route": "/logout", "status": 200, "latency_ms": 833, "user_id": "u034", "message": "ok", "trace": {"id": "25e72971f36d7756"}}
{"@timestamp": "2026-02-09T16:23:27.482501+00:00", "service": {"name": "dummy-backend"}, "log": {"level": "INFO"}, "route": "/profile", "status": 200, "latency_ms": 557, "user_id": "u172", "message": "ok", "trace": {"id": "8f451b40ff94e63b"}}
{"@timestamp": "2026-02-09T16:23:27.985037+00:00", "service": {"name": "dummy-backend"}, "log": {"level": "ERROR"}, "route": "/profile", "status": 200, "latency_ms": 806, "user_id": "u011", "message": "ok", "trace": {"id": "19163172ee00d07c"}}
{"@timestamp": "2026-02-09T16:23:28.487910+00:00", "service": {"name": "dummy-backend"}, "log": {"level": "INFO"}, "route": "/logout", "status": 200, "latency_ms": 1047, "user_id": "u148", "message": "ok", "trace": {"id": "77313aec25905ff7"}}
{"@timestamp": "2026-02-09T16:23:28.990603+00:00", "service": {"name": "dummy-backend"}, "log": {"level": "ERROR"}, "route": "/search", "status": 200, "latency_ms": 166, "user_id": "u140", "message": "ok", "trace": {"id": "36635d3fc38bf106"}}
{"@timestamp": "2026-02-09T16:23:29.493096+00:00", "service": {"name": "dummy-backend"}, "log": {"level": "INFO"}, "route": "/logout", "status": 200, "latency_ms": 399, "user_id": "u045", "message": "ok", "trace": {"id": "993578a72f8d1185"}}
{"@timestamp": "2026-02-09T16:23:29.996241+00:00", "service": {"name": "dummy-backend"}, "log": {"level": "INFO"}, "route": "/checkout", "status": 200, "latency_ms": 745, "user_id": "u022", "message": "ok", "trace": {"id": "5780322db71cd646"}}
{"@timestamp": "2026-02-09T16:23:30.498881+00:00", "service": {"name": "dummy-backend"}, "log": {"level": "INFO"}, "route": "/profile", "status": 200, "latency_ms": 58, "user_id": "u181", "message": "ok", "trace": {"id": "f9b7792710a07939"}}
{"@timestamp": "2026-02-09T16:23:31.001863+00:00", "service": {"name": "dummy-backend"}, "log": {"level": "INFO"}, "route": "/profile", "status": 200, "latency_ms": 87, "user_id": "u028", "message": "ok", "trace": {"id": "05194aebdbf4c668"}}
{"@timestamp": "2026-02-09T16:23:31.505176+00:00", "service": {"name": "dummy-backend"}, "log": {"level": "INFO"}, "route": "/checkout", "status": 200, "latency_ms": 1058, "user_id": "u061", "message": "ok", "trace": {"id": "6914cbda8e79630b"}}
{"@timestamp": "2026-02-09T16:23:32.007616+00:00", "service": {"name": "dummy-backend"}, "log": {"level": "INFO"}, "route": "/login", "status": 200, "latency_ms": 279, "user_id": "u061", "message": "ok", "trace": {"id": "0d22149e3b3529a1"}}
{"@timestamp": "2026-02-09T16:23:32.510108+00:00", "service": {"name": "dummy-backend"}, "log": {"level": "INFO"}, "route": "/search", "status": 200, "latency_ms": 557, "user_id": "u155", "message": "ok", "trace": {"id": "dcea552ca2d9979d"}}
{"@timestamp": "2026-02-09T16:23:33.014209+00:00", "service": {"name": "dummy-backend"}, "log": {"level": "INFO"}, "route": "/login", "status": 200, "latency_ms": 302, "user_id": "u129", "message": "ok", "trace": {"id": "ac771fd4127f827c"}}
{"@timestamp": "2026-02-09T16:23:33.516975+00:00", "service": {"name": "dummy-backend"}, "log": {"level": "INFO"}, "route": "/login", "status": 200, "latency_ms": 1093, "user_id": "u105", "message": "ok", "trace": {"id": "14f357006cc143ed"}}
{"@timestamp": "2026-02-09T16:23:34.021156+00:00", "service": {"name": "dummy-backend"}, "log": {"level": "INFO"}, "route": "/logout", "status": 200, "latency_ms": 966, "user_id": "u129", "message": "ok", "trace": {"id": "e088a40053d00f58"}}
{"@timestamp": "2026-02-09T16:23:34.524636+00:00", "service": {"name": "dummy-backend"}, "log": {"level": "ERROR"}, "route": "/checkout", "status": 422, "latency_ms": 232, "user_id": "u171", "message": "insufficient_stock", "trace": {"id": "179fa5670f16c398"}}
{"@timestamp": "2026-02-09T16:23:35.027040+00:00", "service": {"name": "dummy-backend"}, "log": {"level": "INFO"}, "route": "/search", "status": 200, "latency_ms": 740, "user_id": "u164", "message": "ok", "trace": {"id": "f494c08463c8d68b"}}
{"@timestamp": "2026-02-09T16:23:35.529609+00:00", "service": {"name": "dummy-backend"}, "log": {"level": "INFO"}, "route": "/logout", "status": 200, "latency_ms": 1065, "user_id": "u101", "message": "ok", "trace": {"id": "bd5394eb940bc40b"}}
{"@timestamp": "2026-02-09T16:23:36.032166+00:00", "service": {"name": "dummy-backend"}, "log": {"level": "INFO"}, "route": "/checkout", "status": 200, "latency_ms": 153, "user_id": "u050", "message": "ok", "trace": {"id": "12f0db6ef2efa322"}}
{"@timestamp": "2026-02-09T16:23:36.534658+00:00", "service": {"name": "dummy-backend"}, "log": {"level": "INFO"}, "route": "/search", "status": 200, "latency_ms": 226, "user_id": "u010", "message": "ok", "trace": {"id": "ef067094825d2421"}}
{"@timestamp": "2026-02-09T16:23:37.036989+00:00", "service": {"name": "dummy-backend"}, "log": {"level": "INFO"}, "route": "/login", "status": 200, "latency_ms": 843, "user_id": "u080", "message": "ok", "trace": {"id": "2835e75f7876faa1"}}
{"@timestamp": "2026-02-09T16:23:37.539455+00:00", "service": {"name": "dummy-backend"}, "log": {"level": "INFO"}, "route": "/logout", "status": 200, "latency_ms": 1088, "user_id": "u146", "message": "ok", "trace": {"id": "3f26ab428467f2bb"}}
{"@timestamp": "2026-02-09T16:23:38.042584+00:00", "service": {"name": "dummy-backend"}, "log": {"level": "INFO"}, "route": "/checkout", "status": 200, "latency_ms": 14, "user_id": "u195", "message": "ok", "trace": {"id": "bca10e797dadeb1d"}}
{"@timestamp": "2026-02-09T16:23:38.545838+00:00", "service": {"name": "dummy-backend"}, "log": {"level": "INFO"}, "route": "/logout", "status": 200, "latency_ms": 408, "user_id": "u054", "message": "ok", "trace": {"id": "9989e897c530a0dc"}}
{"@timestamp": "2026-02-09T16:23:39.048038+00:00", "service": {"name": "dummy-backend"}, "log": {"level": "INFO"}, "route": "/profile", "status": 200, "latency_ms": 1194, "user_id": "u030", "message": "ok", "trace": {"id": "0bed6a0f5c67c19f"}}
{"@timestamp": "2026-02-09T16:23:39.551180+00:00", "service": {"name": "dummy-backend"}, "log": {"level": "INFO"}, "route": "/search", "status": 200, "latency_ms": 506, "user_id": "u077", "message": "ok", "trace": {"id": "b8f32989b8cd5af7"}}
{"@timestamp": "2026-02-09T16:23:40.053479+00:00", "service": {"name": "dummy-backend"}, "log": {"level": "INFO"}, "route": "/login", "status": 200, "latency_ms": 1133, "user_id": "u055", "message": "ok", "trace": {"id": "621213ae22065f1a"}}
{"@timestamp": "2026-02-09T16:23:40.555950+00:00", "service": {"name": "dummy-backend"}, "log": {"level": "INFO"}, "route": "/login", "status": 200, "latency_ms": 452, "user_id": "u156", "message": "ok", "trace": {"id": "e610626f44bc0248"}}
{"@timestamp": "2026-02-09T16:23:41.059045+00:00", "service": {"name": "dummy-backend"}, "log": {"level": "INFO"}, "route": "/search", "status": 200, "latency_ms": 419, "user_id": "u063", "message": "ok", "trace": {"id": "0ba1ba78db3c0407"}}
{"@timestamp": "2026-02-09T16:23:41.561905+00:00", "service": {"name": "dummy-backend"}, "log": {"level": "INFO"}, "route": "/search", "status": 200, "latency_ms": 991, "user_id": "u190", "message": "ok", "trace": {"id": "9c13fd4862218a51"}}
{"@timestamp": "2026-02-09T16:23:42.064751+00:00", "service": {"name": "dummy-backend"}, "log": {"level": "INFO"}, "route": "/checkout", "status": 200, "latency_ms": 480, "user_id": "u047", "message": "ok", "trace": {"id": "92bc82b949a5f278"}}
{"@timestamp": "2026-02-09T16:23:42.567959+00:00", "service": {"name": "dummy-backend"}, "log": {"level": "INFO"}, "route": "/logout", "status": 200, "latency_ms": 898, "user_id": "u011", "message": "ok", "trace": {"id": "7f83ef5db0a8cb65"}}
{"@timestamp": "2026-02-09T16:23:43.070892+00:00", "service": {"name": "dummy-backend"}, "log": {"level": "WARN"}, "route": "/profile", "status": 200, "latency_ms": 18, "user_id": "u064", "message": "ok", "trace": {"id": "bc3f07bf83d94237"}}
{"@timestamp": "2026-02-09T16:23:43.574318+00:00", "service": {"name": "dummy-backend"}, "log": {"level": "INFO"}, "route": "/login", "status": 200, "latency_ms": 442, "user_id": "u031", "message": "ok", "trace": {"id": "937e4bbbe84b5de3"}}
{"@timestamp": "2026-02-09T16:23:44.077202+00:00", "service": {"name": "dummy-backend"}, "log": {"level": "WARN"}, "route": "/profile", "status": 200, "latency_ms": 155, "user_id": "u119", "message": "ok", "trace": {"id": "ec86b65adb8138f8"}}
{"@timestamp": "2026-02-09T16:23:44.579827+00:00", "service": {"name": "dummy-backend"}, "log": {"level": "INFO"}, "route": "/profile", "status": 200, "latency_ms": 797, "user_id": "u057", "message": "ok", "trace": {"id": "719066533bf8f010"}}
{"@timestamp": "2026-02-09T16:23:45.082299+00:00", "service": {"name": "dummy-backend"}, "log": {"level": "INFO"}, "route": "/profile", "status": 200, "latency_ms": 120, "user_id": "u036", "message": "ok", "trace": {"id": "1c83b0af8f9941ad"}}
{"@timestamp": "2026-02-09T16:23:45.585200+00:00", "service": {"name": "dummy-backend"}, "log": {"level": "ERROR"}, "route": "/search", "status": 200, "latency_ms": 1142, "user_id": "u076", "message": "ok", "trace": {"id": "6957124d2237232c"}}
{"@timestamp": "2026-02-09T16:23:46.087964+00:00", "service": {"name": "dummy-backend"}, "log": {"level": "INFO"}, "route": "/search", "status": 200, "latency_ms": 419, "user_id": "u158", "message": "ok", "trace": {"id": "a3ada3581d02b4eb"}}
{"@timestamp": "2026-02-09T16:23:46.591352+00:00", "service": {"name": "dummy-backend"}, "log": {"level": "INFO"}, "route": "/profile", "status": 200, "latency_ms": 218, "user_id": "u028", "message": "ok", "trace": {"id": "d881818d62dd5551"}}
{"@timestamp": "2026-02-09T16:23:47.094328+00:00", "service": {"name": "dummy-backend"}, "log": {"level": "INFO"}, "route": "/search", "status": 200, "latency_ms": 535, "user_id": "u139", "message": "ok", "trace": {"id": "c15657bb3fe5c4af"}}
{"@timestamp": "2026-02-09T16:23:47.597682+00:00", "service": {"name": "dummy-backend"}, "log": {"level": "INFO"}, "route": "/login", "status": 200, "latency_ms": 782, "user_id": "u062", "message": "ok", "trace": {"id": "9b806a7f374f2b11"}}
{"@timestamp": "2026-02-09T16:23:48.100580+00:00", "service": {"name": "dummy-backend"}, "log": {"level": "INFO"}, "route": "/login", "status": 200, "latency_ms": 856, "user_id": "u105", "message": "ok", "trace": {"id": "38037578d87aaae5"}}
{"@timestamp": "2026-02-09T16:23:48.604037+00:00", "service": {"name": "dummy-backend"}, "log": {"level": "INFO"}, "route": "/search", "status": 200, "latency_ms": 421, "user_id": "u053", "message": "ok", "trace": {"id": "a2c89bb7c532937f"}}
{"@timestamp": "2026-02-09T16:23:49.107538+00:00", "service": {"name": "dummy-backend"}, "log": {"level": "INFO"}, "route": "/login", "status": 200, "latency_ms": 1105, "user_id": "u089", "message": "ok", "trace": {"id": "4af62452f7416c08"}}
{"@timestamp": "2026-02-09T16:23:49.609751+00:00", "service": {"name": "dummy-backend"}, "log": {"level": "INFO"}, "route": "/login", "status": 200, "latency_ms": 1104, "user_id": "u066", "message": "ok", "trace": {"id": "f3b52f004405d9ee"}}
{"@timestamp": "2026-02-09T16:23:50.112405+00:00", "service": {"name": "dummy-backend"}, "log": {"level": "INFO"}, "route": "/logout", "status": 200, "latency_ms": 60, "user_id": "u109", "message": "ok", "trace": {"id": "7ced1003ec5266f9"}}
{"@timestamp": "2026-02-09T16:23:50.616756+00:00", "service": {"name": "dummy-backend"}, "log": {"level": "INFO"}, "route": "/logout", "status": 200, "latency_ms": 859, "user_id": "u052", "message": "ok", "trace": {"id": "61017821e1498ede"}}
{"@timestamp": "2026-02-09T16:23:51.119653+00:00", "service": {"name": "dummy-backend"}, "log": {"level": "WARN"}, "route": "/logout", "status": 200, "latency_ms": 410, "user_id": "u049", "message": "ok", "trace": {"id": "206b77c005b1c2ef"}}
{"@timestamp": "2026-02-09T16:23:51.623026+00:00", "service": {"name": "dummy-backend"}, "log": {"level": "ERROR"}, "route": "/logout", "status": 200, "latency_ms": 1168, "user_id": "u149", "message": "ok", "trace": {"id": "a62bfe296e912e80"}}
{"@timestamp": "2026-02-09T16:23:52.125655+00:00", "service": {"name": "dummy-backend"}, "log": {"level": "INFO"}, "route": "/login", "status": 200, "latency_ms": 612, "user_id": "u118", "message": "ok", "trace": {"id": "47a2d377e8309f7d"}}
{"@timestamp": "2026-02-09T16:23:52.629004+00:00", "service": {"name": "dummy-backend"}, "log": {"level": "INFO"}, "route": "/search", "status": 200, "latency_ms": 474, "user_id": "u033", "message": "ok", "trace": {"id": "8d91a5414119e99c"}}
{"@timestamp": "2026-02-09T16:23:53.131967+00:00", "service": {"name": "dummy-backend"}, "log": {"level": "INFO"}, "route": "/login", "status": 200, "latency_ms": 956, "user_id": "u010", "message": "ok", "trace": {"id": "6112478b71582840"}}
{"@timestamp": "2026-02-09T16:23:53.634955+00:00", "service": {"name": "dummy-backend"}, "log": {"level": "WARN"}, "route": "/search", "status": 200, "latency_ms": 204, "user_id": "u017", "message": "ok", "trace": {"id": "f79a8464d3c669f1"}}
{"@timestamp": "2026-02-09T16:23:54.137500+00:00", "service": {"name": "dummy-backend"}, "log": {"level": "INFO"}, "route": "/profile", "status": 200, "latency_ms": 959, "user_id": "u111", "message": "ok", "trace": {"id": "5d40c4edaa844f3f"}}
{"@timestamp": "2026-02-09T16:23:54.640297+00:00", "service": {"name": "dummy-backend"}, "log": {"level": "INFO"}, "route": "/profile", "status": 200, "latency_ms": 85, "user_id": "u092", "message": "ok", "trace": {"id": "e6daddbb5afbd6ae"}}
{"@timestamp": "2026-02-09T16:23:55.137244+00:00", "service": {"name": "dummy-backend"}, "log": {"level": "ERROR"}, "route": "/logout", "status": 200, "latency_ms": 672, "user_id": "u182", "message": "ok", "trace": {"id": "efed1aef821900bb"}}
{"@timestamp": "2026-02-09T16:23:55.640631+00:00", "service": {"name": "dummy-backend"}, "log": {"level": "WARN"}, "route": "/login", "status": 200, "latency_ms": 264, "user_id": "u154", "message": "ok", "trace": {"id": "b971ad56ecee37b2"}}
{"@timestamp": "2026-02-09T16:23:56.144047+00:00", "service": {"name": "dummy-backend"}, "log": {"level": "INFO"}, "route": "/search", "status": 200, "latency_ms": 1128, "user_id": "u141", "message": "ok", "trace": {"id": "3d4bc1eb7874ac9d"}}
{"@timestamp": "2026-02-09T16:23:56.646616+00:00", "service": {"name": "dummy-backend"}, "log": {"level": "WARN"}, "route": "/checkout", "status": 409, "latency_ms": 589, "user_id": "u135", "message": "gateway_error", "trace": {"id": "a9820823341ebf58"}}
{"@timestamp": "2026-02-09T16:23:57.150777+00:00", "service": {"name": "dummy-backend"}, "log": {"level": "INFO"}, "route": "/logout", "status": 200, "latency_ms": 318, "user_id": "u069", "message": "ok", "trace": {"id": "2c836f93a8c442a2"}}
{"@timestamp": "2026-02-09T16:23:57.654511+00:00", "service": {"name": "dummy-backend"}, "log": {"level": "INFO"}, "route": "/login", "status": 200, "latency_ms": 106, "user_id": "u009", "message": "ok", "trace": {"id": "3d4c517df3370306"}}
{"@timestamp": "2026-02-09T16:23:58.157457+00:00", "service": {"name": "dummy-backend"}, "log": {"level": "INFO"}, "route": "/logout", "status": 200, "latency_ms": 288, "user_id": "u094", "message": "ok", "trace": {"id": "d77efc9fd3823793"}}
{"@timestamp": "2026-02-09T16:23:58.660088+00:00", "service": {"name": "dummy-backend"}, "log": {"level": "INFO"}, "route": "/profile", "status": 200, "latency_ms": 762, "user_id": "u079", "message": "ok", "trace": {"id": "a944ef1175841f29"}}
{"@timestamp": "2026-02-09T16:23:59.163425+00:00", "service": {"name": "dummy-backend"}, "log": {"level": "INFO"}, "route": "/search", "status": 200, "latency_ms": 590, "user_id": "u176", "message": "ok", "trace": {"id": "9fbb8cec5a0653df"}}
{"@timestamp": "2026-02-09T16:23:59.666497+00:00", "service": {"name": "dummy-backend"}, "log": {"level": "INFO"}, "route": "/profile", "status": 200, "latency_ms": 881, "user_id": "u112", "message": "ok", "trace": {"id": "7af04d47b637d42c"}}
{"@timestamp": "2026-02-09T16:24:00.169893+00:00", "service": {"name": "dummy-backend"}, "log": {"level": "WARN"}, "route": "/profile", "status": 200, "latency_ms": 447, "user_id": "u091", "message": "ok", "trace": {"id": "8b6177554f81e45c"}}
{"@timestamp": "2026-02-09T16:24:00.672390+00:00", "service": {"name": "dummy-backend"}, "log": {"level": "INFO"}, "route": "/profile", "status": 200, "latency_ms": 414, "user_id": "u013", "message": "ok", "trace": {"id": "bf996525f16876f1"}}
{"@timestamp": "2026-02-09T16:24:01.175767+00:00", "service": {"name": "dummy-backend"}, "log": {"level": "INFO"}, "route": "/login", "status": 200, "latency_ms": 801, "user_id": "u035", "message": "ok", "trace": {"id": "f2eb1077f0b4b298"}}
{"@timestamp": "2026-02-09T16:24:01.678572+00:00", "service": {"name": "dummy-backend"}, "log": {"level": "INFO"}, "route": "/search", "status": 200, "latency_ms": 1130, "user_id": "u013", "message": "ok", "trace": {"id": "22c5511865232130"}}
{"@timestamp": "2026-02-09T16:24:02.181614+00:00", "service": {"name": "dummy-backend"}, "log": {"level": "INFO"}, "route": "/profile", "status": 200, "latency_ms": 1187, "user_id": "u079", "message": "ok", "trace": {"id": "cb9107c8a7df9b3b"}}
{"@timestamp": "2026-02-09T16:24:02.684225+00:00", "service": {"name": "dummy-backend"}, "log": {"level": "INFO"}, "route": "/search", "status": 200, "latency_ms": 1083, "user_id": "u200", "message": "ok", "trace": {"id": "c6f9f891bdd4438a"}}
{"@timestamp": "2026-02-09T16:24:03.187112+00:00", "service": {"name": "dummy-backend"}, "log": {"level": "WARN"}, "route": "/search", "status": 200, "latency_ms": 659, "user_id": "u122", "message": "ok", "trace": {"id": "8e5eb861ee66332c"}}
{"@timestamp": "2026-02-09T16:24:03.689627+00:00", "service": {"name": "dummy-backend"}, "log": {"level": "WARN"}, "route": "/logout", "status": 200, "latency_ms": 807, "user_id": "u074", "message": "ok", "trace": {"id": "373fa6843e2bf469"}}
{"@timestamp": "2026-02-09T16:24:04.192303+00:00", "service": {"name": "dummy-backend"}, "log": {"level": "INFO"}, "route": "/profile", "status": 200, "latency_ms": 413, "user_id": "u101", "message": "ok", "trace": {"id": "894dc026b329c99e"}}
{"@timestamp": "2026-02-09T16:24:04.694728+00:00", "service": {"name": "dummy-backend"}, "log": {"level": "INFO"}, "route": "/profile", "status": 200, "latency_ms": 1141, "user_id": "u101", "message": "ok", "trace": {"id": "13e6f34fc10e46e8"}}
{"@timestamp": "2026-02-09T16:24:05.197373+00:00", "service": {"name": "dummy-backend"}, "log": {"level": "INFO"}, "route": "/search", "status": 200, "latency_ms": 210, "user_id": "u026", "message": "ok", "trace": {"id": "b52e75f677758eda"}}
{"@timestamp": "2026-02-09T16:24:05.699646+00:00", "service": {"name": "dummy-backend"}, "log": {"level": "INFO"}, "route": "/login", "status": 200, "latency_ms": 116, "user_id": "u129", "message": "ok", "trace": {"id": "412fc401e89f9a91"}}
{"@timestamp": "2026-02-09T16:24:06.202020+00:00", "service": {"name": "dummy-backend"}, "log": {"level": "INFO"}, "route": "/logout", "status": 200, "latency_ms": 240, "user_id": "u155", "message": "ok", "trace": {"id": "ab786894aa03c7bf"}}
{"@timestamp": "2026-02-09T16:24:06.705269+00:00", "service": {"name": "dummy-backend"}, "log": {"level": "INFO"}, "route": "/logout", "status": 200, "latency_ms": 536, "user_id": "u026", "message": "ok", "trace": {"id": "dcf8a194284882ac"}}
{"@timestamp": "2026-02-09T16:24:07.213468+00:00", "service": {"name": "dummy-backend"}, "log": {"level": "INFO"}, "route": "/login", "status": 200, "latency_ms": 175, "user_id": "u096", "message": "ok", "trace": {"id": "77fbb9411d4327c8"}}
{"@timestamp": "2026-02-09T16:24:07.718041+00:00", "service": {"name": "dummy-backend"}, "log": {"level": "INFO"}, "route": "/logout", "status": 200, "latency_ms": 229, "user_id": "u189", "message": "ok", "trace": {"id": "a34d1fbd6caa5764"}}
{"@timestamp": "2026-02-09T16:24:08.221167+00:00", "service": {"name": "dummy-backend"}, "log": {"level": "INFO"}, "route": "/profile", "status": 200, "latency_ms": 563, "user_id": "u039", "message": "ok", "trace": {"id": "38905d9190ba995a"}}
{"@timestamp": "2026-02-09T16:24:08.723851+00:00", "service": {"name": "dummy-backend"}, "log": {"level": "INFO"}, "route": "/checkout", "status": 200, "latency_ms": 102, "user_id": "u162", "message": "ok", "trace": {"id": "e4f901b7bf638b55"}}
{"@timestamp": "2026-02-09T16:24:09.227821+00:00", "service": {"name": "dummy-backend"}, "log": {"level": "INFO"}, "route": "/logout", "status": 200, "latency_ms": 968, "user_id": "u171", "message": "ok", "trace": {"id": "de7f8fb0087544fe"}}
{"@timestamp": "2026-02-09T16:24:09.730546+00:00", "service": {"name": "dummy-backend"}, "log": {"level": "INFO"}, "route": "/checkout", "status": 200, "latency_ms": 730, "user_id": "u005", "message": "ok", "trace": {"id": "af06cd0c4a1ad592"}}
{"@timestamp": "2026-02-09T16:24:10.233516+00:00", "service": {"name": "dummy-backend"}, "log": {"level": "INFO"}, "route": "/search", "status": 200, "latency_ms": 955, "user_id": "u026", "message": "ok", "trace": {"id": "3087289bfb5230d3"}}
{"@timestamp": "2026-02-09T16:24:10.736492+00:00", "service": {"name": "dummy-backend"}, "log": {"level": "INFO"}, "route": "/checkout", "status": 200, "latency_ms": 969, "user_id": "u095", "message": "ok", "trace": {"id": "5ce29787f7cf99d7"}}
{"@timestamp": "2026-02-09T16:24:11.240121+00:00", "service": {"name": "dummy-backend"}, "log": {"level": "INFO"}, "route": "/profile", "status": 200, "latency_ms": 1151, "user_id": "u043", "message": "ok", "trace": {"id": "24a25b4f8f4806ee"}}
{"@timestamp": "2026-02-09T16:24:11.742694+00:00", "service": {"name": "dummy-backend"}, "log": {"level": "ERROR"}, "route": "/checkout", "status": 409, "latency_ms": 1026, "user_id": "u163", "message": "payment_retry", "trace": {"id": "b0e92b901ebb716d"}}
{"@timestamp": "2026-02-09T16:24:12.245501+00:00", "service": {"name": "dummy-backend"}, "log": {"level": "INFO"}, "route": "/checkout", "status": 200, "latency_ms": 617, "user_id": "u110", "message": "ok", "trace": {"id": "76e22ee4c442502b"}}
{"@timestamp": "2026-02-09T16:24:12.747955+00:00", "service": {"name": "dummy-backend"}, "log": {"level": "INFO"}, "route": "/profile", "status": 200, "latency_ms": 761, "user_id": "u019", "message": "ok", "trace": {"id": "a721387ec8ebfc68"}}
{"@timestamp": "2026-02-09T16:24:13.251336+00:00", "service": {"name": "dummy-backend"}, "log": {"level": "INFO"}, "route": "/login", "status": 200, "latency_ms": 1190, "user_id": "u186", "message": "ok", "trace": {"id": "828587f7dcafdf93"}}
{"@timestamp": "2026-02-09T16:24:13.753596+00:00", "service": {"name": "dummy-backend"}, "log": {"level": "INFO"}, "route": "/search", "status": 200, "latency_ms": 303, "user_id": "u083", "message": "ok", "trace": {"id": "3ca680f3fe608ef7"}}
{"@timestamp": "2026-02-09T16:24:14.256517+00:00", "service": {"name": "dummy-backend"}, "log": {"level": "INFO"}, "route": "/checkout", "status": 200, "latency_ms": 141, "user_id": "u127", "message": "ok", "trace": {"id": "e4d2cb15085731dd"}}
{"@timestamp": "2026-02-09T16:24:14.759030+00:00", "service": {"name": "dummy-backend"}, "log": {"level": "INFO"}, "route": "/profile", "status": 200, "latency_ms": 1053, "user_id": "u075", "message": "ok", "trace": {"id": "a59ab8b1c1146b57"}}
{"@timestamp": "2026-02-09T16:24:15.261392+00:00", "service": {"name": "dummy-backend"}, "log": {"level": "INFO"}, "route": "/login", "status": 200, "latency_ms": 803, "user_id": "u050", "message": "ok", "trace": {"id": "016b9f52489d6744"}}
{"@timestamp": "2026-02-09T16:24:15.764362+00:00", "service": {"name": "dummy-backend"}, "log": {"level": "INFO"}, "route": "/profile", "status": 200, "latency_ms": 511, "user_id": "u082", "message": "ok", "trace": {"id": "a7872fa4f728b0fb"}}
{"@timestamp": "2026-02-09T16:24:16.268351+00:00", "service": {"name": "dummy-backend"}, "log": {"level": "ERROR"}, "route": "/search", "status": 200, "latency_ms": 1034, "user_id": "u167", "message": "ok", "trace": {"id": "94c82e02ce971333"}}
{"@timestamp": "2026-02-09T16:24:16.772362+00:00", "service": {"name": "dummy-backend"}, "log": {"level": "INFO"}, "route": "/search", "status": 200, "latency_ms": 637, "user_id": "u103", "message": "ok", "trace": {"id": "90d77b4ce0266436"}}
{"@timestamp": "2026-02-09T16:24:17.276773+00:00", "service": {"name": "dummy-backend"}, "log": {"level": "INFO"}, "route": "/checkout", "status": 200, "latency_ms": 1067, "user_id": "u056", "message": "ok", "trace": {"id": "a16124799ea7dc68"}}
{"@timestamp": "2026-02-09T16:24:17.779995+00:00", "service": {"name": "dummy-backend"}, "log": {"level": "INFO"}, "route": "/profile", "status": 200, "latency_ms": 680, "user_id": "u016", "message": "ok", "trace": {"id": "0163ab7844239d31"}}
{"@timestamp": "2026-02-09T16:24:18.282515+00:00", "service": {"name": "dummy-backend"}, "log": {"level": "INFO"}, "route": "/profile", "status": 200, "latency_ms": 56, "user_id": "u063", "message": "ok", "trace": {"id": "e43a1a39706629ba"}}
{"@timestamp": "2026-02-09T16:24:18.786162+00:00", "service": {"name": "dummy-backend"}, "log": {"level": "INFO"}, "route": "/search", "status": 200, "latency_ms": 503, "user_id": "u193", "message": "ok", "trace": {"id": "75af9631579dab23"}}
{"@timestamp": "2026-02-09T16:24:19.289262+00:00", "service": {"name": "dummy-backend"}, "log": {"level": "INFO"}, "route": "/search", "status": 200, "latency_ms": 36, "user_id": "u018", "message": "ok", "trace": {"id": "5120c39a0e45bb2c"}}
{"@timestamp": "2026-02-09T16:24:19.791645+00:00", "service": {"name": "dummy-backend"}, "log": {"level": "INFO"}, "route": "/search", "status": 200, "latency_ms": 547, "user_id": "u105", "message": "ok", "trace": {"id": "77488425d62ed2ec"}}
{"@timestamp": "2026-02-09T16:24:20.294462+00:00", "service": {"name": "dummy-backend"}, "log": {"level": "INFO"}, "route": "/profile", "status": 200, "latency_ms": 863, "user_id": "u066", "message": "ok", "trace": {"id": "5e862c4a5d268e67"}}
{"@timestamp": "2026-02-09T16:24:20.797106+00:00", "service": {"name": "dummy-backend"}, "log": {"level": "INFO"}, "route": "/profile", "status": 200, "latency_ms": 60, "user_id": "u012", "message": "ok", "trace": {"id": "2d27eca93ca56f90"}}
{"@timestamp": "2026-02-09T16:24:21.300878+00:00", "service": {"name": "dummy-backend"}, "log": {"level": "INFO"}, "route": "/logout", "status": 200, "latency_ms": 241, "user_id": "u069", "message": "ok", "trace": {"id": "377a2b223f785d25"}}
{"@timestamp": "2026-02-09T16:24:21.803438+00:00", "service": {"name": "dummy-backend"}, "log": {"level": "INFO"}, "route": "/checkout", "status": 200, "latency_ms": 153, "user_id": "u028", "message": "ok", "trace": {"id": "d377ef90ceef861a"}}
{"@timestamp": "2026-02-09T16:24:22.306566+00:00", "service": {"name": "dummy-backend"}, "log": {"level": "INFO"}, "route": "/checkout", "status": 200, "latency_ms": 349, "user_id": "u131", "message": "ok", "trace": {"id": "db4f40d05eafbf8f"}}
{"@timestamp": "2026-02-09T16:24:22.809509+00:00", "service": {"name": "dummy-backend"}, "log": {"level": "INFO"}, "route": "/logout", "status": 200, "latency_ms": 662, "user_id": "u175", "message": "ok", "trace": {"id": "3d173db24dcdbbbd"}}
{"@timestamp": "2026-02-09T16:24:23.312461+00:00", "service": {"name": "dummy-backend"}, "log": {"level": "INFO"}, "route": "/logout", "status": 200, "latency_ms": 547, "user_id": "u124", "message": "ok", "trace": {"id": "23c30df27f68b3b0"}}
{"@timestamp": "2026-02-09T16:24:23.814926+00:00", "service": {"name": "dummy-backend"}, "log": {"level": "INFO"}, "route": "/logout", "status": 200, "latency_ms": 12, "user_id": "u070", "message": "ok", "trace": {"id": "5a970284a78230ef"}}
{"@timestamp": "2026-02-09T16:24:24.317967+00:00", "service": {"name": "dummy-backend"}, "log": {"level": "INFO"}, "route": "/logout", "status": 200, "latency_ms": 7, "user_id": "u010", "message": "ok", "trace": {"id": "18d308f10fa52590"}}
{"@timestamp": "2026-02-09T16:24:24.821270+00:00", "service": {"name": "dummy-backend"}, "log": {"level": "WARN"}, "route": "/login", "status": 200, "latency_ms": 362, "user_id": "u084", "message": "ok", "trace": {"id": "6cb33b73425067fc"}}
{"@timestamp": "2026-02-09T16:24:25.318669+00:00", "service": {"name": "dummy-backend"}, "log": {"level": "INFO"}, "route": "/checkout", "status": 200, "latency_ms": 947, "user_id": "u069", "message": "ok", "trace": {"id": "319936966635c168"}}
{"@timestamp": "2026-02-09T16:24:25.821741+00:00", "service": {"name": "dummy-backend"}, "log": {"level": "INFO"}, "route": "/logout", "status": 200, "latency_ms": 1069, "user_id": "u052", "message": "ok", "trace": {"id": "d73b9262a2ccdc8d"}}
{"@timestamp": "2026-02-09T16:24:26.324584+00:00", "service": {"name": "dummy-backend"}, "log": {"level": "INFO"}, "route": "/checkout", "status": 200, "latency_ms": 629, "user_id": "u165", "message": "ok", "trace": {"id": "d514bb4a738928bd"}}
{"@timestamp": "2026-02-09T16:24:26.827302+00:00", "service": {"name": "dummy-backend"}, "log": {"level": "INFO"}, "route": "/checkout", "status": 200, "latency_ms": 102, "user_id": "u022", "message": "ok", "trace": {"id": "e67cfe1ff222f692"}}
{"@timestamp": "2026-02-09T16:24:27.330736+00:00", "service": {"name": "dummy-backend"}, "log": {"level": "INFO"}, "route": "/profile", "status": 200, "latency_ms": 545, "user_id": "u121", "message": "ok", "trace": {"id": "dd0c47bbcbef0ff5"}}
{"@timestamp": "2026-02-09T16:24:27.833495+00:00", "service": {"name": "dummy-backend"}, "log": {"level": "INFO"}, "route": "/search", "status": 200, "latency_ms": 445, "user_id": "u200", "message": "ok", "trace": {"id": "7a79c75c6cf8a72d"}}
{"@timestamp": "2026-02-09T16:24:28.336696+00:00", "service": {"name": "dummy-backend"}, "log": {"level": "INFO"}, "route": "/profile", "status": 200, "latency_ms": 771, "user_id": "u003", "message": "ok", "trace": {"id": "d86a93655003ce5a"}}
{"@timestamp": "2026-02-09T16:24:28.840030+00:00", "service": {"name": "dummy-backend"}, "log": {"level": "WARN"}, "route": "/search", "status": 200, "latency_ms": 1139, "user_id": "u198", "message": "ok", "trace": {"id": "4ee7fdea5b451e60"}}
{"@timestamp": "2026-02-09T16:24:29.342957+00:00", "service": {"name": "dummy-backend"}, "log": {"level": "ERROR"}, "route": "/checkout", "status": 422, "latency_ms": 1155, "user_id": "u038", "message": "insufficient_stock", "trace": {"id": "80eceae5fae3eb99"}}
{"@timestamp": "2026-02-09T16:24:29.846474+00:00", "service": {"name": "dummy-backend"}, "log": {"level": "INFO"}, "route": "/search", "status": 200, "latency_ms": 369, "user_id": "u143", "message": "ok", "trace": {"id": "8ce6a33b769cc082"}}
{"@timestamp": "2026-02-09T16:24:30.350298+00:00", "service": {"name": "dummy-backend"}, "log": {"level": "INFO"}, "route": "/checkout", "status": 200, "latency_ms": 176, "user_id": "u053", "message": "ok", "trace": {"id": "d7fd9139a041c5ed"}}
{"@timestamp": "2026-02-09T16:24:30.853416+00:00", "service": {"name": "dummy-backend"}, "log": {"level": "INFO"}, "route": "/login", "status": 200, "latency_ms": 1192, "user_id": "u027", "message": "ok", "trace": {"id": "7741db49744f60f2"}}
{"@timestamp": "2026-02-09T16:24:31.355976+00:00", "service": {"name": "dummy-backend"}, "log": {"level": "WARN"}, "route": "/checkout", "status": 422, "latency_ms": 236, "user_id": "u112", "message": "gateway_error", "trace": {"id": "66f571b8fc4aa040"}}
{"@timestamp": "2026-02-09T16:24:31.859103+00:00", "service": {"name": "dummy-backend"}, "log": {"level": "INFO"}, "route": "/login", "status": 200, "latency_ms": 40, "user_id": "u160", "message": "ok", "trace": {"id": "407a9d40185ed240"}}
{"@timestamp": "2026-02-09T16:24:32.362579+00:00", "service": {"name": "dummy-backend"}, "log": {"level": "INFO"}, "route": "/search", "status": 200, "latency_ms": 478, "user_id": "u107", "message": "ok", "trace": {"id": "9c237847ba8988cc"}}
{"@timestamp": "2026-02-09T16:24:32.865621+00:00", "service": {"name": "dummy-backend"}, "log": {"level": "INFO"}, "route": "/checkout", "status": 200, "latency_ms": 270, "user_id": "u086", "message": "ok", "trace": {"id": "4e062703d5f1ae4f"}}
{"@timestamp": "2026-02-09T16:24:33.368565+00:00", "service": {"name": "dummy-backend"}, "log": {"level": "WARN"}, "route": "/checkout", "status": 409, "latency_ms": 759, "user_id": "u172", "message": "gateway_error", "trace": {"id": "e1910e54e5628e8f"}}
{"@timestamp": "2026-02-09T16:24:33.871148+00:00", "service": {"name": "dummy-backend"}, "log": {"level": "INFO"}, "route": "/profile", "status": 200, "latency_ms": 45, "user_id": "u194", "message": "ok", "trace": {"id": "a01b0db07b4a74fd"}}
{"@timestamp": "2026-02-09T16:24:34.373889+00:00", "service": {"name": "dummy-backend"}, "log": {"level": "INFO"}, "route": "/login", "status": 200, "latency_ms": 25, "user_id": "u016", "message": "ok", "trace": {"id": "520e5c3fc3320aeb"}}
{"@timestamp": "2026-02-09T16:24:34.877409+00:00", "service": {"name": "dummy-backend"}, "log": {"level": "INFO"}, "route": "/login", "status": 200, "latency_ms": 1121, "user_id": "u009", "message": "ok", "trace": {"id": "3a8b3d56b72900ca"}}
{"@timestamp": "2026-02-09T16:24:35.380496+00:00", "service": {"name": "dummy-backend"}, "log": {"level": "INFO"}, "route": "/profile", "status": 200, "latency_ms": 63, "user_id": "u191", "message": "ok", "trace": {"id": "8edecbb2a1b1e44e"}}
{"@timestamp": "2026-02-09T16:24:35.884705+00:00", "service": {"name": "dummy-backend"}, "log": {"level": "INFO"}, "route": "/logout", "status": 200, "latency_ms": 546, "user_id": "u021", "message": "ok", "trace": {"id": "c02d1f3b5e42b515"}}
{"@timestamp": "2026-02-09T16:24:36.387596+00:00", "service": {"name": "dummy-backend"}, "log": {"level": "INFO"}, "route": "/search", "status": 200, "latency_ms": 180, "user_id": "u098", "message": "ok", "trace": {"id": "5338ae23e1f26086"}}
{"@timestamp": "2026-02-09T16:24:36.891229+00:00", "service": {"name": "dummy-backend"}, "log": {"level": "INFO"}, "route": "/login", "status": 200, "latency_ms": 1064, "user_id": "u195", "message": "ok", "trace": {"id": "2c275c5764e7672b"}}
{"@timestamp": "2026-02-09T16:24:37.393824+00:00", "service": {"name": "dummy-backend"}, "log": {"level": "WARN"}, "route": "/logout", "status": 200, "latency_ms": 658, "user_id": "u100", "message": "ok", "trace": {"id": "fa3d29a3d3119207"}}
{"@timestamp": "2026-02-09T16:24:37.896597+00:00", "service": {"name": "dummy-backend"}, "log": {"level": "INFO"}, "route": "/checkout", "status": 200, "latency_ms": 368, "user_id": "u127", "message": "ok", "trace": {"id": "8fb77d1441ec1f25"}}
{"@timestamp": "2026-02-09T16:24:38.400026+00:00", "service": {"name": "dummy-backend"}, "log": {"level": "ERROR"}, "route": "/checkout", "status": 422, "latency_ms": 630, "user_id": "u182", "message": "payment_retry", "trace": {"id": "b092675f16c2caa5"}}
{"@timestamp": "2026-02-09T16:24:38.903452+00:00", "service": {"name": "dummy-backend"}, "log": {"level": "INFO"}, "route": "/checkout", "status": 200, "latency_ms": 471, "user_id": "u128", "message": "ok", "trace": {"id": "9f3283ac7202e19d"}}
{"@timestamp": "2026-02-09T16:24:39.408270+00:00", "service": {"name": "dummy-backend"}, "log": {"level": "INFO"}, "route": "/profile", "status": 200, "latency_ms": 766, "user_id": "u004", "message": "ok", "trace": {"id": "f830bc706a45bc8f"}}
{"@timestamp": "2026-02-09T16:24:39.912613+00:00", "service": {"name": "dummy-backend"}, "log": {"level": "INFO"}, "route": "/logout", "status": 200, "latency_ms": 949, "user_id": "u196", "message": "ok", "trace": {"id": "1e87abe7f0bba710"}}
{"@timestamp": "2026-02-09T16:24:40.416521+00:00", "service": {"name": "dummy-backend"}, "log": {"level": "INFO"}, "route": "/checkout", "status": 200, "latency_ms": 180, "user_id": "u147", "message": "ok", "trace": {"id": "438d33fd6336cc2c"}}
{"@timestamp": "2026-02-09T16:24:40.919358+00:00", "service": {"name": "dummy-backend"}, "log": {"level": "INFO"}, "route": "/login", "status": 200, "latency_ms": 1030, "user_id": "u072", "message": "ok", "trace": {"id": "9758ce566aa5dfeb"}}
{"@timestamp": "2026-02-09T16:24:41.422537+00:00", "service": {"name": "dummy-backend"}, "log": {"level": "INFO"}, "route": "/checkout", "status": 200, "latency_ms": 628, "user_id": "u136", "message": "ok", "trace": {"id": "3216c147a311d6cc"}}
{"@timestamp": "2026-02-09T16:24:41.924882+00:00", "service": {"name": "dummy-backend"}, "log": {"level": "INFO"}, "route": "/logout", "status": 200, "latency_ms": 607, "user_id": "u040", "message": "ok", "trace": {"id": "b4a0c1da915b700f"}}
{"@timestamp": "2026-02-09T16:24:42.427867+00:00", "service": {"name": "dummy-backend"}, "log": {"level": "INFO"}, "route": "/logout", "status": 200, "latency_ms": 835, "user_id": "u198", "message": "ok", "trace": {"id": "145bff90ea19e7c4"}}
{"@timestamp": "2026-02-09T16:24:42.931176+00:00", "service": {"name": "dummy-backend"}, "log": {"level": "INFO"}, "route": "/checkout", "status": 200, "latency_ms": 1081, "user_id": "u089", "message": "ok", "trace": {"id": "14cb76bfcc2d0a73"}}
{"@timestamp": "2026-02-09T16:24:43.433695+00:00", "service": {"name": "dummy-backend"}, "log": {"level": "INFO"}, "route": "/search", "status": 200, "latency_ms": 23, "user_id": "u197", "message": "ok", "trace": {"id": "45d7fd7cc642b502"}}
{"@timestamp": "2026-02-09T16:24:43.937014+00:00", "service": {"name": "dummy-backend"}, "log": {"level": "INFO"}, "route": "/checkout", "status": 200, "latency_ms": 1009, "user_id": "u088", "message": "ok", "trace": {"id": "3456fea227cced64"}}
{"@timestamp": "2026-02-09T16:24:44.440942+00:00", "service": {"name": "dummy-backend"}, "log": {"level": "INFO"}, "route": "/checkout", "status": 200, "latency_ms": 117, "user_id": "u018", "message": "ok", "trace": {"id": "cb41bb4c6397508b"}}
{"@timestamp": "2026-02-09T16:24:44.943492+00:00", "service": {"name": "dummy-backend"}, "log": {"level": "WARN"}, "route": "/checkout", "status": 422, "latency_ms": 640, "user_id": "u003", "message": "insufficient_stock", "trace": {"id": "803e22f0ade7f6c3"}}
{"@timestamp": "2026-02-09T16:24:45.446495+00:00", "service": {"name": "dummy-backend"}, "log": {"level": "INFO"}, "route": "/search", "status": 200, "latency_ms": 1120, "user_id": "u128", "message": "ok", "trace": {"id": "afdb82d58fa6d5ef"}}
{"@timestamp": "2026-02-09T16:24:45.949417+00:00", "service": {"name": "dummy-backend"}, "log": {"level": "INFO"}, "route": "/checkout", "status": 200, "latency_ms": 113, "user_id": "u118", "message": "ok", "trace": {"id": "0298213c30845c20"}}
{"@timestamp": "2026-02-09T16:24:46.452219+00:00", "service": {"name": "dummy-backend"}, "log": {"level": "INFO"}, "route": "/search", "status": 200, "latency_ms": 1124, "user_id": "u010", "message": "ok", "trace": {"id": "913f0b50b386a6d3"}}
{"@timestamp": "2026-02-09T16:24:46.955462+00:00", "service": {"name": "dummy-backend"}, "log": {"level": "INFO"}, "route": "/checkout", "status": 200, "latency_ms": 491, "user_id": "u197", "message": "ok", "trace": {"id": "c5b9a2dade74771c"}}
{"@timestamp": "2026-02-09T16:24:47.457806+00:00", "service": {"name": "dummy-backend"}, "log": {"level": "ERROR"}, "route": "/search", "status": 200, "latency_ms": 554, "user_id": "u103", "message": "ok", "trace": {"id": "e6d5577bfa364767"}}
{"@timestamp": "2026-02-09T16:24:47.960998+00:00", "service": {"name": "dummy-backend"}, "log": {"level": "ERROR"}, "route": "/profile", "status": 200, "latency_ms": 676, "user_id": "u064", "message": "ok", "trace": {"id": "081a4de4d4dcccc6"}}
{"@timestamp": "2026-02-09T16:24:48.463721+00:00", "service": {"name": "dummy-backend"}, "log": {"level": "INFO"}, "route": "/login", "status": 200, "latency_ms": 603, "user_id": "u102", "message": "ok", "trace": {"id": "3c6d53d2038d7562"}}
{"@timestamp": "2026-02-09T16:24:48.966130+00:00", "service": {"name": "dummy-backend"}, "log": {"level": "INFO"}, "route": "/search", "status": 200, "latency_ms": 152, "user_id": "u163", "message": "ok", "trace": {"id": "18ff011086bfe767"}}
{"@timestamp": "2026-02-09T16:24:49.468494+00:00", "service": {"name": "dummy-backend"}, "log": {"level": "INFO"}, "route": "/profile", "status": 200, "latency_ms": 541, "user_id": "u148", "message": "ok", "trace": {"id": "2fae81d9144dbe07"}}
{"@timestamp": "2026-02-09T16:24:49.971183+00:00", "service": {"name": "dummy-backend"}, "log": {"level": "INFO"}, "route": "/profile", "status": 200, "latency_ms": 348, "user_id": "u004", "message": "ok", "trace": {"id": "42b6386c2d3ee140"}}
{"@timestamp": "2026-02-09T16:24:50.473765+00:00", "service": {"name": "dummy-backend"}, "log": {"level": "INFO"}, "route": "/search", "status": 200, "latency_ms": 528, "user_id": "u199", "message": "ok", "trace": {"id": "13c71d370adfc0f1"}}
{"@timestamp": "2026-02-09T16:24:50.976681+00:00", "service": {"name": "dummy-backend"}, "log": {"level": "INFO"}, "route": "/profile", "status": 200, "latency_ms": 708, "user_id": "u042", "message": "ok", "trace": {"id": "d1f7a11bd59a8dd5"}}
{"@timestamp": "2026-02-09T16:24:51.479527+00:00", "service": {"name": "dummy-backend"}, "log": {"level": "INFO"}, "route": "/logout", "status": 200, "latency_ms": 820, "user_id": "u079", "message": "ok", "trace": {"id": "287a83f5de7486b0"}}
{"@timestamp": "2026-02-09T16:24:51.982237+00:00", "service": {"name": "dummy-backend"}, "log": {"level": "INFO"}, "route": "/profile", "status": 200, "latency_ms": 428, "user_id": "u105", "message": "ok", "trace": {"id": "65c3d25e08789d55"}}
{"@timestamp": "2026-02-09T16:24:52.484892+00:00", "service": {"name": "dummy-backend"}, "log": {"level": "INFO"}, "route": "/search", "status": 200, "latency_ms": 235, "user_id": "u189", "message": "ok", "trace": {"id": "f570c27d3d4d340c"}}
{"@timestamp": "2026-02-09T16:24:52.987291+00:00", "service": {"name": "dummy-backend"}, "log": {"level": "WARN"}, "route": "/profile", "status": 200, "latency_ms": 624, "user_id": "u119", "message": "ok", "trace": {"id": "b909b0211414ecd6"}}
{"@timestamp": "2026-02-09T16:24:53.489864+00:00", "service": {"name": "dummy-backend"}, "log": {"level": "INFO"}, "route": "/search", "status": 200, "latency_ms": 271, "user_id": "u095", "message": "ok", "trace": {"id": "c543018a59a3855c"}}
{"@timestamp": "2026-02-09T16:24:53.992618+00:00", "service": {"name": "dummy-backend"}, "log": {"level": "INFO"}, "route": "/profile", "status": 200, "latency_ms": 442, "user_id": "u058", "message": "ok", "trace": {"id": "406987de8f82384e"}}
{"@timestamp": "2026-02-09T16:24:54.495984+00:00", "service": {"name": "dummy-backend"}, "log": {"level": "INFO"}, "route": "/logout", "status": 200, "latency_ms": 842, "user_id": "u055", "message": "ok", "trace": {"id": "95474e147a51dd0a"}}
{"@timestamp": "2026-02-09T16:24:54.993392+00:00", "service": {"name": "dummy-backend"}, "log": {"level": "INFO"}, "route": "/login", "status": 200, "latency_ms": 925, "user_id": "u144", "message": "ok", "trace": {"id": "86c73a06ac2b6302"}}
{"@timestamp": "2026-02-09T16:24:55.496409+00:00", "service": {"name": "dummy-backend"}, "log": {"level": "INFO"}, "route": "/logout", "status": 200, "latency_ms": 137, "user_id": "u062", "message": "ok", "trace": {"id": "e4e166543d20101c"}}
{"@timestamp": "2026-02-09T16:24:55.999107+00:00", "service": {"name": "dummy-backend"}, "log": {"level": "WARN"}, "route": "/logout", "status": 200, "latency_ms": 903, "user_id": "u039", "message": "ok", "trace": {"id": "1502541878095e6e"}}
{"@timestamp": "2026-02-09T16:24:56.501756+00:00", "service": {"name": "dummy-backend"}, "log": {"level": "INFO"}, "route": "/checkout", "status": 200, "latency_ms": 677, "user_id": "u037", "message": "ok", "trace": {"id": "c80e43bb8cb320e9"}}
{"@timestamp": "2026-02-09T16:24:57.004394+00:00", "service": {"name": "dummy-backend"}, "log": {"level": "INFO"}, "route": "/login", "status": 200, "latency_ms": 11, "user_id": "u101", "message": "ok", "trace": {"id": "e419f2e910d6efc5"}}
{"@timestamp": "2026-02-09T16:24:57.507265+00:00", "service": {"name": "dummy-backend"}, "log": {"level": "INFO"}, "route": "/profile", "status": 200, "latency_ms": 950, "user_id": "u197", "message": "ok", "trace": {"id": "536dc86b30ca01d2"}}
{"@timestamp": "2026-02-09T16:24:58.010027+00:00", "service": {"name": "dummy-backend"}, "log": {"level": "INFO"}, "route": "/profile", "status": 200, "latency_ms": 540, "user_id": "u001", "message": "ok", "trace": {"id": "09ff3bbbcde5103a"}}
{"@timestamp": "2026-02-09T16:24:58.513486+00:00", "service": {"name": "dummy-backend"}, "log": {"level": "INFO"}, "route": "/profile", "status": 200, "latency_ms": 927, "user_id": "u087", "message": "ok", "trace": {"id": "659dc8e7994a2294"}}
{"@timestamp": "2026-02-09T16:24:59.017307+00:00", "service": {"name": "dummy-backend"}, "log": {"level": "INFO"}, "route": "/checkout", "status": 200, "latency_ms": 1001, "user_id": "u064", "message": "ok", "trace": {"id": "d60df1634dd85b4d"}}
{"@timestamp": "2026-02-09T16:24:59.520047+00:00", "service": {"name": "dummy-backend"}, "log": {"level": "INFO"}, "route": "/search", "status": 200, "latency_ms": 154, "user_id": "u019", "message": "ok", "trace": {"id": "844cd0d0ab87c538"}}
{"@timestamp": "2026-02-09T16:25:00.022600+00:00", "service": {"name": "dummy-backend"}, "log": {"level": "WARN"}, "route": "/checkout", "status": 422, "latency_ms": 289, "user_id": "u084", "message": "payment_retry", "trace": {"id": "44d56bc4e3079e13"}}
{"@timestamp": "2026-02-09T16:25:00.526236+00:00", "service": {"name": "dummy-backend"}, "log": {"level": "WARN"}, "route": "/login", "status": 200, "latency_ms": 1005, "user_id": "u006", "message": "ok", "trace": {"id": "632a456cf2500b2c"}}
{"@timestamp": "2026-02-09T16:25:01.029088+00:00", "service": {"name": "dummy-backend"}, "log": {"level": "INFO"}, "route": "/profile", "status": 200, "latency_ms": 996, "user_id": "u046", "message": "ok", "trace": {"id": "513807daef898bc2"}}
{"@timestamp": "2026-02-09T16:25:01.532313+00:00", "service": {"name": "dummy-backend"}, "log": {"level": "WARN"}, "route": "/search", "status": 200, "latency_ms": 910, "user_id": "u102", "message": "ok", "trace": {"id": "2d1131a68804c474"}}
{"@timestamp": "2026-02-09T16:25:02.035328+00:00", "service": {"name": "dummy-backend"}, "log": {"level": "INFO"}, "route": "/checkout", "status": 200, "latency_ms": 348, "user_id": "u170", "message": "ok", "trace": {"id": "d795ebae61f7aee2"}}
{"@timestamp": "2026-02-09T16:25:02.538319+00:00", "service": {"name": "dummy-backend"}, "log": {"level": "WARN"}, "route": "/profile", "status": 200, "latency_ms": 427, "user_id": "u186", "message": "ok", "trace": {"id": "724d01320a276312"}}
{"@timestamp": "2026-02-09T16:25:03.041189+00:00", "service": {"name": "dummy-backend"}, "log": {"level": "WARN"}, "route": "/logout", "status": 200, "latency_ms": 364, "user_id": "u029", "message": "ok", "trace": {"id": "3e680327a4f9f1d0"}}
{"@timestamp": "2026-02-09T16:25:03.543942+00:00", "service": {"name": "dummy-backend"}, "log": {"level": "INFO"}, "route": "/checkout", "status": 200, "latency_ms": 80, "user_id": "u143", "message": "ok", "trace": {"id": "da34009c34bcccec"}}
{"@timestamp": "2026-02-09T16:25:04.046494+00:00", "service": {"name": "dummy-backend"}, "log": {"level": "INFO"}, "route": "/checkout", "status": 200, "latency_ms": 356, "user_id": "u178", "message": "ok", "trace": {"id": "7cb4a6e4fec8040a"}}
{"@timestamp": "2026-02-09T16:25:04.549712+00:00", "service": {"name": "dummy-backend"}, "log": {"level": "INFO"}, "route": "/checkout", "status": 200, "latency_ms": 511, "user_id": "u085", "message": "ok", "trace": {"id": "a57bea5ae9d31c00"}}
{"@timestamp": "2026-02-09T16:25:05.053920+00:00", "service": {"name": "dummy-backend"}, "log": {"level": "INFO"}, "route": "/checkout", "status": 200, "latency_ms": 22, "user_id": "u046", "message": "ok", "trace": {"id": "c329a4cb8eb585a0"}}
{"@timestamp": "2026-02-09T16:25:05.556879+00:00", "service": {"name": "dummy-backend"}, "log": {"level": "INFO"}, "route": "/search", "status": 200, "latency_ms": 806, "user_id": "u071", "message": "ok", "trace": {"id": "cb66809e59cb251b"}}
{"@timestamp": "2026-02-09T16:25:06.116590+00:00", "service": {"name": "dummy-backend"}, "log": {"level": "INFO"}, "route": "/checkout", "status": 200, "latency_ms": 74, "user_id": "u057", "message": "ok", "trace": {"id": "4d4d11ead9aa9456"}}
{"@timestamp": "2026-02-09T16:25:06.618961+00:00", "service": {"name": "dummy-backend"}, "log": {"level": "INFO"}, "route": "/checkout", "status": 200, "latency_ms": 832, "user_id": "u085", "message": "ok", "trace": {"id": "ab8f89e0f63e99a4"}}
{"@timestamp": "2026-02-09T16:25:07.121417+00:00", "service": {"name": "dummy-backend"}, "log": {"level": "INFO"}, "route": "/logout", "status": 200, "latency_ms": 286, "user_id": "u153", "message": "ok", "trace": {"id": "2684cf90aeb1ac34"}}
{"@timestamp": "2026-02-09T16:25:07.623934+00:00", "service": {"name": "dummy-backend"}, "log": {"level": "INFO"}, "route": "/logout", "status": 200, "latency_ms": 129, "user_id": "u008", "message": "ok", "trace": {"id": "a49acd57a4a3039b"}}
{"@timestamp": "2026-02-09T16:25:08.126837+00:00", "service": {"name": "dummy-backend"}, "log": {"level": "INFO"}, "route": "/logout", "status": 200, "latency_ms": 941, "user_id": "u068", "message": "ok", "trace": {"id": "8e6210340ca96b63"}}
{"@timestamp": "2026-02-09T16:25:08.629829+00:00", "service": {"name": "dummy-backend"}, "log": {"level": "INFO"}, "route": "/profile", "status": 200, "latency_ms": 262, "user_id": "u143", "message": "ok", "trace": {"id": "16b5b95ab59fd6f7"}}
{"@timestamp": "2026-02-09T16:25:09.132259+00:00", "service": {"name": "dummy-backend"}, "log": {"level": "WARN"}, "route": "/search", "status": 200, "latency_ms": 591, "user_id": "u051", "message": "ok", "trace": {"id": "45bc98e6d58b60ec"}}
{"@timestamp": "2026-02-09T16:25:09.635348+00:00", "service": {"name": "dummy-backend"}, "log": {"level": "INFO"}, "route": "/profile", "status": 200, "latency_ms": 686, "user_id": "u044", "message": "ok", "trace": {"id": "e1e8114c712bf8bf"}}
{"@timestamp": "2026-02-09T16:25:10.138137+00:00", "service": {"name": "dummy-backend"}, "log": {"level": "ERROR"}, "route": "/logout", "status": 200, "latency_ms": 1007, "user_id": "u040", "message": "ok", "trace": {"id": "1dc1e3ec7dd5e000"}}
{"@timestamp": "2026-02-09T16:25:10.640517+00:00", "service": {"name": "dummy-backend"}, "log": {"level": "INFO"}, "route": "/profile", "status": 200, "latency_ms": 763, "user_id": "u101", "message": "ok", "trace": {"id": "8cd500d362630317"}}
{"@timestamp": "2026-02-09T16:25:11.143475+00:00", "service": {"name": "dummy-backend"}, "log": {"level": "INFO"}, "route": "/logout", "status": 200, "latency_ms": 365, "user_id": "u022", "message": "ok", "trace": {"id": "d3153fe0b0267cf1"}}
{"@timestamp": "2026-02-09T16:25:11.646090+00:00", "service": {"name": "dummy-backend"}, "log": {"level": "INFO"}, "route": "/search", "status": 200, "latency_ms": 868, "user_id": "u136", "message": "ok", "trace": {"id": "fe132f303ed4d9a8"}}
{"@timestamp": "2026-02-09T16:25:12.149636+00:00", "service": {"name": "dummy-backend"}, "log": {"level": "INFO"}, "route": "/logout", "status": 200, "latency_ms": 159, "user_id": "u055", "message": "ok", "trace": {"id": "510721d02e757897"}}
{"@timestamp": "2026-02-09T16:25:12.652586+00:00", "service": {"name": "dummy-backend"}, "log": {"level": "WARN"}, "route": "/profile", "status": 200, "latency_ms": 34, "user_id": "u113", "message": "ok", "trace": {"id": "d9270f0ce55e7dbc"}}
{"@timestamp": "2026-02-09T16:25:13.155327+00:00", "service": {"name": "dummy-backend"}, "log": {"level": "INFO"}, "route": "/checkout", "status": 200, "latency_ms": 97, "user_id": "u168", "message": "ok", "trace": {"id": "f8f057f24ac82571"}}
{"@timestamp": "2026-02-09T16:25:13.657815+00:00", "service": {"name": "dummy-backend"}, "log": {"level": "INFO"}, "route": "/logout", "status": 200, "latency_ms": 187, "user_id": "u057", "message": "ok", "trace": {"id": "3f0cbb46a29d0c67"}}
{"@timestamp": "2026-02-09T16:25:14.160455+00:00", "service": {"name": "dummy-backend"}, "log": {"level": "INFO"}, "route": "/checkout", "status": 200, "latency_ms": 805, "user_id": "u020", "message": "ok", "trace": {"id": "400df90136bd39aa"}}
{"@timestamp": "2026-02-09T16:25:14.663224+00:00", "service": {"name": "dummy-backend"}, "log": {"level": "INFO"}, "route": "/login", "status": 200, "latency_ms": 558, "user_id": "u134", "message": "ok", "trace": {"id": "68a3bc980eac2833"}}
{"@timestamp": "2026-02-09T16:25:15.165903+00:00", "service": {"name": "dummy-backend"}, "log": {"level": "INFO"}, "route": "/search", "status": 200, "latency_ms": 1000, "user_id": "u153", "message": "ok", "trace": {"id": "d0dd73db4eafbbc9"}}
{"@timestamp": "2026-02-09T16:25:15.668574+00:00", "service": {"name": "dummy-backend"}, "log": {"level": "INFO"}, "route": "/search", "status": 200, "latency_ms": 181, "user_id": "u112", "message": "ok", "trace": {"id": "a489085f93e2c15c"}}
{"@timestamp": "2026-02-09T16:25:16.171024+00:00", "service": {"name": "dummy-backend"}, "log": {"level": "INFO"}, "route": "/checkout", "status": 200, "latency_ms": 484, "user_id": "u046", "message": "ok", "trace": {"id": "7d89f70f775c2c0a"}}
{"@timestamp": "2026-02-09T16:25:16.673801+00:00", "service": {"name": "dummy-backend"}, "log": {"level": "INFO"}, "route": "/checkout", "status": 200, "latency_ms": 27, "user_id": "u027", "message": "ok", "trace": {"id": "0af2acfacc5a06ca"}}
{"@timestamp": "2026-02-09T16:25:17.176082+00:00", "service": {"name": "dummy-backend"}, "log": {"level": "INFO"}, "route": "/logout", "status": 200, "latency_ms": 1186, "user_id": "u055", "message": "ok", "trace": {"id": "59c5aa7bb174573a"}}
{"@timestamp": "2026-02-09T16:25:17.678893+00:00", "service": {"name": "dummy-backend"}, "log": {"level": "INFO"}, "route": "/checkout", "status": 200, "latency_ms": 695, "user_id": "u004", "message": "ok", "trace": {"id": "9e65cbb7face5e5d"}}
{"@timestamp": "2026-02-09T16:25:18.181687+00:00", "service": {"name": "dummy-backend"}, "log": {"level": "WARN"}, "route": "/logout", "status": 200, "latency_ms": 870, "user_id": "u178", "message": "ok", "trace": {"id": "997e96a6428362f5"}}
{"@timestamp": "2026-02-09T16:25:18.684616+00:00", "service": {"name": "dummy-backend"}, "log": {"level": "INFO"}, "route": "/logout", "status": 200, "latency_ms": 78, "user_id": "u104", "message": "ok", "trace": {"id": "546e75bf4ccfe9b5"}}
{"@timestamp": "2026-02-09T16:25:19.187456+00:00", "service": {"name": "dummy-backend"}, "log": {"level": "INFO"}, "route": "/checkout", "status": 200, "latency_ms": 568, "user_id": "u173", "message": "ok", "trace": {"id": "b52ad887ee9b7ab2"}}
{"@timestamp": "2026-02-09T16:25:19.690304+00:00", "service": {"name": "dummy-backend"}, "log": {"level": "INFO"}, "route": "/search", "status": 200, "latency_ms": 837, "user_id": "u070", "message": "ok", "trace": {"id": "d0dc737c2c6f24ba"}}
{"@timestamp": "2026-02-09T16:25:20.192690+00:00", "service": {"name": "dummy-backend"}, "log": {"level": "INFO"}, "route": "/search", "status": 200, "latency_ms": 310, "user_id": "u029", "message": "ok", "trace": {"id": "e71d81a9407ea3ab"}}
{"@timestamp": "2026-02-09T16:25:20.696143+00:00", "service": {"name": "dummy-backend"}, "log": {"level": "INFO"}, "route": "/search", "status": 200, "latency_ms": 66, "user_id": "u181", "message": "ok", "trace": {"id": "8a83fc801dba9798"}}
{"@timestamp": "2026-02-09T16:25:21.198556+00:00", "service": {"name": "dummy-backend"}, "log": {"level": "INFO"}, "route": "/login", "status": 200, "latency_ms": 541, "user_id": "u180", "message": "ok", "trace": {"id": "9b66b7f908934954"}}
{"@timestamp": "2026-02-09T16:25:21.701427+00:00", "service": {"name": "dummy-backend"}, "log": {"level": "INFO"}, "route": "/login", "status": 200, "latency_ms": 918, "user_id": "u050", "message": "ok", "trace": {"id": "5d143cb9480dae03"}}
{"@timestamp": "2026-02-09T16:25:22.204321+00:00", "service": {"name": "dummy-backend"}, "log": {"level": "WARN"}, "route": "/login", "status": 200, "latency_ms": 284, "user_id": "u124", "message": "ok", "trace": {"id": "31356b8e7279debc"}}
{"@timestamp": "2026-02-09T16:25:22.710551+00:00", "service": {"name": "dummy-backend"}, "log": {"level": "INFO"}, "route": "/login", "status": 200, "latency_ms": 166, "user_id": "u198", "message": "ok", "trace": {"id": "d46a2cfe473ff2fd"}}
{"@timestamp": "2026-02-09T16:25:23.213349+00:00", "service": {"name": "dummy-backend"}, "log": {"level": "INFO"}, "route": "/checkout", "status": 200, "latency_ms": 812, "user_id": "u170", "message": "ok", "trace": {"id": "5c333758cc6c1ba7"}}
{"@timestamp": "2026-02-09T16:25:23.715750+00:00", "service": {"name": "dummy-backend"}, "log": {"level": "WARN"}, "route": "/checkout", "status": 500, "latency_ms": 169, "user_id": "u173", "message": "payment_retry", "trace": {"id": "80b1a86da4deba8b"}}
{"@timestamp": "2026-02-09T16:25:24.218863+00:00", "service": {"name": "dummy-backend"}, "log": {"level": "WARN"}, "route": "/search", "status": 200, "latency_ms": 670, "user_id": "u154", "message": "ok", "trace": {"id": "540da303f9e379d6"}}
{"@timestamp": "2026-02-09T16:25:24.721419+00:00", "service": {"name": "dummy-backend"}, "log": {"level": "INFO"}, "route": "/search", "status": 200, "latency_ms": 1053, "user_id": "u003", "message": "ok", "trace": {"id": "f3f65e4a920baf37"}}
{"@timestamp": "2026-02-09T16:25:25.219211+00:00", "service": {"name": "dummy-backend"}, "log": {"level": "ERROR"}, "route": "/profile", "status": 200, "latency_ms": 362, "user_id": "u145", "message": "ok", "trace": {"id": "10594e5a8c35d7d5"}}
{"@timestamp": "2026-02-09T16:25:25.722136+00:00", "service": {"name": "dummy-backend"}, "log": {"level": "INFO"}, "route": "/profile", "status": 200, "latency_ms": 1045, "user_id": "u162", "message": "ok", "trace": {"id": "2c340ec1e5bf88fc"}}
{"@timestamp": "2026-02-09T16:25:26.225322+00:00", "service": {"name": "dummy-backend"}, "log": {"level": "INFO"}, "route": "/search", "status": 200, "latency_ms": 1014, "user_id": "u004", "message": "ok", "trace": {"id": "11a4cb5808affbea"}}
{"@timestamp": "2026-02-09T16:25:26.728011+00:00", "service": {"name": "dummy-backend"}, "log": {"level": "INFO"}, "route": "/checkout", "status": 200, "latency_ms": 52, "user_id": "u056", "message": "ok", "trace": {"id": "c87f6254045cbb24"}}
{"@timestamp": "2026-02-09T16:25:27.233040+00:00", "service": {"name": "dummy-backend"}, "log": {"level": "INFO"}, "route": "/profile", "status": 200, "latency_ms": 144, "user_id": "u152", "message": "ok", "trace": {"id": "ad9e8386511d70cf"}}
{"@timestamp": "2026-02-09T16:25:27.741897+00:00", "service": {"name": "dummy-backend"}, "log": {"level": "INFO"}, "route": "/profile", "status": 200, "latency_ms": 48, "user_id": "u049", "message": "ok", "trace": {"id": "64d4f211120f74a9"}}
{"@timestamp": "2026-02-09T16:25:28.246572+00:00", "service": {"name": "dummy-backend"}, "log": {"level": "INFO"}, "route": "/logout", "status": 200, "latency_ms": 1123, "user_id": "u119", "message": "ok", "trace": {"id": "bb30c6dbca93c9b8"}}
{"@timestamp": "2026-02-09T16:25:28.749663+00:00", "service": {"name": "dummy-backend"}, "log": {"level": "INFO"}, "route": "/search", "status": 200, "latency_ms": 193, "user_id": "u138", "message": "ok", "trace": {"id": "7dea50a7a695f770"}}
{"@timestamp": "2026-02-09T16:25:29.254019+00:00", "service": {"name": "dummy-backend"}, "log": {"level": "INFO"}, "route": "/search", "status": 200, "latency_ms": 1116, "user_id": "u172", "message": "ok", "trace": {"id": "5244d66efbe5c84e"}}
{"@timestamp": "2026-02-09T16:25:29.756942+00:00", "service": {"name": "dummy-backend"}, "log": {"level": "INFO"}, "route": "/logout", "status": 200, "latency_ms": 1149, "user_id": "u131", "message": "ok", "trace": {"id": "c9c4c8ceada729c2"}}
{"@timestamp": "2026-02-09T16:25:30.260642+00:00", "service": {"name": "dummy-backend"}, "log": {"level": "INFO"}, "route": "/logout", "status": 200, "latency_ms": 293, "user_id": "u163", "message": "ok", "trace": {"id": "e13b924deeffe3e2"}}
{"@timestamp": "2026-02-09T16:25:30.762835+00:00", "service": {"name": "dummy-backend"}, "log": {"level": "WARN"}, "route": "/checkout", "status": 409, "latency_ms": 411, "user_id": "u113", "message": "gateway_error", "trace": {"id": "f4a3d989cad01252"}}
{"@timestamp": "2026-02-09T16:25:31.265314+00:00", "service": {"name": "dummy-backend"}, "log": {"level": "INFO"}, "route": "/search", "status": 200, "latency_ms": 1026, "user_id": "u087", "message": "ok", "trace": {"id": "07a822c27f9f026d"}}
{"@timestamp": "2026-02-09T16:25:31.767542+00:00", "service": {"name": "dummy-backend"}, "log": {"level": "INFO"}, "route": "/checkout", "status": 200, "latency_ms": 112, "user_id": "u079", "message": "ok", "trace": {"id": "0b5181c3f7d10025"}}
{"@timestamp": "2026-02-09T16:25:32.270265+00:00", "service": {"name": "dummy-backend"}, "log": {"level": "WARN"}, "route": "/login", "status": 200, "latency_ms": 395, "user_id": "u076", "message": "ok", "trace": {"id": "7909010a29acf72a"}}
{"@timestamp": "2026-02-09T16:25:32.772295+00:00", "service": {"name": "dummy-backend"}, "log": {"level": "INFO"}, "route": "/logout", "status": 200, "latency_ms": 151, "user_id": "u010", "message": "ok", "trace": {"id": "b847de455d8e2adb"}}
{"@timestamp": "2026-02-09T16:25:33.274559+00:00", "service": {"name": "dummy-backend"}, "log": {"level": "INFO"}, "route": "/logout", "status": 200, "latency_ms": 510, "user_id": "u031", "message": "ok", "trace": {"id": "4de030505a992460"}}
{"@timestamp": "2026-02-09T16:25:33.776697+00:00", "service": {"name": "dummy-backend"}, "log": {"level": "INFO"}, "route": "/profile", "status": 200, "latency_ms": 363, "user_id": "u068", "message": "ok", "trace": {"id": "d3e7d8a73cd25446"}}
{"@timestamp": "2026-02-09T16:25:34.279362+00:00", "service": {"name": "dummy-backend"}, "log": {"level": "INFO"}, "route": "/login", "status": 200, "latency_ms": 29, "user_id": "u015", "message": "ok", "trace": {"id": "0e187211f4fb14e2"}}
{"@timestamp": "2026-02-09T16:25:34.781902+00:00", "service": {"name": "dummy-backend"}, "log": {"level": "ERROR"}, "route": "/login", "status": 403, "latency_ms": 272, "user_id": "u193", "message": "db_timeout", "trace": {"id": "303b60fa107dfaf8"}}
{"@timestamp": "2026-02-09T16:25:35.284870+00:00", "service": {"name": "dummy-backend"}, "log": {"level": "WARN"}, "route": "/login", "status": 200, "latency_ms": 726, "user_id": "u176", "message": "ok", "trace": {"id": "72f058e52bbba373"}}
{"@timestamp": "2026-02-09T16:25:35.790019+00:00", "service": {"name": "dummy-backend"}, "log": {"level": "INFO"}, "route": "/logout", "status": 200, "latency_ms": 31, "user_id": "u021", "message": "ok", "trace": {"id": "82f1fa9bee869a0f"}}
{"@timestamp": "2026-02-09T16:25:36.293891+00:00", "service": {"name": "dummy-backend"}, "log": {"level": "INFO"}, "route": "/checkout", "status": 200, "latency_ms": 872, "user_id": "u025", "message": "ok", "trace": {"id": "9eebebf2482ced55"}}
{"@timestamp": "2026-02-09T16:25:36.800912+00:00", "service": {"name": "dummy-backend"}, "log": {"level": "INFO"}, "route": "/logout", "status": 200, "latency_ms": 202, "user_id": "u117", "message": "ok", "trace": {"id": "c7aa262a6fd03c05"}}
{"@timestamp": "2026-02-09T16:25:37.308925+00:00", "service": {"name": "dummy-backend"}, "log": {"level": "ERROR"}, "route": "/logout", "status": 200, "latency_ms": 319, "user_id": "u150", "message": "ok", "trace": {"id": "f7859e0e68b699f9"}}
{"@timestamp": "2026-02-09T16:25:37.817967+00:00", "service": {"name": "dummy-backend"}, "log": {"level": "INFO"}, "route": "/login", "status": 200, "latency_ms": 518, "user_id": "u188", "message": "ok", "trace": {"id": "593a55e2da1ab460"}}
{"@timestamp": "2026-02-09T16:25:38.320683+00:00", "service": {"name": "dummy-backend"}, "log": {"level": "INFO"}, "route": "/search", "status": 200, "latency_ms": 632, "user_id": "u022", "message": "ok", "trace": {"id": "565bc90ba9e47e57"}}
{"@timestamp": "2026-02-09T16:25:38.823631+00:00", "service": {"name": "dummy-backend"}, "log": {"level": "INFO"}, "route": "/search", "status": 200, "latency_ms": 753, "user_id": "u197", "message": "ok", "trace": {"id": "4987de447c97c1aa"}}
{"@timestamp": "2026-02-09T16:25:39.329046+00:00", "service": {"name": "dummy-backend"}, "log": {"level": "INFO"}, "route": "/search", "status": 200, "latency_ms": 737, "user_id": "u052", "message": "ok", "trace": {"id": "7fb6a1ac72800953"}}
{"@timestamp": "2026-02-09T16:25:39.834701+00:00", "service": {"name": "dummy-backend"}, "log": {"level": "INFO"}, "route": "/checkout", "status": 200, "latency_ms": 534, "user_id": "u166", "message": "ok", "trace": {"id": "723e4021faa42982"}}
{"@timestamp": "2026-02-09T16:25:40.337810+00:00", "service": {"name": "dummy-backend"}, "log": {"level": "INFO"}, "route": "/logout", "status": 200, "latency_ms": 424, "user_id": "u132", "message": "ok", "trace": {"id": "68f7781035a58165"}}
{"@timestamp": "2026-02-09T16:25:40.840925+00:00", "service": {"name": "dummy-backend"}, "log": {"level": "INFO"}, "route": "/logout", "status": 200, "latency_ms": 1111, "user_id": "u085", "message": "ok", "trace": {"id": "19c5a4695e74f0dc"}}
{"@timestamp": "2026-02-09T16:25:41.344489+00:00", "service": {"name": "dummy-backend"}, "log": {"level": "INFO"}, "route": "/search", "status": 200, "latency_ms": 953, "user_id": "u030", "message": "ok", "trace": {"id": "c1a24153015df886"}}
{"@timestamp": "2026-02-09T16:25:41.847042+00:00", "service": {"name": "dummy-backend"}, "log": {"level": "WARN"}, "route": "/login", "status": 200, "latency_ms": 646, "user_id": "u140", "message": "ok", "trace": {"id": "ac71ed9783c51de4"}}
{"@timestamp": "2026-02-09T16:25:42.351219+00:00", "service": {"name": "dummy-backend"}, "log": {"level": "INFO"}, "route": "/login", "status": 200, "latency_ms": 962, "user_id": "u132", "message": "ok", "trace": {"id": "ae1b5761259d997d"}}
{"@timestamp": "2026-02-09T16:25:42.853955+00:00", "service": {"name": "dummy-backend"}, "log": {"level": "INFO"}, "route": "/checkout", "status": 200, "latency_ms": 303, "user_id": "u068", "message": "ok", "trace": {"id": "0a41cb045d077ce6"}}
{"@timestamp": "2026-02-09T16:25:43.357092+00:00", "service": {"name": "dummy-backend"}, "log": {"level": "INFO"}, "route": "/login", "status": 200, "latency_ms": 113, "user_id": "u051", "message": "ok", "trace": {"id": "c309c4df3e51620c"}}
{"@timestamp": "2026-02-09T16:25:43.860117+00:00", "service": {"name": "dummy-backend"}, "log": {"level": "INFO"}, "route": "/search", "status": 200, "latency_ms": 947, "user_id": "u004", "message": "ok", "trace": {"id": "70c3a28d05e1d7d5"}}
{"@timestamp": "2026-02-09T16:25:44.362885+00:00", "service": {"name": "dummy-backend"}, "log": {"level": "INFO"}, "route": "/logout", "status": 200, "latency_ms": 738, "user_id": "u106", "message": "ok", "trace": {"id": "c2585c0176eeb670"}}
{"@timestamp": "2026-02-09T16:25:44.865580+00:00", "service": {"name": "dummy-backend"}, "log": {"level": "INFO"}, "route": "/profile", "status": 200, "latency_ms": 394, "user_id": "u058", "message": "ok", "trace": {"id": "540b8a9dd165317f"}}
{"@timestamp": "2026-02-09T16:25:45.372624+00:00", "service": {"name": "dummy-backend"}, "log": {"level": "INFO"}, "route": "/checkout", "status": 200, "latency_ms": 511, "user_id": "u092", "message": "ok", "trace": {"id": "e669dde16998a516"}}
{"@timestamp": "2026-02-09T16:25:45.880759+00:00", "service": {"name": "dummy-backend"}, "log": {"level": "INFO"}, "route": "/logout", "status": 200, "latency_ms": 374, "user_id": "u146", "message": "ok", "trace": {"id": "c46246b3601a83a1"}}
{"@timestamp": "2026-02-09T16:25:46.384083+00:00", "service": {"name": "dummy-backend"}, "log": {"level": "INFO"}, "route": "/login", "status": 200, "latency_ms": 63, "user_id": "u133", "message": "ok", "trace": {"id": "33f4a5b2a386fa63"}}
{"@timestamp": "2026-02-09T16:25:46.887571+00:00", "service": {"name": "dummy-backend"}, "log": {"level": "INFO"}, "route": "/login", "status": 200, "latency_ms": 557, "user_id": "u102", "message": "ok", "trace": {"id": "1c05f367b8c34b45"}}
{"@timestamp": "2026-02-09T16:25:47.390435+00:00", "service": {"name": "dummy-backend"}, "log": {"level": "INFO"}, "route": "/profile", "status": 200, "latency_ms": 1108, "user_id": "u043", "message": "ok", "trace": {"id": "a263d5afbb0c861b"}}
{"@timestamp": "2026-02-09T16:25:47.893064+00:00", "service": {"name": "dummy-backend"}, "log": {"level": "INFO"}, "route": "/profile", "status": 200, "latency_ms": 369, "user_id": "u091", "message": "ok", "trace": {"id": "cb05303465571729"}}
{"@timestamp": "2026-02-09T16:25:48.395914+00:00", "service": {"name": "dummy-backend"}, "log": {"level": "INFO"}, "route": "/logout", "status": 200, "latency_ms": 700, "user_id": "u174", "message": "ok", "trace": {"id": "f35db241be36b876"}}
{"@timestamp": "2026-02-09T16:25:48.898461+00:00", "service": {"name": "dummy-backend"}, "log": {"level": "INFO"}, "route": "/search", "status": 200, "latency_ms": 566, "user_id": "u079", "message": "ok", "trace": {"id": "a1e05fbc4c945cad"}}
{"@timestamp": "2026-02-09T16:25:49.400952+00:00", "service": {"name": "dummy-backend"}, "log": {"level": "INFO"}, "route": "/logout", "status": 200, "latency_ms": 982, "user_id": "u147", "message": "ok", "trace": {"id": "40544cd05a6f289c"}}
{"@timestamp": "2026-02-09T16:25:49.903348+00:00", "service": {"name": "dummy-backend"}, "log": {"level": "INFO"}, "route": "/checkout", "status": 200, "latency_ms": 1174, "user_id": "u045", "message": "ok", "trace": {"id": "ef431a72aa818fae"}}
{"@timestamp": "2026-02-09T16:25:50.405690+00:00", "service": {"name": "dummy-backend"}, "log": {"level": "INFO"}, "route": "/logout", "status": 200, "latency_ms": 478, "user_id": "u045", "message": "ok", "trace": {"id": "433dd58abbf73b51"}}
{"@timestamp": "2026-02-09T16:25:50.907970+00:00", "service": {"name": "dummy-backend"}, "log": {"level": "INFO"}, "route": "/checkout", "status": 200, "latency_ms": 770, "user_id": "u082", "message": "ok", "trace": {"id": "b8288dc0d6a755d8"}}
{"@timestamp": "2026-02-09T16:25:51.410260+00:00", "service": {"name": "dummy-backend"}, "log": {"level": "INFO"}, "route": "/logout", "status": 200, "latency_ms": 913, "user_id": "u139", "message": "ok", "trace": {"id": "6dfb5c31be4db85b"}}
{"@timestamp": "2026-02-09T16:25:51.913127+00:00", "service": {"name": "dummy-backend"}, "log": {"level": "INFO"}, "route": "/search", "status": 200, "latency_ms": 872, "user_id": "u002", "message": "ok", "trace": {"id": "cc2c3ad08a43ed48"}}
{"@timestamp": "2026-02-09T16:25:52.416180+00:00", "service": {"name": "dummy-backend"}, "log": {"level": "INFO"}, "route": "/logout", "status": 200, "latency_ms": 297, "user_id": "u039", "message": "ok", "trace": {"id": "4b753a164b211644"}}
{"@timestamp": "2026-02-09T16:25:52.918672+00:00", "service": {"name": "dummy-backend"}, "log": {"level": "INFO"}, "route": "/search", "status": 200, "latency_ms": 584, "user_id": "u171", "message": "ok", "trace": {"id": "c5e8cf94a319b1e9"}}
{"@timestamp": "2026-02-09T16:25:53.421067+00:00", "service": {"name": "dummy-backend"}, "log": {"level": "ERROR"}, "route": "/profile", "status": 200, "latency_ms": 328, "user_id": "u123", "message": "ok", "trace": {"id": "92c5d31b7ee0ed8b"}}
{"@timestamp": "2026-02-09T16:25:53.924504+00:00", "service": {"name": "dummy-backend"}, "log": {"level": "INFO"}, "route": "/login", "status": 200, "latency_ms": 537, "user_id": "u195", "message": "ok", "trace": {"id": "d73bf304f1e0535b"}}
{"@timestamp": "2026-02-09T16:25:54.432534+00:00", "service": {"name": "dummy-backend"}, "log": {"level": "INFO"}, "route": "/profile", "status": 200, "latency_ms": 77, "user_id": "u082", "message": "ok", "trace": {"id": "55e8252a21576b14"}}
{"@timestamp": "2026-02-09T16:25:54.927868+00:00", "service": {"name": "dummy-backend"}, "log": {"level": "INFO"}, "route": "/search", "status": 200, "latency_ms": 563, "user_id": "u100", "message": "ok", "trace": {"id": "918df28a773a0d62"}}
{"@timestamp": "2026-02-09T16:25:55.430841+00:00", "service": {"name": "dummy-backend"}, "log": {"level": "INFO"}, "route": "/logout", "status": 200, "latency_ms": 864, "user_id": "u077", "message": "ok", "trace": {"id": "7dfa059927270438"}}
{"@timestamp": "2026-02-09T16:25:55.933063+00:00", "service": {"name": "dummy-backend"}, "log": {"level": "INFO"}, "route": "/checkout", "status": 200, "latency_ms": 301, "user_id": "u131", "message": "ok", "trace": {"id": "412bab3bceef212f"}}
{"@timestamp": "2026-02-09T16:25:56.435770+00:00", "service": {"name": "dummy-backend"}, "log": {"level": "INFO"}, "route": "/profile", "status": 200, "latency_ms": 920, "user_id": "u193", "message": "ok", "trace": {"id": "6d9d1660606d9da6"}}
{"@timestamp": "2026-02-09T16:25:56.938819+00:00", "service": {"name": "dummy-backend"}, "log": {"level": "INFO"}, "route": "/login", "status": 200, "latency_ms": 179, "user_id": "u170", "message": "ok", "trace": {"id": "f965e2163e87f398"}}
{"@timestamp": "2026-02-09T16:25:57.441888+00:00", "service": {"name": "dummy-backend"}, "log": {"level": "INFO"}, "route": "/search", "status": 200, "latency_ms": 302, "user_id": "u069", "message": "ok", "trace": {"id": "792672bcd4510bc4"}}
{"@timestamp": "2026-02-09T16:25:57.944700+00:00", "service": {"name": "dummy-backend"}, "log": {"level": "WARN"}, "route": "/logout", "status": 200, "latency_ms": 1110, "user_id": "u073", "message": "ok", "trace": {"id": "1b871819521ec766"}}
{"@timestamp": "2026-02-09T16:25:58.447133+00:00", "service": {"name": "dummy-backend"}, "log": {"level": "INFO"}, "route": "/checkout", "status": 200, "latency_ms": 53, "user_id": "u170", "message": "ok", "trace": {"id": "957c10211892a4d6"}}
{"@timestamp": "2026-02-09T16:25:58.949438+00:00", "service": {"name": "dummy-backend"}, "log": {"level": "INFO"}, "route": "/checkout", "status": 200, "latency_ms": 1146, "user_id": "u189", "message": "ok", "trace": {"id": "a92e542c62d274f3"}}
{"@timestamp": "2026-02-09T16:25:59.452585+00:00", "service": {"name": "dummy-backend"}, "log": {"level": "WARN"}, "route": "/search", "status": 200, "latency_ms": 1063, "user_id": "u050", "message": "ok", "trace": {"id": "389a44a218fb9647"}}
{"@timestamp": "2026-02-09T16:25:59.955016+00:00", "service": {"name": "dummy-backend"}, "log": {"level": "INFO"}, "route": "/search", "status": 200, "latency_ms": 910, "user_id": "u105", "message": "ok", "trace": {"id": "a593d5b84edc5ea5"}}
{"@timestamp": "2026-02-09T16:26:00.457135+00:00", "service": {"name": "dummy-backend"}, "log": {"level": "INFO"}, "route": "/checkout", "status": 200, "latency_ms": 802, "user_id": "u016", "message": "ok", "trace": {"id": "a2abbb2e0c0fe156"}}
{"@timestamp": "2026-02-09T16:26:00.959826+00:00", "service": {"name": "dummy-backend"}, "log": {"level": "INFO"}, "route": "/profile", "status": 200, "latency_ms": 1130, "user_id": "u129", "message": "ok", "trace": {"id": "e1679dc28c25e7c5"}}
{"@timestamp": "2026-02-09T16:26:01.461922+00:00", "service": {"name": "dummy-backend"}, "log": {"level": "INFO"}, "route": "/search", "status": 200, "latency_ms": 827, "user_id": "u089", "message": "ok", "trace": {"id": "077e0c9adc10a1e5"}}
{"@timestamp": "2026-02-09T16:26:01.964132+00:00", "service": {"name": "dummy-backend"}, "log": {"level": "WARN"}, "route": "/checkout", "status": 409, "latency_ms": 1089, "user_id": "u123", "message": "gateway_error", "trace": {"id": "eb5d9acf84df51d3"}}
{"@timestamp": "2026-02-09T16:26:02.466803+00:00", "service": {"name": "dummy-backend"}, "log": {"level": "INFO"}, "route": "/search", "status": 200, "latency_ms": 960, "user_id": "u181", "message": "ok", "trace": {"id": "ef05aa62d1796dd9"}}
{"@timestamp": "2026-02-09T16:26:02.969719+00:00", "service": {"name": "dummy-backend"}, "log": {"level": "INFO"}, "route": "/logout", "status": 200, "latency_ms": 1078, "user_id": "u147", "message": "ok", "trace": {"id": "5d00bdc11b76f3ed"}}
{"@timestamp": "2026-02-09T16:26:03.472290+00:00", "service": {"name": "dummy-backend"}, "log": {"level": "INFO"}, "route": "/search", "status": 200, "latency_ms": 775, "user_id": "u170", "message": "ok", "trace": {"id": "9b3a3a7a1d6fbbf7"}}
{"@timestamp": "2026-02-09T16:26:03.974701+00:00", "service": {"name": "dummy-backend"}, "log": {"level": "INFO"}, "route": "/profile", "status": 200, "latency_ms": 1068, "user_id": "u051", "message": "ok", "trace": {"id": "10a6d0d714d73e1a"}}
{"@timestamp": "2026-02-09T16:26:04.477739+00:00", "service": {"name": "dummy-backend"}, "log": {"level": "INFO"}, "route": "/profile", "status": 200, "latency_ms": 338, "user_id": "u154", "message": "ok", "trace": {"id": "bf5f4e906adb0bf4"}}
{"@timestamp": "2026-02-09T16:26:04.985598+00:00", "service": {"name": "dummy-backend"}, "log": {"level": "WARN"}, "route": "/profile", "status": 200, "latency_ms": 364, "user_id": "u141", "message": "ok", "trace": {"id": "699236039de38328"}}
{"@timestamp": "2026-02-09T16:26:05.488520+00:00", "service": {"name": "dummy-backend"}, "log": {"level": "INFO"}, "route": "/checkout", "status": 200, "latency_ms": 866, "user_id": "u199", "message": "ok", "trace": {"id": "34d2158a951813fb"}}
{"@timestamp": "2026-02-09T16:26:05.990955+00:00", "service": {"name": "dummy-backend"}, "log": {"level": "INFO"}, "route": "/login", "status": 200, "latency_ms": 1122, "user_id": "u131", "message": "ok", "trace": {"id": "947df78f06ea5850"}}
{"@timestamp": "2026-02-09T16:26:06.493793+00:00", "service": {"name": "dummy-backend"}, "log": {"level": "INFO"}, "route": "/checkout", "status": 200, "latency_ms": 121, "user_id": "u119", "message": "ok", "trace": {"id": "0738c70f8fed3124"}}
{"@timestamp": "2026-02-09T16:26:06.996719+00:00", "service": {"name": "dummy-backend"}, "log": {"level": "INFO"}, "route": "/profile", "status": 200, "latency_ms": 734, "user_id": "u181", "message": "ok", "trace": {"id": "57085a9d571273c4"}}
{"@timestamp": "2026-02-09T16:26:07.499508+00:00", "service": {"name": "dummy-backend"}, "log": {"level": "INFO"}, "route": "/login", "status": 200, "latency_ms": 318, "user_id": "u015", "message": "ok", "trace": {"id": "cdb0aa773d0797c5"}}
{"@timestamp": "2026-02-09T16:26:08.004155+00:00", "service": {"name": "dummy-backend"}, "log": {"level": "INFO"}, "route": "/login", "status": 200, "latency_ms": 218, "user_id": "u097", "message": "ok", "trace": {"id": "1343360466dd8d2c"}}
{"@timestamp": "2026-02-09T16:26:08.506842+00:00", "service": {"name": "dummy-backend"}, "log": {"level": "INFO"}, "route": "/checkout", "status": 200, "latency_ms": 1132, "user_id": "u111", "message": "ok", "trace": {"id": "8a47602d6b615a0d"}}
{"@timestamp": "2026-02-09T16:26:09.009699+00:00", "service": {"name": "dummy-backend"}, "log": {"level": "INFO"}, "route": "/profile", "status": 200, "latency_ms": 730, "user_id": "u174", "message": "ok", "trace": {"id": "d08fb5aa73ed036f"}}
{"@timestamp": "2026-02-09T16:26:09.512157+00:00", "service": {"name": "dummy-backend"}, "log": {"level": "INFO"}, "route": "/search", "status": 200, "latency_ms": 1049, "user_id": "u028", "message": "ok", "trace": {"id": "8305bdf10e0d70ec"}}
{"@timestamp": "2026-02-09T16:26:10.014546+00:00", "service": {"name": "dummy-backend"}, "log": {"level": "INFO"}, "route": "/checkout", "status": 200, "latency_ms": 595, "user_id": "u116", "message": "ok", "trace": {"id": "8eb5b4b5ce9406c1"}}
{"@timestamp": "2026-02-09T16:26:10.517875+00:00", "service": {"name": "dummy-backend"}, "log": {"level": "INFO"}, "route": "/search", "status": 200, "latency_ms": 341, "user_id": "u127", "message": "ok", "trace": {"id": "fa53566f7639203a"}}
{"@timestamp": "2026-02-09T16:26:11.020188+00:00", "service": {"name": "dummy-backend"}, "log": {"level": "INFO"}, "route": "/logout", "status": 200, "latency_ms": 503, "user_id": "u178", "message": "ok", "trace": {"id": "fe600754c8992fea"}}
{"@timestamp": "2026-02-09T16:26:11.523099+00:00", "service": {"name": "dummy-backend"}, "log": {"level": "INFO"}, "route": "/checkout", "status": 200, "latency_ms": 346, "user_id": "u154", "message": "ok", "trace": {"id": "b5404b3edb522142"}}
{"@timestamp": "2026-02-09T16:26:12.025802+00:00", "service": {"name": "dummy-backend"}, "log": {"level": "INFO"}, "route": "/profile", "status": 200, "latency_ms": 979, "user_id": "u114", "message": "ok", "trace": {"id": "f3af083e7f3f0900"}}
{"@timestamp": "2026-02-09T16:26:12.528280+00:00", "service": {"name": "dummy-backend"}, "log": {"level": "INFO"}, "route": "/checkout", "status": 200, "latency_ms": 480, "user_id": "u015", "message": "ok", "trace": {"id": "d3872e1a56fb89de"}}
{"@timestamp": "2026-02-09T16:26:13.031292+00:00", "service": {"name": "dummy-backend"}, "log": {"level": "INFO"}, "route": "/login", "status": 200, "latency_ms": 39, "user_id": "u101", "message": "ok", "trace": {"id": "b6219afb7f8c7ea1"}}
{"@timestamp": "2026-02-09T16:26:13.534108+00:00", "service": {"name": "dummy-backend"}, "log": {"level": "INFO"}, "route": "/login", "status": 200, "latency_ms": 208, "user_id": "u051", "message": "ok", "trace": {"id": "cd3b50d58252077f"}}
{"@timestamp": "2026-02-09T16:26:14.036492+00:00", "service": {"name": "dummy-backend"}, "log": {"level": "INFO"}, "route": "/login", "status": 200, "latency_ms": 933, "user_id": "u041", "message": "ok", "trace": {"id": "b5499e104dd75a0b"}}
{"@timestamp": "2026-02-09T16:26:14.539197+00:00", "service": {"name": "dummy-backend"}, "log": {"level": "INFO"}, "route": "/search", "status": 200, "latency_ms": 331, "user_id": "u060", "message": "ok", "trace": {"id": "6465fa68ff9a9dbd"}}
{"@timestamp": "2026-02-09T16:26:15.042657+00:00", "service": {"name": "dummy-backend"}, "log": {"level": "WARN"}, "route": "/checkout", "status": 422, "latency_ms": 17, "user_id": "u026", "message": "insufficient_stock", "trace": {"id": "907102e64e3d7814"}}
{"@timestamp": "2026-02-09T16:26:15.545854+00:00", "service": {"name": "dummy-backend"}, "log": {"level": "WARN"}, "route": "/profile", "status": 200, "latency_ms": 1015, "user_id": "u161", "message": "ok", "trace": {"id": "e52ea82d86332f72"}}
{"@timestamp": "2026-02-09T16:26:16.049002+00:00", "service": {"name": "dummy-backend"}, "log": {"level": "WARN"}, "route": "/profile", "status": 200, "latency_ms": 823, "user_id": "u041", "message": "ok", "trace": {"id": "f7f1d2e62ceb1ba9"}}
{"@timestamp": "2026-02-09T16:26:16.552140+00:00", "service": {"name": "dummy-backend"}, "log": {"level": "INFO"}, "route": "/login", "status": 200, "latency_ms": 131, "user_id": "u171", "message": "ok", "trace": {"id": "c2a0508d0fe1d91d"}}
{"@timestamp": "2026-02-09T16:26:17.055022+00:00", "service": {"name": "dummy-backend"}, "log": {"level": "INFO"}, "route": "/search", "status": 200, "latency_ms": 87, "user_id": "u087", "message": "ok", "trace": {"id": "a124fa24e024b75f"}}
{"@timestamp": "2026-02-09T16:26:17.557525+00:00", "service": {"name": "dummy-backend"}, "log": {"level": "INFO"}, "route": "/logout", "status": 200, "latency_ms": 833, "user_id": "u076", "message": "ok", "trace": {"id": "2257fbcadead9d7f"}}
{"@timestamp": "2026-02-09T16:26:18.059937+00:00", "service": {"name": "dummy-backend"}, "log": {"level": "ERROR"}, "route": "/search", "status": 200, "latency_ms": 369, "user_id": "u196", "message": "ok", "trace": {"id": "68be590af5eed629"}}
{"@timestamp": "2026-02-09T16:26:18.562521+00:00", "service": {"name": "dummy-backend"}, "log": {"level": "INFO"}, "route": "/profile", "status": 200, "latency_ms": 813, "user_id": "u077", "message": "ok", "trace": {"id": "05abbdc24970faf0"}}
{"@timestamp": "2026-02-09T16:26:19.065197+00:00", "service": {"name": "dummy-backend"}, "log": {"level": "INFO"}, "route": "/checkout", "status": 200, "latency_ms": 331, "user_id": "u113", "message": "ok", "trace": {"id": "2862485bb8550d93"}}
{"@timestamp": "2026-02-09T16:26:19.567355+00:00", "service": {"name": "dummy-backend"}, "log": {"level": "INFO"}, "route": "/checkout", "status": 200, "latency_ms": 189, "user_id": "u019", "message": "ok", "trace": {"id": "64a7463fa46b65d0"}}
{"@timestamp": "2026-02-09T16:26:20.069559+00:00", "service": {"name": "dummy-backend"}, "log": {"level": "INFO"}, "route": "/logout", "status": 200, "latency_ms": 131, "user_id": "u179", "message": "ok", "trace": {"id": "9d931fa3bb936bb6"}}
{"@timestamp": "2026-02-09T16:26:20.571919+00:00", "service": {"name": "dummy-backend"}, "log": {"level": "INFO"}, "route": "/login", "status": 200, "latency_ms": 1071, "user_id": "u180", "message": "ok", "trace": {"id": "3b003209453a70cd"}}
{"@timestamp": "2026-02-09T16:26:21.074996+00:00", "service": {"name": "dummy-backend"}, "log": {"level": "INFO"}, "route": "/checkout", "status": 200, "latency_ms": 24, "user_id": "u116", "message": "ok", "trace": {"id": "f0d675ccfa27c509"}}
{"@timestamp": "2026-02-09T16:26:21.577952+00:00", "service": {"name": "dummy-backend"}, "log": {"level": "INFO"}, "route": "/logout", "status": 200, "latency_ms": 659, "user_id": "u085", "message": "ok", "trace": {"id": "6ffb3479a3b9fd19"}}
{"@timestamp": "2026-02-09T16:26:22.081587+00:00", "service": {"name": "dummy-backend"}, "log": {"level": "INFO"}, "route": "/logout", "status": 200, "latency_ms": 193, "user_id": "u075", "message": "ok", "trace": {"id": "6622103a1c005ccb"}}
{"@timestamp": "2026-02-09T16:26:22.584265+00:00", "service": {"name": "dummy-backend"}, "log": {"level": "INFO"}, "route": "/search", "status": 200, "latency_ms": 426, "user_id": "u149", "message": "ok", "trace": {"id": "3c1ea3a0818c6183"}}
{"@timestamp": "2026-02-09T16:26:23.086862+00:00", "service": {"name": "dummy-backend"}, "log": {"level": "WARN"}, "route": "/profile", "status": 200, "latency_ms": 201, "user_id": "u004", "message": "ok", "trace": {"id": "b4661dc73b0c46f7"}}
{"@timestamp": "2026-02-09T16:26:23.590120+00:00", "service": {"name": "dummy-backend"}, "log": {"level": "INFO"}, "route": "/logout", "status": 200, "latency_ms": 1078, "user_id": "u046", "message": "ok", "trace": {"id": "5ca75b4cef042967"}}
{"@timestamp": "2026-02-09T16:26:24.092736+00:00", "service": {"name": "dummy-backend"}, "log": {"level": "INFO"}, "route": "/login", "status": 200, "latency_ms": 221, "user_id": "u179", "message": "ok", "trace": {"id": "590117483136fa64"}}
{"@timestamp": "2026-02-09T16:26:24.595868+00:00", "service": {"name": "dummy-backend"}, "log": {"level": "INFO"}, "route": "/logout", "status": 200, "latency_ms": 228, "user_id": "u019", "message": "ok", "trace": {"id": "6b61b93b70900d2c"}}
{"@timestamp": "2026-02-09T16:26:25.094108+00:00", "service": {"name": "dummy-backend"}, "log": {"level": "WARN"}, "route": "/checkout", "status": 409, "latency_ms": 910, "user_id": "u063", "message": "insufficient_stock", "trace": {"id": "56ba88262466b681"}}
{"@timestamp": "2026-02-09T16:26:25.596617+00:00", "service": {"name": "dummy-backend"}, "log": {"level": "INFO"}, "route": "/login", "status": 200, "latency_ms": 1018, "user_id": "u094", "message": "ok", "trace": {"id": "d5259ec2734c97d1"}}
{"@timestamp": "2026-02-09T16:26:26.099529+00:00", "service": {"name": "dummy-backend"}, "log": {"level": "INFO"}, "route": "/search", "status": 200, "latency_ms": 1070, "user_id": "u153", "message": "ok", "trace": {"id": "166ce6c02c3db8b7"}}
{"@timestamp": "2026-02-09T16:26:26.601735+00:00", "service": {"name": "dummy-backend"}, "log": {"level": "INFO"}, "route": "/search", "status": 200, "latency_ms": 38, "user_id": "u083", "message": "ok", "trace": {"id": "07bc17bd964e8160"}}
{"@timestamp": "2026-02-09T16:26:27.104269+00:00", "service": {"name": "dummy-backend"}, "log": {"level": "INFO"}, "route": "/checkout", "status": 200, "latency_ms": 617, "user_id": "u167", "message": "ok", "trace": {"id": "a57391af6729fc5c"}}
{"@timestamp": "2026-02-09T16:26:27.606938+00:00", "service": {"name": "dummy-backend"}, "log": {"level": "INFO"}, "route": "/checkout", "status": 200, "latency_ms": 388, "user_id": "u049", "message": "ok", "trace": {"id": "7270248ee4a5cdbc"}}
{"@timestamp": "2026-02-09T16:26:28.109400+00:00", "service": {"name": "dummy-backend"}, "log": {"level": "WARN"}, "route": "/logout", "status": 200, "latency_ms": 622, "user_id": "u094", "message": "ok", "trace": {"id": "216b96b547c1b80c"}}
{"@timestamp": "2026-02-09T16:26:28.611918+00:00", "service": {"name": "dummy-backend"}, "log": {"level": "INFO"}, "route": "/login", "status": 200, "latency_ms": 19, "user_id": "u048", "message": "ok", "trace": {"id": "dd42a910cf395cf4"}}
{"@timestamp": "2026-02-09T16:26:29.114630+00:00", "service": {"name": "dummy-backend"}, "log": {"level": "ERROR"}, "route": "/checkout", "status": 409, "latency_ms": 407, "user_id": "u027", "message": "payment_retry", "trace": {"id": "09563f5d8e8f1963"}}
{"@timestamp": "2026-02-09T16:26:29.617082+00:00", "service": {"name": "dummy-backend"}, "log": {"level": "INFO"}, "route": "/logout", "status": 200, "latency_ms": 537, "user_id": "u165", "message": "ok", "trace": {"id": "a24dfc069f22dc9d"}}
{"@timestamp": "2026-02-09T16:26:30.119758+00:00", "service": {"name": "dummy-backend"}, "log": {"level": "WARN"}, "route": "/login", "status": 200, "latency_ms": 403, "user_id": "u042", "message": "ok", "trace": {"id": "1c0c98e6569fbdf1"}}
{"@timestamp": "2026-02-09T16:26:30.623001+00:00", "service": {"name": "dummy-backend"}, "log": {"level": "INFO"}, "route": "/logout", "status": 200, "latency_ms": 555, "user_id": "u149", "message": "ok", "trace": {"id": "9be640eed24fd1f8"}}
{"@timestamp": "2026-02-09T16:26:31.126043+00:00", "service": {"name": "dummy-backend"}, "log": {"level": "INFO"}, "route": "/logout", "status": 200, "latency_ms": 609, "user_id": "u024", "message": "ok", "trace": {"id": "2fe4e6ccfabf92ff"}}
{"@timestamp": "2026-02-09T16:26:31.628837+00:00", "service": {"name": "dummy-backend"}, "log": {"level": "WARN"}, "route": "/login", "status": 200, "latency_ms": 534, "user_id": "u167", "message": "ok", "trace": {"id": "c66d6601dd89404a"}}
{"@timestamp": "2026-02-09T16:26:32.132462+00:00", "service": {"name": "dummy-backend"}, "log": {"level": "INFO"}, "route": "/checkout", "status": 200, "latency_ms": 45, "user_id": "u190", "message": "ok", "trace": {"id": "8640f9b7b3182f2e"}}
{"@timestamp": "2026-02-09T16:26:32.635655+00:00", "service": {"name": "dummy-backend"}, "log": {"level": "INFO"}, "route": "/checkout", "status": 200, "latency_ms": 1102, "user_id": "u106", "message": "ok", "trace": {"id": "4904464da3515f98"}}
{"@timestamp": "2026-02-09T16:26:33.138466+00:00", "service": {"name": "dummy-backend"}, "log": {"level": "INFO"}, "route": "/logout", "status": 200, "latency_ms": 78, "user_id": "u069", "message": "ok", "trace": {"id": "0647bda357007a5d"}}
{"@timestamp": "2026-02-09T16:26:33.641800+00:00", "service": {"name": "dummy-backend"}, "log": {"level": "INFO"}, "route": "/logout", "status": 200, "latency_ms": 408, "user_id": "u192", "message": "ok", "trace": {"id": "20bdb3610e84abde"}}
{"@timestamp": "2026-02-09T16:26:34.144672+00:00", "service": {"name": "dummy-backend"}, "log": {"level": "INFO"}, "route": "/logout", "status": 200, "latency_ms": 398, "user_id": "u015", "message": "ok", "trace": {"id": "69f737b9d42ff03a"}}
{"@timestamp": "2026-02-09T16:26:34.648006+00:00", "service": {"name": "dummy-backend"}, "log": {"level": "INFO"}, "route": "/login", "status": 200, "latency_ms": 147, "user_id": "u026", "message": "ok", "trace": {"id": "90c2903a37d156f2"}}
{"@timestamp": "2026-02-09T16:26:35.150674+00:00", "service": {"name": "dummy-backend"}, "log": {"level": "INFO"}, "route": "/logout", "status": 200, "latency_ms": 1189, "user_id": "u069", "message": "ok", "trace": {"id": "b6aff8fcbdacbc11"}}
{"@timestamp": "2026-02-09T16:26:35.653131+00:00", "service": {"name": "dummy-backend"}, "log": {"level": "INFO"}, "route": "/logout", "status": 200, "latency_ms": 1107, "user_id": "u126", "message": "ok", "trace": {"id": "f7976f066879c983"}}
{"@timestamp": "2026-02-09T16:26:36.155728+00:00", "service": {"name": "dummy-backend"}, "log": {"level": "INFO"}, "route": "/logout", "status": 200, "latency_ms": 1186, "user_id": "u088", "message": "ok", "trace": {"id": "ae7439d685162572"}}
{"@timestamp": "2026-02-09T16:26:36.658109+00:00", "service": {"name": "dummy-backend"}, "log": {"level": "INFO"}, "route": "/search", "status": 200, "latency_ms": 1174, "user_id": "u176", "message": "ok", "trace": {"id": "aea517588816ee8b"}}
{"@timestamp": "2026-02-09T16:26:37.160542+00:00", "service": {"name": "dummy-backend"}, "log": {"level": "INFO"}, "route": "/profile", "status": 200, "latency_ms": 830, "user_id": "u045", "message": "ok", "trace": {"id": "4910e404e509d428"}}
{"@timestamp": "2026-02-09T16:26:37.663163+00:00", "service": {"name": "dummy-backend"}, "log": {"level": "INFO"}, "route": "/search", "status": 200, "latency_ms": 1076, "user_id": "u011", "message": "ok", "trace": {"id": "d853532f5ddb33eb"}}
{"@timestamp": "2026-02-09T16:26:38.165577+00:00", "service": {"name": "dummy-backend"}, "log": {"level": "INFO"}, "route": "/checkout", "status": 200, "latency_ms": 595, "user_id": "u041", "message": "ok", "trace": {"id": "c4322b4762aff74f"}}
{"@timestamp": "2026-02-09T16:26:38.667897+00:00", "service": {"name": "dummy-backend"}, "log": {"level": "INFO"}, "route": "/logout", "status": 200, "latency_ms": 1033, "user_id": "u066", "message": "ok", "trace": {"id": "5b5ee87d4171590b"}}
{"@timestamp": "2026-02-09T16:26:39.170422+00:00", "service": {"name": "dummy-backend"}, "log": {"level": "INFO"}, "route": "/login", "status": 200, "latency_ms": 66, "user_id": "u036", "message": "ok", "trace": {"id": "1d50dd0b9cfe428b"}}
{"@timestamp": "2026-02-09T16:26:39.673246+00:00", "service": {"name": "dummy-backend"}, "log": {"level": "WARN"}, "route": "/login", "status": 200, "latency_ms": 688, "user_id": "u143", "message": "ok", "trace": {"id": "d2b3097596e545bd"}}
{"@timestamp": "2026-02-09T16:26:40.175906+00:00", "service": {"name": "dummy-backend"}, "log": {"level": "INFO"}, "route": "/login", "status": 200, "latency_ms": 446, "user_id": "u195", "message": "ok", "trace": {"id": "e374663a1bcecaf3"}}
{"@timestamp": "2026-02-09T16:26:40.678376+00:00", "service": {"name": "dummy-backend"}, "log": {"level": "INFO"}, "route": "/profile", "status": 200, "latency_ms": 1182, "user_id": "u066", "message": "ok", "trace": {"id": "5b35c9820213a98a"}}
{"@timestamp": "2026-02-09T16:26:41.179957+00:00", "service": {"name": "dummy-backend"}, "log": {"level": "INFO"}, "route": "/checkout", "status": 200, "latency_ms": 483, "user_id": "u118", "message": "ok", "trace": {"id": "9d6b9923db440631"}}
{"@timestamp": "2026-02-09T16:26:41.682997+00:00", "service": {"name": "dummy-backend"}, "log": {"level": "INFO"}, "route": "/logout", "status": 200, "latency_ms": 762, "user_id": "u145", "message": "ok", "trace": {"id": "cdbc532852727af4"}}
{"@timestamp": "2026-02-09T16:26:42.185624+00:00", "service": {"name": "dummy-backend"}, "log": {"level": "INFO"}, "route": "/checkout", "status": 200, "latency_ms": 496, "user_id": "u044", "message": "ok", "trace": {"id": "f700f2ba0b170117"}}
{"@timestamp": "2026-02-09T16:26:42.688381+00:00", "service": {"name": "dummy-backend"}, "log": {"level": "INFO"}, "route": "/checkout", "status": 200, "latency_ms": 718, "user_id": "u016", "message": "ok", "trace": {"id": "f0661b415dbf72db"}}
{"@timestamp": "2026-02-09T16:26:43.191166+00:00", "service": {"name": "dummy-backend"}, "log": {"level": "INFO"}, "route": "/logout", "status": 200, "latency_ms": 761, "user_id": "u010", "message": "ok", "trace": {"id": "1e8f51680572bfde"}}
{"@timestamp": "2026-02-09T16:26:43.693431+00:00", "service": {"name": "dummy-backend"}, "log": {"level": "INFO"}, "route": "/profile", "status": 200, "latency_ms": 376, "user_id": "u157", "message": "ok", "trace": {"id": "53188134d4e1f81e"}}
{"@timestamp": "2026-02-09T16:26:44.195733+00:00", "service": {"name": "dummy-backend"}, "log": {"level": "INFO"}, "route": "/search", "status": 200, "latency_ms": 909, "user_id": "u167", "message": "ok", "trace": {"id": "d862b8e8e0782013"}}
{"@timestamp": "2026-02-09T16:26:44.699323+00:00", "service": {"name": "dummy-backend"}, "log": {"level": "INFO"}, "route": "/login", "status": 200, "latency_ms": 438, "user_id": "u052", "message": "ok", "trace": {"id": "745dc5f74c0fe875"}}
{"@timestamp": "2026-02-09T16:26:45.201807+00:00", "service": {"name": "dummy-backend"}, "log": {"level": "INFO"}, "route": "/login", "status": 200, "latency_ms": 465, "user_id": "u137", "message": "ok", "trace": {"id": "714cf854e71ede63"}}
{"@timestamp": "2026-02-09T16:26:45.704949+00:00", "service": {"name": "dummy-backend"}, "log": {"level": "INFO"}, "route": "/search", "status": 200, "latency_ms": 917, "user_id": "u054", "message": "ok", "trace": {"id": "5a8a53fbb00403c7"}}
{"@timestamp": "2026-02-09T16:26:46.208105+00:00", "service": {"name": "dummy-backend"}, "log": {"level": "INFO"}, "route": "/search", "status": 200, "latency_ms": 750, "user_id": "u107", "message": "ok", "trace": {"id": "98eaf14388c02ead"}}
{"@timestamp": "2026-02-09T16:26:46.710755+00:00", "service": {"name": "dummy-backend"}, "log": {"level": "INFO"}, "route": "/logout", "status": 200, "latency_ms": 213, "user_id": "u117", "message": "ok", "trace": {"id": "5e69e4d3b2f9bd8e"}}
{"@timestamp": "2026-02-09T16:26:47.214194+00:00", "service": {"name": "dummy-backend"}, "log": {"level": "INFO"}, "route": "/search", "status": 200, "latency_ms": 228, "user_id": "u035", "message": "ok", "trace": {"id": "669ecdf6e53e93f7"}}
{"@timestamp": "2026-02-09T16:26:47.716953+00:00", "service": {"name": "dummy-backend"}, "log": {"level": "INFO"}, "route": "/search", "status": 200, "latency_ms": 1011, "user_id": "u128", "message": "ok", "trace": {"id": "d67a59c1b6bf6f5a"}}
{"@timestamp": "2026-02-09T16:26:48.219893+00:00", "service": {"name": "dummy-backend"}, "log": {"level": "INFO"}, "route": "/login", "status": 200, "latency_ms": 46, "user_id": "u014", "message": "ok", "trace": {"id": "5e27ee812a4dfbc0"}}
{"@timestamp": "2026-02-09T16:26:48.722522+00:00", "service": {"name": "dummy-backend"}, "log": {"level": "INFO"}, "route": "/search", "status": 200, "latency_ms": 298, "user_id": "u164", "message": "ok", "trace": {"id": "ac6364862c96d1eb"}}
{"@timestamp": "2026-02-09T16:26:49.224742+00:00", "service": {"name": "dummy-backend"}, "log": {"level": "INFO"}, "route": "/profile", "status": 200, "latency_ms": 190, "user_id": "u164", "message": "ok", "trace": {"id": "90a9cac5021f2b60"}}
{"@timestamp": "2026-02-09T16:26:49.727627+00:00", "service": {"name": "dummy-backend"}, "log": {"level": "INFO"}, "route": "/profile", "status": 200, "latency_ms": 57, "user_id": "u033", "message": "ok", "trace": {"id": "8c5a0a245a077eb9"}}
{"@timestamp": "2026-02-09T16:26:50.230160+00:00", "service": {"name": "dummy-backend"}, "log": {"level": "INFO"}, "route": "/logout", "status": 200, "latency_ms": 826, "user_id": "u143", "message": "ok", "trace": {"id": "72b276b98cd1faa0"}}
{"@timestamp": "2026-02-09T16:26:50.732938+00:00", "service": {"name": "dummy-backend"}, "log": {"level": "INFO"}, "route": "/search", "status": 200, "latency_ms": 267, "user_id": "u088", "message": "ok", "trace": {"id": "c3af2e656d24dae6"}}
{"@timestamp": "2026-02-09T16:26:51.235424+00:00", "service": {"name": "dummy-backend"}, "log": {"level": "INFO"}, "route": "/logout", "status": 200, "latency_ms": 742, "user_id": "u172", "message": "ok", "trace": {"id": "6fb695c12955a527"}}
{"@timestamp": "2026-02-09T16:26:51.739575+00:00", "service": {"name": "dummy-backend"}, "log": {"level": "INFO"}, "route": "/checkout", "status": 200, "latency_ms": 944, "user_id": "u038", "message": "ok", "trace": {"id": "8a7ee9e48d67bc0b"}}
{"@timestamp": "2026-02-09T16:26:52.242530+00:00", "service": {"name": "dummy-backend"}, "log": {"level": "INFO"}, "route": "/checkout", "status": 200, "latency_ms": 448, "user_id": "u185", "message": "ok", "trace": {"id": "18f36b9d9f637321"}}
{"@timestamp": "2026-02-09T16:26:52.744762+00:00", "service": {"name": "dummy-backend"}, "log": {"level": "INFO"}, "route": "/search", "status": 200, "latency_ms": 1106, "user_id": "u038", "message": "ok", "trace": {"id": "69adb75ec5278fbe"}}
{"@timestamp": "2026-02-09T16:26:53.247473+00:00", "service": {"name": "dummy-backend"}, "log": {"level": "INFO"}, "route": "/profile", "status": 200, "latency_ms": 831, "user_id": "u144", "message": "ok", "trace": {"id": "a194f509dd690614"}}
{"@timestamp": "2026-02-09T16:26:53.750198+00:00", "service": {"name": "dummy-backend"}, "log": {"level": "INFO"}, "route": "/profile", "status": 200, "latency_ms": 238, "user_id": "u074", "message": "ok", "trace": {"id": "333bfde40b3897fe"}}
{"@timestamp": "2026-02-09T16:26:54.252872+00:00", "service": {"name": "dummy-backend"}, "log": {"level": "INFO"}, "route": "/checkout", "status": 200, "latency_ms": 826, "user_id": "u087", "message": "ok", "trace": {"id": "e2ed1ded16b69445"}}
{"@timestamp": "2026-02-09T16:26:54.756032+00:00", "service": {"name": "dummy-backend"}, "log": {"level": "INFO"}, "route": "/search", "status": 200, "latency_ms": 650, "user_id": "u106", "message": "ok", "trace": {"id": "04bd8b91eb528a9f"}}
{"@timestamp": "2026-02-09T16:26:55.253624+00:00", "service": {"name": "dummy-backend"}, "log": {"level": "INFO"}, "route": "/profile", "status": 200, "latency_ms": 343, "user_id": "u084", "message": "ok", "trace": {"id": "d94f00352c963c97"}}
{"@timestamp": "2026-02-09T16:26:55.756421+00:00", "service": {"name": "dummy-backend"}, "log": {"level": "INFO"}, "route": "/checkout", "status": 200, "latency_ms": 992, "user_id": "u119", "message": "ok", "trace": {"id": "c96b31e42b9ba8dd"}}
{"@timestamp": "2026-02-09T16:26:56.259747+00:00", "service": {"name": "dummy-backend"}, "log": {"level": "INFO"}, "route": "/profile", "status": 200, "latency_ms": 1035, "user_id": "u063", "message": "ok", "trace": {"id": "7555f1b227b33e76"}}
{"@timestamp": "2026-02-09T16:26:56.761905+00:00", "service": {"name": "dummy-backend"}, "log": {"level": "INFO"}, "route": "/login", "status": 200, "latency_ms": 1032, "user_id": "u198", "message": "ok", "trace": {"id": "b121c204910bdde1"}}
{"@timestamp": "2026-02-09T16:26:57.264438+00:00", "service": {"name": "dummy-backend"}, "log": {"level": "ERROR"}, "route": "/profile", "status": 200, "latency_ms": 765, "user_id": "u178", "message": "ok", "trace": {"id": "82ba0e8f2a8fa7df"}}
{"@timestamp": "2026-02-09T16:26:57.767268+00:00", "service": {"name": "dummy-backend"}, "log": {"level": "INFO"}, "route": "/profile", "status": 200, "latency_ms": 1050, "user_id": "u098", "message": "ok", "trace": {"id": "ef171110db40aa9b"}}
{"@timestamp": "2026-02-09T16:26:58.270026+00:00", "service": {"name": "dummy-backend"}, "log": {"level": "INFO"}, "route": "/search", "status": 200, "latency_ms": 72, "user_id": "u041", "message": "ok", "trace": {"id": "576fd5ecb07b85fb"}}
{"@timestamp": "2026-02-09T16:26:58.773143+00:00", "service": {"name": "dummy-backend"}, "log": {"level": "INFO"}, "route": "/checkout", "status": 200, "latency_ms": 25, "user_id": "u131", "message": "ok", "trace": {"id": "6e24790f1c67e21e"}}
{"@timestamp": "2026-02-09T16:26:59.275698+00:00", "service": {"name": "dummy-backend"}, "log": {"level": "INFO"}, "route": "/search", "status": 200, "latency_ms": 191, "user_id": "u009", "message": "ok", "trace": {"id": "eba976817c738f52"}}
{"@timestamp": "2026-02-09T16:26:59.778159+00:00", "service": {"name": "dummy-backend"}, "log": {"level": "INFO"}, "route": "/checkout", "status": 200, "latency_ms": 429, "user_id": "u150", "message": "ok", "trace": {"id": "dac08c70cf126eb1"}}
{"@timestamp": "2026-02-09T16:27:00.281168+00:00", "service": {"name": "dummy-backend"}, "log": {"level": "INFO"}, "route": "/checkout", "status": 200, "latency_ms": 1078, "user_id": "u134", "message": "ok", "trace": {"id": "f519081c7ef5d299"}}
{"@timestamp": "2026-02-09T16:27:00.783729+00:00", "service": {"name": "dummy-backend"}, "log": {"level": "INFO"}, "route": "/login", "status": 200, "latency_ms": 412, "user_id": "u157", "message": "ok", "trace": {"id": "2546271200f62de3"}}
{"@timestamp": "2026-02-09T16:27:01.286328+00:00", "service": {"name": "dummy-backend"}, "log": {"level": "INFO"}, "route": "/login", "status": 200, "latency_ms": 635, "user_id": "u022", "message": "ok", "trace": {"id": "c646625ae2d0851c"}}
{"@timestamp": "2026-02-09T16:27:01.788699+00:00", "service": {"name": "dummy-backend"}, "log": {"level": "INFO"}, "route": "/logout", "status": 200, "latency_ms": 682, "user_id": "u139", "message": "ok", "trace": {"id": "e0855f8f8a516ab2"}}
{"@timestamp": "2026-02-09T16:27:02.291029+00:00", "service": {"name": "dummy-backend"}, "log": {"level": "ERROR"}, "route": "/logout", "status": 200, "latency_ms": 318, "user_id": "u147", "message": "ok", "trace": {"id": "f547e4d0ed7d99b5"}}
{"@timestamp": "2026-02-09T16:27:02.793319+00:00", "service": {"name": "dummy-backend"}, "log": {"level": "WARN"}, "route": "/checkout", "status": 422, "latency_ms": 118, "user_id": "u149", "message": "insufficient_stock", "trace": {"id": "b51922ee2c0da4b8"}}
{"@timestamp": "2026-02-09T16:27:03.295735+00:00", "service": {"name": "dummy-backend"}, "log": {"level": "INFO"}, "route": "/logout", "status": 200, "latency_ms": 117, "user_id": "u142", "message": "ok", "trace": {"id": "340714171338f34a"}}
{"@timestamp": "2026-02-09T16:27:03.798130+00:00", "service": {"name": "dummy-backend"}, "log": {"level": "ERROR"}, "route": "/search", "status": 200, "latency_ms": 1171, "user_id": "u101", "message": "ok", "trace": {"id": "2a4f5ab613c19551"}}
{"@timestamp": "2026-02-09T16:27:04.301424+00:00", "service": {"name": "dummy-backend"}, "log": {"level": "INFO"}, "route": "/login", "status": 200, "latency_ms": 669, "user_id": "u164", "message": "ok", "trace": {"id": "634422064289a40b"}}
{"@timestamp": "2026-02-09T16:27:04.803875+00:00", "service": {"name": "dummy-backend"}, "log": {"level": "INFO"}, "route": "/logout", "status": 200, "latency_ms": 488, "user_id": "u104", "message": "ok", "trace": {"id": "390b7eb51dd21c98"}}
{"@timestamp": "2026-02-09T16:27:05.306245+00:00", "service": {"name": "dummy-backend"}, "log": {"level": "INFO"}, "route": "/logout", "status": 200, "latency_ms": 1044, "user_id": "u188", "message": "ok", "trace": {"id": "53b5057564d0b3d9"}}
{"@timestamp": "2026-02-09T16:27:05.808947+00:00", "service": {"name": "dummy-backend"}, "log": {"level": "INFO"}, "route": "/search", "status": 200, "latency_ms": 602, "user_id": "u008", "message": "ok", "trace": {"id": "e19731e312e5113e"}}
{"@timestamp": "2026-02-09T16:27:06.311342+00:00", "service": {"name": "dummy-backend"}, "log": {"level": "INFO"}, "route": "/login", "status": 200, "latency_ms": 1088, "user_id": "u096", "message": "ok", "trace": {"id": "6b44b4535b93432c"}}
{"@timestamp": "2026-02-09T16:27:06.813733+00:00", "service": {"name": "dummy-backend"}, "log": {"level": "INFO"}, "route": "/logout", "status": 200, "latency_ms": 931, "user_id": "u088", "message": "ok", "trace": {"id": "cd9e5d8966955a98"}}
{"@timestamp": "2026-02-09T16:27:07.316546+00:00", "service": {"name": "dummy-backend"}, "log": {"level": "INFO"}, "route": "/logout", "status": 200, "latency_ms": 961, "user_id": "u008", "message": "ok", "trace": {"id": "86ad98a52a6abf04"}}
{"@timestamp": "2026-02-09T16:27:07.820283+00:00", "service": {"name": "dummy-backend"}, "log": {"level": "INFO"}, "route": "/login", "status": 200, "latency_ms": 961, "user_id": "u100", "message": "ok", "trace": {"id": "e860d4a8a450fe61"}}
{"@timestamp": "2026-02-09T16:27:08.323537+00:00", "service": {"name": "dummy-backend"}, "log": {"level": "INFO"}, "route": "/login", "status": 200, "latency_ms": 463, "user_id": "u023", "message": "ok", "trace": {"id": "ec3ba5f84e99f711"}}
{"@timestamp": "2026-02-09T16:27:08.826076+00:00", "service": {"name": "dummy-backend"}, "log": {"level": "INFO"}, "route": "/search", "status": 200, "latency_ms": 914, "user_id": "u092", "message": "ok", "trace": {"id": "63ba5b0093f0fb57"}}
{"@timestamp": "2026-02-09T16:27:09.331889+00:00", "service": {"name": "dummy-backend"}, "log": {"level": "WARN"}, "route": "/profile", "status": 200, "latency_ms": 169, "user_id": "u019", "message": "ok", "trace": {"id": "8be3fa84b4417cb1"}}
{"@timestamp": "2026-02-09T16:27:09.834220+00:00", "service": {"name": "dummy-backend"}, "log": {"level": "INFO"}, "route": "/logout", "status": 200, "latency_ms": 77, "user_id": "u075", "message": "ok", "trace": {"id": "1e27e9796d625be4"}}
{"@timestamp": "2026-02-09T16:27:10.338488+00:00", "service": {"name": "dummy-backend"}, "log": {"level": "INFO"}, "route": "/checkout", "status": 200, "latency_ms": 378, "user_id": "u175", "message": "ok", "trace": {"id": "96a1f443cdfe415f"}}
{"@timestamp": "2026-02-09T16:27:10.841452+00:00", "service": {"name": "dummy-backend"}, "log": {"level": "INFO"}, "route": "/search", "status": 200, "latency_ms": 473, "user_id": "u165", "message": "ok", "trace": {"id": "423d5de776a3b0e3"}}
{"@timestamp": "2026-02-09T16:27:11.344532+00:00", "service": {"name": "dummy-backend"}, "log": {"level": "INFO"}, "route": "/profile", "status": 200, "latency_ms": 562, "user_id": "u158", "message": "ok", "trace": {"id": "c21df02573b089d4"}}
{"@timestamp": "2026-02-09T16:27:11.847712+00:00", "service": {"name": "dummy-backend"}, "log": {"level": "WARN"}, "route": "/profile", "status": 200, "latency_ms": 1046, "user_id": "u058", "message": "ok", "trace": {"id": "3b8b44decb3f84f8"}}
{"@timestamp": "2026-02-09T16:27:12.352380+00:00", "service": {"name": "dummy-backend"}, "log": {"level": "INFO"}, "route": "/search", "status": 200, "latency_ms": 530, "user_id": "u107", "message": "ok", "trace": {"id": "91b0ced6913c3a70"}}
{"@timestamp": "2026-02-09T16:27:12.855619+00:00", "service": {"name": "dummy-backend"}, "log": {"level": "INFO"}, "route": "/login", "status": 200, "latency_ms": 502, "user_id": "u112", "message": "ok", "trace": {"id": "e6aac65a00f8db80"}}
{"@timestamp": "2026-02-09T16:27:13.358365+00:00", "service": {"name": "dummy-backend"}, "log": {"level": "INFO"}, "route": "/logout", "status": 200, "latency_ms": 707, "user_id": "u102", "message": "ok", "trace": {"id": "858b4c201072c041"}}
{"@timestamp": "2026-02-09T16:27:13.861510+00:00", "service": {"name": "dummy-backend"}, "log": {"level": "INFO"}, "route": "/checkout", "status": 200, "latency_ms": 1077, "user_id": "u134", "message": "ok", "trace": {"id": "97317a43815ac785"}}
{"@timestamp": "2026-02-09T16:27:14.386767+00:00", "service": {"name": "dummy-backend"}, "log": {"level": "INFO"}, "route": "/logout", "status": 200, "latency_ms": 619, "user_id": "u025", "message": "ok", "trace": {"id": "cbb24bf3d69c57b9"}}
{"@timestamp": "2026-02-09T16:27:14.889662+00:00", "service": {"name": "dummy-backend"}, "log": {"level": "INFO"}, "route": "/profile", "status": 200, "latency_ms": 370, "user_id": "u005", "message": "ok", "trace": {"id": "6b322e838516bb10"}}
{"@timestamp": "2026-02-09T16:27:15.392837+00:00", "service": {"name": "dummy-backend"}, "log": {"level": "INFO"}, "route": "/login", "status": 200, "latency_ms": 696, "user_id": "u121", "message": "ok", "trace": {"id": "1827c6a2d7fe709c"}}
{"@timestamp": "2026-02-09T16:27:15.895167+00:00", "service": {"name": "dummy-backend"}, "log": {"level": "WARN"}, "route": "/login", "status": 200, "latency_ms": 180, "user_id": "u193", "message": "ok", "trace": {"id": "b49438e15dbe264b"}}
{"@timestamp": "2026-02-09T16:27:16.397384+00:00", "service": {"name": "dummy-backend"}, "log": {"level": "INFO"}, "route": "/profile", "status": 200, "latency_ms": 1089, "user_id": "u039", "message": "ok", "trace": {"id": "48ffda4c52477b06"}}
{"@timestamp": "2026-02-09T16:27:16.900257+00:00", "service": {"name": "dummy-backend"}, "log": {"level": "INFO"}, "route": "/profile", "status": 200, "latency_ms": 501, "user_id": "u091", "message": "ok", "trace": {"id": "c69a2e4004d97830"}}
{"@timestamp": "2026-02-09T16:27:17.403031+00:00", "service": {"name": "dummy-backend"}, "log": {"level": "INFO"}, "route": "/logout", "status": 200, "latency_ms": 813, "user_id": "u021", "message": "ok", "trace": {"id": "24f447f5534a7e2b"}}
{"@timestamp": "2026-02-09T16:27:17.905524+00:00", "service": {"name": "dummy-backend"}, "log": {"level": "INFO"}, "route": "/checkout", "status": 200, "latency_ms": 1145, "user_id": "u054", "message": "ok", "trace": {"id": "d6a469247458f577"}}
{"@timestamp": "2026-02-09T16:27:18.408353+00:00", "service": {"name": "dummy-backend"}, "log": {"level": "INFO"}, "route": "/checkout", "status": 200, "latency_ms": 1134, "user_id": "u008", "message": "ok", "trace": {"id": "6efc1f93546ac4e1"}}
{"@timestamp": "2026-02-09T16:27:18.911029+00:00", "service": {"name": "dummy-backend"}, "log": {"level": "INFO"}, "route": "/logout", "status": 200, "latency_ms": 469, "user_id": "u171", "message": "ok", "trace": {"id": "edf1f0fdf4435743"}}
{"@timestamp": "2026-02-09T16:27:19.414035+00:00", "service": {"name": "dummy-backend"}, "log": {"level": "INFO"}, "route": "/checkout", "status": 200, "latency_ms": 474, "user_id": "u177", "message": "ok", "trace": {"id": "aa428a47bebe5dc5"}}
{"@timestamp": "2026-02-09T16:27:19.917252+00:00", "service": {"name": "dummy-backend"}, "log": {"level": "INFO"}, "route": "/search", "status": 200, "latency_ms": 658, "user_id": "u164", "message": "ok", "trace": {"id": "e1a1bc77be1ca476"}}
{"@timestamp": "2026-02-09T16:27:20.419810+00:00", "service": {"name": "dummy-backend"}, "log": {"level": "INFO"}, "route": "/login", "status": 200, "latency_ms": 556, "user_id": "u029", "message": "ok", "trace": {"id": "5eaf7f818b7a043a"}}
{"@timestamp": "2026-02-09T16:27:20.923036+00:00", "service": {"name": "dummy-backend"}, "log": {"level": "ERROR"}, "route": "/checkout", "status": 409, "latency_ms": 517, "user_id": "u140", "message": "insufficient_stock", "trace": {"id": "7d75c0f96a5f748b"}}
{"@timestamp": "2026-02-09T16:27:21.425317+00:00", "service": {"name": "dummy-backend"}, "log": {"level": "INFO"}, "route": "/login", "status": 200, "latency_ms": 1096, "user_id": "u136", "message": "ok", "trace": {"id": "14faf42269d12f8b"}}
{"@timestamp": "2026-02-09T16:27:21.928316+00:00", "service": {"name": "dummy-backend"}, "log": {"level": "INFO"}, "route": "/search", "status": 200, "latency_ms": 610, "user_id": "u193", "message": "ok", "trace": {"id": "0cedc16da04bcc95"}}
{"@timestamp": "2026-02-09T16:27:22.431017+00:00", "service": {"name": "dummy-backend"}, "log": {"level": "INFO"}, "route": "/search", "status": 200, "latency_ms": 1126, "user_id": "u134", "message": "ok", "trace": {"id": "610b7f8b0d3022b9"}}
{"@timestamp": "2026-02-09T16:27:22.933486+00:00", "service": {"name": "dummy-backend"}, "log": {"level": "INFO"}, "route": "/logout", "status": 200, "latency_ms": 348, "user_id": "u014", "message": "ok", "trace": {"id": "3577090765282b8c"}}
{"@timestamp": "2026-02-09T16:27:23.436723+00:00", "service": {"name": "dummy-backend"}, "log": {"level": "INFO"}, "route": "/logout", "status": 200, "latency_ms": 218, "user_id": "u045", "message": "ok", "trace": {"id": "bd6ddd6acde85fd6"}}
{"@timestamp": "2026-02-09T16:27:23.939103+00:00", "service": {"name": "dummy-backend"}, "log": {"level": "WARN"}, "route": "/logout", "status": 200, "latency_ms": 1046, "user_id": "u193", "message": "ok", "trace": {"id": "c9e494dfff1f0fd7"}}
{"@timestamp": "2026-02-09T16:27:24.441381+00:00", "service": {"name": "dummy-backend"}, "log": {"level": "ERROR"}, "route": "/logout", "status": 200, "latency_ms": 428, "user_id": "u104", "message": "ok", "trace": {"id": "3213ca0514eb3b02"}}
{"@timestamp": "2026-02-09T16:27:24.937635+00:00", "service": {"name": "dummy-backend"}, "log": {"level": "INFO"}, "route": "/profile", "status": 200, "latency_ms": 300, "user_id": "u198", "message": "ok", "trace": {"id": "e89569e6b54ecbca"}}
{"@timestamp": "2026-02-09T16:27:25.442044+00:00", "service": {"name": "dummy-backend"}, "log": {"level": "INFO"}, "route": "/login", "status": 200, "latency_ms": 617, "user_id": "u112", "message": "ok", "trace": {"id": "c33e77afc74dc2b7"}}
{"@timestamp": "2026-02-09T16:27:25.946171+00:00", "service": {"name": "dummy-backend"}, "log": {"level": "INFO"}, "route": "/search", "status": 200, "latency_ms": 342, "user_id": "u152", "message": "ok", "trace": {"id": "07de7bc02fd12368"}}
{"@timestamp": "2026-02-09T16:27:26.450224+00:00", "service": {"name": "dummy-backend"}, "log": {"level": "INFO"}, "route": "/checkout", "status": 200, "latency_ms": 828, "user_id": "u130", "message": "ok", "trace": {"id": "3cd2bd426f12b0a4"}}
{"@timestamp": "2026-02-09T16:27:26.953587+00:00", "service": {"name": "dummy-backend"}, "log": {"level": "INFO"}, "route": "/search", "status": 200, "latency_ms": 470, "user_id": "u123", "message": "ok", "trace": {"id": "d35a73a7a064c44f"}}
{"@timestamp": "2026-02-09T16:27:27.456465+00:00", "service": {"name": "dummy-backend"}, "log": {"level": "INFO"}, "route": "/profile", "status": 200, "latency_ms": 814, "user_id": "u075", "message": "ok", "trace": {"id": "a5b00ecbc0d7aab6"}}
{"@timestamp": "2026-02-09T16:27:27.959419+00:00", "service": {"name": "dummy-backend"}, "log": {"level": "INFO"}, "route": "/profile", "status": 200, "latency_ms": 878, "user_id": "u137", "message": "ok", "trace": {"id": "422a907189e4067c"}}
{"@timestamp": "2026-02-09T16:27:28.461840+00:00", "service": {"name": "dummy-backend"}, "log": {"level": "INFO"}, "route": "/profile", "status": 200, "latency_ms": 74, "user_id": "u167", "message": "ok", "trace": {"id": "d88b9b40caac8672"}}
{"@timestamp": "2026-02-09T16:27:28.964378+00:00", "service": {"name": "dummy-backend"}, "log": {"level": "INFO"}, "route": "/login", "status": 200, "latency_ms": 688, "user_id": "u181", "message": "ok", "trace": {"id": "cd3fdf5567c241c7"}}
{"@timestamp": "2026-02-09T16:27:29.467044+00:00", "service": {"name": "dummy-backend"}, "log": {"level": "INFO"}, "route": "/checkout", "status": 200, "latency_ms": 152, "user_id": "u010", "message": "ok", "trace": {"id": "183dd9ad8204c33b"}}
{"@timestamp": "2026-02-09T16:27:29.970034+00:00", "service": {"name": "dummy-backend"}, "log": {"level": "INFO"}, "route": "/profile", "status": 200, "latency_ms": 562, "user_id": "u029", "message": "ok", "trace": {"id": "0f4e68f194494236"}}
{"@timestamp": "2026-02-09T16:27:30.472981+00:00", "service": {"name": "dummy-backend"}, "log": {"level": "INFO"}, "route": "/logout", "status": 200, "latency_ms": 447, "user_id": "u084", "message": "ok", "trace": {"id": "9412079f05e6a927"}}
{"@timestamp": "2026-02-09T16:27:30.977508+00:00", "service": {"name": "dummy-backend"}, "log": {"level": "INFO"}, "route": "/checkout", "status": 200, "latency_ms": 1135, "user_id": "u033", "message": "ok", "trace": {"id": "f5db42afab4d2f5e"}}
{"@timestamp": "2026-02-09T16:27:31.481297+00:00", "service": {"name": "dummy-backend"}, "log": {"level": "INFO"}, "route": "/checkout", "status": 200, "latency_ms": 829, "user_id": "u139", "message": "ok", "trace": {"id": "71bb3607a01eb968"}}
{"@timestamp": "2026-02-09T16:27:31.985546+00:00", "service": {"name": "dummy-backend"}, "log": {"level": "INFO"}, "route": "/checkout", "status": 200, "latency_ms": 545, "user_id": "u031", "message": "ok", "trace": {"id": "25f78129e8a9d28c"}}
{"@timestamp": "2026-02-09T16:27:32.488422+00:00", "service": {"name": "dummy-backend"}, "log": {"level": "INFO"}, "route": "/profile", "status": 200, "latency_ms": 42, "user_id": "u174", "message": "ok", "trace": {"id": "3b80298da905e68f"}}
{"@timestamp": "2026-02-09T16:27:32.991158+00:00", "service": {"name": "dummy-backend"}, "log": {"level": "WARN"}, "route": "/login", "status": 200, "latency_ms": 1200, "user_id": "u161", "message": "ok", "trace": {"id": "bedc7768564fdb00"}}
{"@timestamp": "2026-02-09T16:27:33.494702+00:00", "service": {"name": "dummy-backend"}, "log": {"level": "INFO"}, "route": "/login", "status": 200, "latency_ms": 1035, "user_id": "u156", "message": "ok", "trace": {"id": "7028262bec6935c9"}}
{"@timestamp": "2026-02-09T16:27:33.997222+00:00", "service": {"name": "dummy-backend"}, "log": {"level": "INFO"}, "route": "/checkout", "status": 200, "latency_ms": 27, "user_id": "u047", "message": "ok", "trace": {"id": "20c2e587e2c3cf70"}}
{"@timestamp": "2026-02-09T16:27:34.500063+00:00", "service": {"name": "dummy-backend"}, "log": {"level": "INFO"}, "route": "/search", "status": 200, "latency_ms": 1019, "user_id": "u006", "message": "ok", "trace": {"id": "e32ce6a930e3f6fc"}}
{"@timestamp": "2026-02-09T16:27:35.003021+00:00", "service": {"name": "dummy-backend"}, "log": {"level": "INFO"}, "route": "/checkout", "status": 200, "latency_ms": 623, "user_id": "u013", "message": "ok", "trace": {"id": "759a126b58075e83"}}
{"@timestamp": "2026-02-09T16:27:35.506351+00:00", "service": {"name": "dummy-backend"}, "log": {"level": "ERROR"}, "route": "/login", "status": 500, "latency_ms": 191, "user_id": "u126", "message": "token_expired", "trace": {"id": "1ad253aecc4b268a"}}
{"@timestamp": "2026-02-09T16:27:36.009480+00:00", "service": {"name": "dummy-backend"}, "log": {"level": "INFO"}, "route": "/profile", "status": 200, "latency_ms": 665, "user_id": "u004", "message": "ok", "trace": {"id": "7097c2c137d108fa"}}
{"@timestamp": "2026-02-09T16:27:36.512194+00:00", "service": {"name": "dummy-backend"}, "log": {"level": "INFO"}, "route": "/login", "status": 200, "latency_ms": 677, "user_id": "u023", "message": "ok", "trace": {"id": "31a33d0de8838fc4"}}
{"@timestamp": "2026-02-09T16:27:37.015031+00:00", "service": {"name": "dummy-backend"}, "log": {"level": "INFO"}, "route": "/checkout", "status": 200, "latency_ms": 1137, "user_id": "u066", "message": "ok", "trace": {"id": "1e79481b5a67c2b8"}}
{"@timestamp": "2026-02-09T16:27:37.517421+00:00", "service": {"name": "dummy-backend"}, "log": {"level": "INFO"}, "route": "/search", "status": 200, "latency_ms": 955, "user_id": "u165", "message": "ok", "trace": {"id": "2ebd09f058c6f193"}}
{"@timestamp": "2026-02-09T16:27:38.020053+00:00", "service": {"name": "dummy-backend"}, "log": {"level": "WARN"}, "route": "/search", "status": 200, "latency_ms": 1168, "user_id": "u166", "message": "ok", "trace": {"id": "1045fc0e011fd3dc"}}
{"@timestamp": "2026-02-09T16:27:38.523095+00:00", "service": {"name": "dummy-backend"}, "log": {"level": "INFO"}, "route": "/checkout", "status": 200, "latency_ms": 67, "user_id": "u053", "message": "ok", "trace": {"id": "c8e3d57cab602d03"}}
{"@timestamp": "2026-02-09T16:27:39.026680+00:00", "service": {"name": "dummy-backend"}, "log": {"level": "INFO"}, "route": "/checkout", "status": 200, "latency_ms": 871, "user_id": "u116", "message": "ok", "trace": {"id": "0f6cef9e1b3c1603"}}
{"@timestamp": "2026-02-09T16:27:39.529183+00:00", "service": {"name": "dummy-backend"}, "log": {"level": "INFO"}, "route": "/search", "status": 200, "latency_ms": 593, "user_id": "u135", "message": "ok", "trace": {"id": "ed2c01a38a23e545"}}
{"@timestamp": "2026-02-09T16:27:40.031759+00:00", "service": {"name": "dummy-backend"}, "log": {"level": "INFO"}, "route": "/search", "status": 200, "latency_ms": 863, "user_id": "u197", "message": "ok", "trace": {"id": "442543d08e6cadc1"}}
{"@timestamp": "2026-02-09T16:27:40.534620+00:00", "service": {"name": "dummy-backend"}, "log": {"level": "INFO"}, "route": "/logout", "status": 200, "latency_ms": 788, "user_id": "u001", "message": "ok", "trace": {"id": "a405b4af4984a1a2"}}
{"@timestamp": "2026-02-09T16:27:41.037913+00:00", "service": {"name": "dummy-backend"}, "log": {"level": "INFO"}, "route": "/profile", "status": 200, "latency_ms": 537, "user_id": "u127", "message": "ok", "trace": {"id": "2767ff1314855b5e"}}
{"@timestamp": "2026-02-09T16:27:41.540328+00:00", "service": {"name": "dummy-backend"}, "log": {"level": "INFO"}, "route": "/login", "status": 200, "latency_ms": 507, "user_id": "u091", "message": "ok", "trace": {"id": "ec7e12276f78e3f5"}}
{"@timestamp": "2026-02-09T16:27:42.041991+00:00", "service": {"name": "dummy-backend"}, "log": {"level": "INFO"}, "route": "/search", "status": 200, "latency_ms": 1053, "user_id": "u014", "message": "ok", "trace": {"id": "1bd7d3cf7c61bc62"}}
{"@timestamp": "2026-02-09T16:27:42.545519+00:00", "service": {"name": "dummy-backend"}, "log": {"level": "INFO"}, "route": "/login", "status": 200, "latency_ms": 669, "user_id": "u071", "message": "ok", "trace": {"id": "30262ff948b1d3c4"}}
{"@timestamp": "2026-02-09T16:27:43.048086+00:00", "service": {"name": "dummy-backend"}, "log": {"level": "INFO"}, "route": "/login", "status": 200, "latency_ms": 5, "user_id": "u182", "message": "ok", "trace": {"id": "6800879133b86861"}}
{"@timestamp": "2026-02-09T16:27:43.551521+00:00", "service": {"name": "dummy-backend"}, "log": {"level": "INFO"}, "route": "/login", "status": 200, "latency_ms": 1062, "user_id": "u014", "message": "ok", "trace": {"id": "ea5ffb902b826417"}}
{"@timestamp": "2026-02-09T16:27:44.054492+00:00", "service": {"name": "dummy-backend"}, "log": {"level": "INFO"}, "route": "/logout", "status": 200, "latency_ms": 497, "user_id": "u018", "message": "ok", "trace": {"id": "b919cc3b8f3b6358"}}
{"@timestamp": "2026-02-09T16:27:44.557372+00:00", "service": {"name": "dummy-backend"}, "log": {"level": "INFO"}, "route": "/search", "status": 200, "latency_ms": 1020, "user_id": "u149", "message": "ok", "trace": {"id": "f4a4841db011a412"}}
{"@timestamp": "2026-02-09T16:27:45.059836+00:00", "service": {"name": "dummy-backend"}, "log": {"level": "INFO"}, "route": "/profile", "status": 200, "latency_ms": 7, "user_id": "u110", "message": "ok", "trace": {"id": "42b80f3b5bb9f66c"}}
{"@timestamp": "2026-02-09T16:27:45.563348+00:00", "service": {"name": "dummy-backend"}, "log": {"level": "INFO"}, "route": "/profile", "status": 200, "latency_ms": 1049, "user_id": "u029", "message": "ok", "trace": {"id": "55e676574729f5b7"}}
{"@timestamp": "2026-02-09T16:27:46.066017+00:00", "service": {"name": "dummy-backend"}, "log": {"level": "INFO"}, "route": "/profile", "status": 200, "latency_ms": 1177, "user_id": "u046", "message": "ok", "trace": {"id": "2770b4219f38607e"}}
{"@timestamp": "2026-02-09T16:27:46.569763+00:00", "service": {"name": "dummy-backend"}, "log": {"level": "INFO"}, "route": "/checkout", "status": 200, "latency_ms": 991, "user_id": "u025", "message": "ok", "trace": {"id": "173a05e4aff27e8b"}}
{"@timestamp": "2026-02-09T16:27:47.072715+00:00", "service": {"name": "dummy-backend"}, "log": {"level": "INFO"}, "route": "/checkout", "status": 200, "latency_ms": 286, "user_id": "u092", "message": "ok", "trace": {"id": "941f7a2d9024f683"}}
{"@timestamp": "2026-02-09T16:27:47.575424+00:00", "service": {"name": "dummy-backend"}, "log": {"level": "INFO"}, "route": "/checkout", "status": 200, "latency_ms": 1186, "user_id": "u111", "message": "ok", "trace": {"id": "4dba1b5219e41848"}}
{"@timestamp": "2026-02-09T16:27:48.078890+00:00", "service": {"name": "dummy-backend"}, "log": {"level": "INFO"}, "route": "/checkout", "status": 200, "latency_ms": 1133, "user_id": "u029", "message": "ok", "trace": {"id": "2a2119a95c209b59"}}
{"@timestamp": "2026-02-09T16:27:48.584602+00:00", "service": {"name": "dummy-backend"}, "log": {"level": "INFO"}, "route": "/logout", "status": 200, "latency_ms": 1103, "user_id": "u082", "message": "ok", "trace": {"id": "f1101faf171b7203"}}
{"@timestamp": "2026-02-09T16:27:49.087124+00:00", "service": {"name": "dummy-backend"}, "log": {"level": "INFO"}, "route": "/profile", "status": 200, "latency_ms": 1176, "user_id": "u145", "message": "ok", "trace": {"id": "a5022fb60dc8f336"}}
{"@timestamp": "2026-02-09T16:27:49.590264+00:00", "service": {"name": "dummy-backend"}, "log": {"level": "ERROR"}, "route": "/logout", "status": 200, "latency_ms": 828, "user_id": "u073", "message": "ok", "trace": {"id": "ddc15b998a4c3116"}}
{"@timestamp": "2026-02-09T16:27:50.093329+00:00", "service": {"name": "dummy-backend"}, "log": {"level": "INFO"}, "route": "/search", "status": 200, "latency_ms": 20, "user_id": "u175", "message": "ok", "trace": {"id": "19c6f745cdbcaee4"}}
{"@timestamp": "2026-02-09T16:27:50.595708+00:00", "service": {"name": "dummy-backend"}, "log": {"level": "WARN"}, "route": "/logout", "status": 200, "latency_ms": 253, "user_id": "u146", "message": "ok", "trace": {"id": "61fb06d679bef106"}}
{"@timestamp": "2026-02-09T16:27:51.099088+00:00", "service": {"name": "dummy-backend"}, "log": {"level": "INFO"}, "route": "/logout", "status": 200, "latency_ms": 1100, "user_id": "u191", "message": "ok", "trace": {"id": "b45b83acade146a2"}}
{"@timestamp": "2026-02-09T16:27:51.603062+00:00", "service": {"name": "dummy-backend"}, "log": {"level": "WARN"}, "route": "/profile", "status": 200, "latency_ms": 627, "user_id": "u051", "message": "ok", "trace": {"id": "a271f62f525c5bea"}}
{"@timestamp": "2026-02-09T16:27:52.106530+00:00", "service": {"name": "dummy-backend"}, "log": {"level": "INFO"}, "route": "/profile", "status": 200, "latency_ms": 899, "user_id": "u123", "message": "ok", "trace": {"id": "506862054a93fa49"}}
{"@timestamp": "2026-02-09T16:27:52.609349+00:00", "service": {"name": "dummy-backend"}, "log": {"level": "ERROR"}, "route": "/profile", "status": 200, "latency_ms": 743, "user_id": "u197", "message": "ok", "trace": {"id": "f5d3c7257120c846"}}
{"@timestamp": "2026-02-09T16:27:53.112339+00:00", "service": {"name": "dummy-backend"}, "log": {"level": "INFO"}, "route": "/checkout", "status": 200, "latency_ms": 742, "user_id": "u087", "message": "ok", "trace": {"id": "75a7c3b36865f9ad"}}
{"@timestamp": "2026-02-09T16:27:53.614685+00:00", "service": {"name": "dummy-backend"}, "log": {"level": "INFO"}, "route": "/login", "status": 200, "latency_ms": 916, "user_id": "u116", "message": "ok", "trace": {"id": "9e0854e5ee086ece"}}
{"@timestamp": "2026-02-09T16:27:54.116970+00:00", "service": {"name": "dummy-backend"}, "log": {"level": "INFO"}, "route": "/logout", "status": 200, "latency_ms": 445, "user_id": "u119", "message": "ok", "trace": {"id": "868b804abbc147b9"}}
{"@timestamp": "2026-02-09T16:27:54.620386+00:00", "service": {"name": "dummy-backend"}, "log": {"level": "INFO"}, "route": "/checkout", "status": 200, "latency_ms": 378, "user_id": "u174", "message": "ok", "trace": {"id": "8ba771179d5fbef3"}}
{"@timestamp": "2026-02-09T16:27:55.119293+00:00", "service": {"name": "dummy-backend"}, "log": {"level": "INFO"}, "route": "/logout", "status": 200, "latency_ms": 546, "user_id": "u154", "message": "ok", "trace": {"id": "e7372a87b730a983"}}
{"@timestamp": "2026-02-09T16:27:55.623288+00:00", "service": {"name": "dummy-backend"}, "log": {"level": "INFO"}, "route": "/checkout", "status": 200, "latency_ms": 646, "user_id": "u011", "message": "ok", "trace": {"id": "551a26de00a402e8"}}
{"@timestamp": "2026-02-09T16:27:56.125844+00:00", "service": {"name": "dummy-backend"}, "log": {"level": "INFO"}, "route": "/profile", "status": 200, "latency_ms": 1055, "user_id": "u073", "message": "ok", "trace": {"id": "496b3ed252d5fca2"}}
{"@timestamp": "2026-02-09T16:27:56.629611+00:00", "service": {"name": "dummy-backend"}, "log": {"level": "INFO"}, "route": "/search", "status": 200, "latency_ms": 1000, "user_id": "u127", "message": "ok", "trace": {"id": "b026dcd22a463418"}}
{"@timestamp": "2026-02-09T16:27:57.133111+00:00", "service": {"name": "dummy-backend"}, "log": {"level": "WARN"}, "route": "/logout", "status": 200, "latency_ms": 439, "user_id": "u064", "message": "ok", "trace": {"id": "3007a771ea659029"}}
{"@timestamp": "2026-02-09T16:27:57.636028+00:00", "service": {"name": "dummy-backend"}, "log": {"level": "INFO"}, "route": "/logout", "status": 200, "latency_ms": 395, "user_id": "u197", "message": "ok", "trace": {"id": "1464ad48fcce7a16"}}
{"@timestamp": "2026-02-09T16:27:58.140071+00:00", "service": {"name": "dummy-backend"}, "log": {"level": "INFO"}, "route": "/logout", "status": 200, "latency_ms": 466, "user_id": "u192", "message": "ok", "trace": {"id": "59a445ac09257379"}}
{"@timestamp": "2026-02-09T16:27:58.642894+00:00", "service": {"name": "dummy-backend"}, "log": {"level": "INFO"}, "route": "/profile", "status": 200, "latency_ms": 938, "user_id": "u023", "message": "ok", "trace": {"id": "3368f460daa2c5a0"}}
{"@timestamp": "2026-02-09T16:27:59.146101+00:00", "service": {"name": "dummy-backend"}, "log": {"level": "INFO"}, "route": "/checkout", "status": 200, "latency_ms": 390, "user_id": "u177", "message": "ok", "trace": {"id": "032812d116c8d021"}}
{"@timestamp": "2026-02-09T16:27:59.648821+00:00", "service": {"name": "dummy-backend"}, "log": {"level": "INFO"}, "route": "/logout", "status": 200, "latency_ms": 1064, "user_id": "u101", "message": "ok", "trace": {"id": "dbe57d05d6f821a3"}}
{"@timestamp": "2026-02-09T16:28:00.151348+00:00", "service": {"name": "dummy-backend"}, "log": {"level": "INFO"}, "route": "/checkout", "status": 200, "latency_ms": 381, "user_id": "u149", "message": "ok", "trace": {"id": "726268d944da63a9"}}
{"@timestamp": "2026-02-09T16:28:00.654314+00:00", "service": {"name": "dummy-backend"}, "log": {"level": "INFO"}, "route": "/logout", "status": 200, "latency_ms": 1193, "user_id": "u063", "message": "ok", "trace": {"id": "3cfd9cbeb3d129af"}}
{"@timestamp": "2026-02-09T16:28:01.157512+00:00", "service": {"name": "dummy-backend"}, "log": {"level": "INFO"}, "route": "/logout", "status": 200, "latency_ms": 604, "user_id": "u121", "message": "ok", "trace": {"id": "1c61425d807ddd2e"}}
{"@timestamp": "2026-02-09T16:28:01.660093+00:00", "service": {"name": "dummy-backend"}, "log": {"level": "INFO"}, "route": "/logout", "status": 200, "latency_ms": 829, "user_id": "u165", "message": "ok", "trace": {"id": "fb471942071274b4"}}
{"@timestamp": "2026-02-09T16:28:02.162594+00:00", "service": {"name": "dummy-backend"}, "log": {"level": "INFO"}, "route": "/login", "status": 200, "latency_ms": 383, "user_id": "u196", "message": "ok", "trace": {"id": "3759571368314ab7"}}
{"@timestamp": "2026-02-09T16:28:02.664741+00:00", "service": {"name": "dummy-backend"}, "log": {"level": "INFO"}, "route": "/logout", "status": 200, "latency_ms": 568, "user_id": "u162", "message": "ok", "trace": {"id": "cb29302105a4c4bd"}}
{"@timestamp": "2026-02-09T16:28:03.167856+00:00", "service": {"name": "dummy-backend"}, "log": {"level": "INFO"}, "route": "/checkout", "status": 200, "latency_ms": 881, "user_id": "u104", "message": "ok", "trace": {"id": "20f3547f1912e955"}}
{"@timestamp": "2026-02-09T16:28:03.712267+00:00", "service": {"name": "dummy-backend"}, "log": {"level": "INFO"}, "route": "/login", "status": 200, "latency_ms": 858, "user_id": "u091", "message": "ok", "trace": {"id": "31c776c6a8450617"}}
{"@timestamp": "2026-02-09T16:28:04.217206+00:00", "service": {"name": "dummy-backend"}, "log": {"level": "INFO"}, "route": "/search", "status": 200, "latency_ms": 381, "user_id": "u054", "message": "ok", "trace": {"id": "c36c866da2044898"}}
{"@timestamp": "2026-02-09T16:28:04.719622+00:00", "service": {"name": "dummy-backend"}, "log": {"level": "INFO"}, "route": "/logout", "status": 200, "latency_ms": 17, "user_id": "u133", "message": "ok", "trace": {"id": "823523ad3ed04826"}}
{"@timestamp": "2026-02-09T16:28:05.222230+00:00", "service": {"name": "dummy-backend"}, "log": {"level": "INFO"}, "route": "/checkout", "status": 200, "latency_ms": 666, "user_id": "u100", "message": "ok", "trace": {"id": "2bb4e38100a01462"}}
{"@timestamp": "2026-02-09T16:28:05.725504+00:00", "service": {"name": "dummy-backend"}, "log": {"level": "INFO"}, "route": "/logout", "status": 200, "latency_ms": 816, "user_id": "u192", "message": "ok", "trace": {"id": "fb9e90d358ccd323"}}
{"@timestamp": "2026-02-09T16:28:06.229100+00:00", "service": {"name": "dummy-backend"}, "log": {"level": "INFO"}, "route": "/profile", "status": 200, "latency_ms": 453, "user_id": "u076", "message": "ok", "trace": {"id": "4effa8282e3a1ee6"}}
{"@timestamp": "2026-02-09T16:28:06.731834+00:00", "service": {"name": "dummy-backend"}, "log": {"level": "INFO"}, "route": "/search", "status": 200, "latency_ms": 691, "user_id": "u196", "message": "ok", "trace": {"id": "47108f61cebbcdfa"}}
{"@timestamp": "2026-02-09T16:28:07.234843+00:00", "service": {"name": "dummy-backend"}, "log": {"level": "INFO"}, "route": "/login", "status": 200, "latency_ms": 935, "user_id": "u001", "message": "ok", "trace": {"id": "fb1c2a24517b2790"}}
{"@timestamp": "2026-02-09T16:28:07.737800+00:00", "service": {"name": "dummy-backend"}, "log": {"level": "WARN"}, "route": "/search", "status": 200, "latency_ms": 226, "user_id": "u111", "message": "ok", "trace": {"id": "2a79d04b215c5ef9"}}
{"@timestamp": "2026-02-09T16:28:08.240933+00:00", "service": {"name": "dummy-backend"}, "log": {"level": "INFO"}, "route": "/logout", "status": 200, "latency_ms": 232, "user_id": "u022", "message": "ok", "trace": {"id": "e6b759cccfa09cf7"}}
{"@timestamp": "2026-02-09T16:28:08.743811+00:00", "service": {"name": "dummy-backend"}, "log": {"level": "INFO"}, "route": "/checkout", "status": 200, "latency_ms": 208, "user_id": "u016", "message": "ok", "trace": {"id": "9e9054d87aaa0e6f"}}
{"@timestamp": "2026-02-09T16:28:09.248559+00:00", "service": {"name": "dummy-backend"}, "log": {"level": "INFO"}, "route": "/search", "status": 200, "latency_ms": 1046, "user_id": "u013", "message": "ok", "trace": {"id": "fa6bbea8d615427c"}}
{"@timestamp": "2026-02-09T16:28:09.751148+00:00", "service": {"name": "dummy-backend"}, "log": {"level": "INFO"}, "route": "/checkout", "status": 200, "latency_ms": 75, "user_id": "u186", "message": "ok", "trace": {"id": "059777df8911ed24"}}
{"@timestamp": "2026-02-09T16:28:10.254302+00:00", "service": {"name": "dummy-backend"}, "log": {"level": "INFO"}, "route": "/search", "status": 200, "latency_ms": 488, "user_id": "u088", "message": "ok", "trace": {"id": "765120dfba14ba3e"}}
{"@timestamp": "2026-02-09T16:28:10.757513+00:00", "service": {"name": "dummy-backend"}, "log": {"level": "INFO"}, "route": "/profile", "status": 200, "latency_ms": 601, "user_id": "u129", "message": "ok", "trace": {"id": "51b2a04bc4653992"}}
{"@timestamp": "2026-02-09T16:28:11.260968+00:00", "service": {"name": "dummy-backend"}, "log": {"level": "WARN"}, "route": "/login", "status": 200, "latency_ms": 160, "user_id": "u109", "message": "ok", "trace": {"id": "ba195d8b6778656e"}}
{"@timestamp": "2026-02-09T16:28:11.763646+00:00", "service": {"name": "dummy-backend"}, "log": {"level": "INFO"}, "route": "/login", "status": 200, "latency_ms": 1048, "user_id": "u020", "message": "ok", "trace": {"id": "6c0bec1aef686fda"}}
{"@timestamp": "2026-02-09T16:28:12.266405+00:00", "service": {"name": "dummy-backend"}, "log": {"level": "INFO"}, "route": "/search", "status": 200, "latency_ms": 45, "user_id": "u150", "message": "ok", "trace": {"id": "c90233240ea0d41b"}}
{"@timestamp": "2026-02-09T16:28:12.768933+00:00", "service": {"name": "dummy-backend"}, "log": {"level": "INFO"}, "route": "/checkout", "status": 200, "latency_ms": 368, "user_id": "u079", "message": "ok", "trace": {"id": "3bea5457f9b2f5d1"}}
{"@timestamp": "2026-02-09T16:28:13.271627+00:00", "service": {"name": "dummy-backend"}, "log": {"level": "INFO"}, "route": "/search", "status": 200, "latency_ms": 537, "user_id": "u124", "message": "ok", "trace": {"id": "d0588f5d9fc81302"}}
{"@timestamp": "2026-02-09T16:28:13.774069+00:00", "service": {"name": "dummy-backend"}, "log": {"level": "INFO"}, "route": "/login", "status": 200, "latency_ms": 897, "user_id": "u162", "message": "ok", "trace": {"id": "ee24efd7bf6b7b53"}}
{"@timestamp": "2026-02-09T16:28:14.276603+00:00", "service": {"name": "dummy-backend"}, "log": {"level": "INFO"}, "route": "/logout", "status": 200, "latency_ms": 563, "user_id": "u101", "message": "ok", "trace": {"id": "c6e5ffae7c01dee1"}}
{"@timestamp": "2026-02-09T16:28:14.780557+00:00", "service": {"name": "dummy-backend"}, "log": {"level": "INFO"}, "route": "/profile", "status": 200, "latency_ms": 211, "user_id": "u103", "message": "ok", "trace": {"id": "84c4ee0d99eab559"}}
{"@timestamp": "2026-02-09T16:28:15.282747+00:00", "service": {"name": "dummy-backend"}, "log": {"level": "INFO"}, "route": "/login", "status": 200, "latency_ms": 715, "user_id": "u090", "message": "ok", "trace": {"id": "443af9770b95518c"}}
{"@timestamp": "2026-02-09T16:28:15.785581+00:00", "service": {"name": "dummy-backend"}, "log": {"level": "INFO"}, "route": "/search", "status": 200, "latency_ms": 152, "user_id": "u011", "message": "ok", "trace": {"id": "d334dac31906621a"}}
{"@timestamp": "2026-02-09T16:28:16.288295+00:00", "service": {"name": "dummy-backend"}, "log": {"level": "INFO"}, "route": "/profile", "status": 200, "latency_ms": 1060, "user_id": "u015", "message": "ok", "trace": {"id": "add195947eae4854"}}
{"@timestamp": "2026-02-09T16:28:16.790862+00:00", "service": {"name": "dummy-backend"}, "log": {"level": "INFO"}, "route": "/profile", "status": 200, "latency_ms": 808, "user_id": "u052", "message": "ok", "trace": {"id": "76756559487bfcfb"}}
{"@timestamp": "2026-02-09T16:28:17.293486+00:00", "service": {"name": "dummy-backend"}, "log": {"level": "INFO"}, "route": "/profile", "status": 200, "latency_ms": 959, "user_id": "u101", "message": "ok", "trace": {"id": "0040357deef87326"}}
{"@timestamp": "2026-02-09T16:28:17.796586+00:00", "service": {"name": "dummy-backend"}, "log": {"level": "INFO"}, "route": "/checkout", "status": 200, "latency_ms": 966, "user_id": "u185", "message": "ok", "trace": {"id": "19049969202d679e"}}
{"@timestamp": "2026-02-09T16:28:18.299230+00:00", "service": {"name": "dummy-backend"}, "log": {"level": "WARN"}, "route": "/logout", "status": 200, "latency_ms": 988, "user_id": "u055", "message": "ok", "trace": {"id": "ae71159e27400351"}}
{"@timestamp": "2026-02-09T16:28:18.802232+00:00", "service": {"name": "dummy-backend"}, "log": {"level": "INFO"}, "route": "/logout", "status": 200, "latency_ms": 43, "user_id": "u125", "message": "ok", "trace": {"id": "6f224f5cd065d556"}}
{"@timestamp": "2026-02-09T16:28:19.305666+00:00", "service": {"name": "dummy-backend"}, "log": {"level": "INFO"}, "route": "/checkout", "status": 200, "latency_ms": 324, "user_id": "u045", "message": "ok", "trace": {"id": "bc1f43789b9e3300"}}
{"@timestamp": "2026-02-09T16:28:19.809511+00:00", "service": {"name": "dummy-backend"}, "log": {"level": "INFO"}, "route": "/profile", "status": 200, "latency_ms": 1194, "user_id": "u175", "message": "ok", "trace": {"id": "2ef7a020d17d7729"}}
{"@timestamp": "2026-02-09T16:28:20.312039+00:00", "service": {"name": "dummy-backend"}, "log": {"level": "INFO"}, "route": "/search", "status": 200, "latency_ms": 723, "user_id": "u173", "message": "ok", "trace": {"id": "c6062b46163b7043"}}
{"@timestamp": "2026-02-09T16:28:20.814883+00:00", "service": {"name": "dummy-backend"}, "log": {"level": "WARN"}, "route": "/checkout", "status": 422, "latency_ms": 1017, "user_id": "u055", "message": "insufficient_stock", "trace": {"id": "d96b24261a9e540c"}}
{"@timestamp": "2026-02-09T16:28:21.317783+00:00", "service": {"name": "dummy-backend"}, "log": {"level": "INFO"}, "route": "/login", "status": 200, "latency_ms": 481, "user_id": "u169", "message": "ok", "trace": {"id": "7b6dd84d41a20fa4"}}
{"@timestamp": "2026-02-09T16:28:21.820554+00:00", "service": {"name": "dummy-backend"}, "log": {"level": "INFO"}, "route": "/profile", "status": 200, "latency_ms": 333, "user_id": "u122", "message": "ok", "trace": {"id": "d3edd43eafe1ac88"}}
{"@timestamp": "2026-02-09T16:28:22.325183+00:00", "service": {"name": "dummy-backend"}, "log": {"level": "ERROR"}, "route": "/search", "status": 200, "latency_ms": 915, "user_id": "u029", "message": "ok", "trace": {"id": "d2c253e1af386a70"}}
{"@timestamp": "2026-02-09T16:28:22.828320+00:00", "service": {"name": "dummy-backend"}, "log": {"level": "INFO"}, "route": "/profile", "status": 200, "latency_ms": 1185, "user_id": "u057", "message": "ok", "trace": {"id": "b7e0b3cd6a80ab61"}}
{"@timestamp": "2026-02-09T16:28:23.330971+00:00", "service": {"name": "dummy-backend"}, "log": {"level": "INFO"}, "route": "/login", "status": 200, "latency_ms": 278, "user_id": "u041", "message": "ok", "trace": {"id": "6a3a3c356adf1c84"}}
{"@timestamp": "2026-02-09T16:28:23.833604+00:00", "service": {"name": "dummy-backend"}, "log": {"level": "INFO"}, "route": "/profile", "status": 200, "latency_ms": 625, "user_id": "u119", "message": "ok", "trace": {"id": "b449b13c2a10b26b"}}
{"@timestamp": "2026-02-09T16:28:24.336293+00:00", "service": {"name": "dummy-backend"}, "log": {"level": "WARN"}, "route": "/login", "status": 200, "latency_ms": 843, "user_id": "u095", "message": "ok", "trace": {"id": "1e077efeb8046297"}}
{"@timestamp": "2026-02-09T16:28:24.832358+00:00", "service": {"name": "dummy-backend"}, "log": {"level": "INFO"}, "route": "/profile", "status": 200, "latency_ms": 47, "user_id": "u010", "message": "ok", "trace": {"id": "5dcbdbe2d4137e8a"}}
{"@timestamp": "2026-02-09T16:28:25.335363+00:00", "service": {"name": "dummy-backend"}, "log": {"level": "INFO"}, "route": "/logout", "status": 200, "latency_ms": 19, "user_id": "u153", "message": "ok", "trace": {"id": "9eec04d4f60f1053"}}
{"@timestamp": "2026-02-09T16:28:25.838287+00:00", "service": {"name": "dummy-backend"}, "log": {"level": "ERROR"}, "route": "/logout", "status": 200, "latency_ms": 1027, "user_id": "u080", "message": "ok", "trace": {"id": "9926a7e4c0a978bb"}}
{"@timestamp": "2026-02-09T16:28:26.341287+00:00", "service": {"name": "dummy-backend"}, "log": {"level": "WARN"}, "route": "/login", "status": 200, "latency_ms": 20, "user_id": "u138", "message": "ok", "trace": {"id": "060470d80efa558e"}}
{"@timestamp": "2026-02-09T16:28:26.844070+00:00", "service": {"name": "dummy-backend"}, "log": {"level": "INFO"}, "route": "/login", "status": 200, "latency_ms": 236, "user_id": "u120", "message": "ok", "trace": {"id": "a1432aef2eb8c14a"}}
{"@timestamp": "2026-02-09T16:28:27.349300+00:00", "service": {"name": "dummy-backend"}, "log": {"level": "INFO"}, "route": "/checkout", "status": 200, "latency_ms": 245, "user_id": "u065", "message": "ok", "trace": {"id": "5146d88b75f4ec59"}}
{"@timestamp": "2026-02-09T16:28:27.852299+00:00", "service": {"name": "dummy-backend"}, "log": {"level": "INFO"}, "route": "/login", "status": 200, "latency_ms": 792, "user_id": "u069", "message": "ok", "trace": {"id": "23b34217f7c5906b"}}
{"@timestamp": "2026-02-09T16:28:28.354876+00:00", "service": {"name": "dummy-backend"}, "log": {"level": "WARN"}, "route": "/login", "status": 200, "latency_ms": 373, "user_id": "u003", "message": "ok", "trace": {"id": "183da97a0c62ca3e"}}
{"@timestamp": "2026-02-09T16:28:28.857494+00:00", "service": {"name": "dummy-backend"}, "log": {"level": "ERROR"}, "route": "/search", "status": 200, "latency_ms": 360, "user_id": "u117", "message": "ok", "trace": {"id": "184a3385531803f9"}}
{"@timestamp": "2026-02-09T16:28:29.360977+00:00", "service": {"name": "dummy-backend"}, "log": {"level": "INFO"}, "route": "/login", "status": 200, "latency_ms": 493, "user_id": "u095", "message": "ok", "trace": {"id": "4aab49848038bd3a"}}
{"@timestamp": "2026-02-09T16:28:29.863769+00:00", "service": {"name": "dummy-backend"}, "log": {"level": "INFO"}, "route": "/login", "status": 200, "latency_ms": 78, "user_id": "u102", "message": "ok", "trace": {"id": "469954de433c8723"}}
{"@timestamp": "2026-02-09T16:28:30.366223+00:00", "service": {"name": "dummy-backend"}, "log": {"level": "INFO"}, "route": "/checkout", "status": 200, "latency_ms": 187, "user_id": "u129", "message": "ok", "trace": {"id": "f20bd8d2758d7774"}}
{"@timestamp": "2026-02-09T16:28:30.868869+00:00", "service": {"name": "dummy-backend"}, "log": {"level": "INFO"}, "route": "/profile", "status": 200, "latency_ms": 628, "user_id": "u036", "message": "ok", "trace": {"id": "d3939adea1bfdc0b"}}
{"@timestamp": "2026-02-09T16:28:31.371226+00:00", "service": {"name": "dummy-backend"}, "log": {"level": "INFO"}, "route": "/login", "status": 200, "latency_ms": 505, "user_id": "u008", "message": "ok", "trace": {"id": "4cb01a65d929bda4"}}
{"@timestamp": "2026-02-09T16:28:31.873675+00:00", "service": {"name": "dummy-backend"}, "log": {"level": "ERROR"}, "route": "/logout", "status": 200, "latency_ms": 798, "user_id": "u175", "message": "ok", "trace": {"id": "da2507ee481e9b90"}}
{"@timestamp": "2026-02-09T16:28:32.376613+00:00", "service": {"name": "dummy-backend"}, "log": {"level": "INFO"}, "route": "/checkout", "status": 200, "latency_ms": 647, "user_id": "u109", "message": "ok", "trace": {"id": "a03fa6dffe2d5bd8"}}
{"@timestamp": "2026-02-09T16:28:32.879560+00:00", "service": {"name": "dummy-backend"}, "log": {"level": "WARN"}, "route": "/checkout", "status": 422, "latency_ms": 67, "user_id": "u155", "message": "insufficient_stock", "trace": {"id": "5bfc52d55965019f"}}
{"@timestamp": "2026-02-09T16:28:33.383005+00:00", "service": {"name": "dummy-backend"}, "log": {"level": "INFO"}, "route": "/profile", "status": 200, "latency_ms": 908, "user_id": "u070", "message": "ok", "trace": {"id": "dd3c3ecfa9373f36"}}
{"@timestamp": "2026-02-09T16:28:33.886065+00:00", "service": {"name": "dummy-backend"}, "log": {"level": "INFO"}, "route": "/login", "status": 200, "latency_ms": 764, "user_id": "u126", "message": "ok", "trace": {"id": "0617b61dd6d1cf32"}}
{"@timestamp": "2026-02-09T16:28:34.390019+00:00", "service": {"name": "dummy-backend"}, "log": {"level": "INFO"}, "route": "/checkout", "status": 200, "latency_ms": 124, "user_id": "u093", "message": "ok", "trace": {"id": "d1d7c4909f2b4711"}}
{"@timestamp": "2026-02-09T16:28:34.892664+00:00", "service": {"name": "dummy-backend"}, "log": {"level": "INFO"}, "route": "/profile", "status": 200, "latency_ms": 644, "user_id": "u001", "message": "ok", "trace": {"id": "ed54f66f9e5eb394"}}
{"@timestamp": "2026-02-09T16:28:35.395796+00:00", "service": {"name": "dummy-backend"}, "log": {"level": "INFO"}, "route": "/checkout", "status": 200, "latency_ms": 213, "user_id": "u173", "message": "ok", "trace": {"id": "4dc48b4186a7d86b"}}
{"@timestamp": "2026-02-09T16:28:35.898843+00:00", "service": {"name": "dummy-backend"}, "log": {"level": "INFO"}, "route": "/checkout", "status": 200, "latency_ms": 310, "user_id": "u014", "message": "ok", "trace": {"id": "c0701b10d2b61dd0"}}
{"@timestamp": "2026-02-09T16:28:36.402353+00:00", "service": {"name": "dummy-backend"}, "log": {"level": "INFO"}, "route": "/login", "status": 200, "latency_ms": 560, "user_id": "u146", "message": "ok", "trace": {"id": "f1312fde021c42c8"}}
{"@timestamp": "2026-02-09T16:28:36.906226+00:00", "service": {"name": "dummy-backend"}, "log": {"level": "INFO"}, "route": "/checkout", "status": 200, "latency_ms": 704, "user_id": "u195", "message": "ok", "trace": {"id": "9b62075b0e6555b8"}}
{"@timestamp": "2026-02-09T16:28:37.409798+00:00", "service": {"name": "dummy-backend"}, "log": {"level": "INFO"}, "route": "/login", "status": 200, "latency_ms": 96, "user_id": "u120", "message": "ok", "trace": {"id": "253f2c38dff280d2"}}
{"@timestamp": "2026-02-09T16:28:37.912586+00:00", "service": {"name": "dummy-backend"}, "log": {"level": "INFO"}, "route": "/logout", "status": 200, "latency_ms": 782, "user_id": "u193", "message": "ok", "trace": {"id": "07124aac4ff751ce"}}
{"@timestamp": "2026-02-09T16:28:38.415554+00:00", "service": {"name": "dummy-backend"}, "log": {"level": "INFO"}, "route": "/checkout", "status": 200, "latency_ms": 1042, "user_id": "u091", "message": "ok", "trace": {"id": "0c8dab46aa4a0fa2"}}
{"@timestamp": "2026-02-09T16:28:38.919551+00:00", "service": {"name": "dummy-backend"}, "log": {"level": "INFO"}, "route": "/login", "status": 200, "latency_ms": 986, "user_id": "u175", "message": "ok", "trace": {"id": "a595dc743e52590f"}}
{"@timestamp": "2026-02-09T16:28:39.422591+00:00", "service": {"name": "dummy-backend"}, "log": {"level": "INFO"}, "route": "/logout", "status": 200, "latency_ms": 167, "user_id": "u069", "message": "ok", "trace": {"id": "211e1d69cf9cb2ab"}}
{"@timestamp": "2026-02-09T16:28:39.941527+00:00", "service": {"name": "dummy-backend"}, "log": {"level": "INFO"}, "route": "/profile", "status": 200, "latency_ms": 636, "user_id": "u191", "message": "ok", "trace": {"id": "dfeabc9bac01a62b"}}
{"@timestamp": "2026-02-09T16:28:40.443837+00:00", "service": {"name": "dummy-backend"}, "log": {"level": "INFO"}, "route": "/profile", "status": 200, "latency_ms": 1193, "user_id": "u137", "message": "ok", "trace": {"id": "75045844a34228e4"}}
{"@timestamp": "2026-02-09T16:28:40.946920+00:00", "service": {"name": "dummy-backend"}, "log": {"level": "INFO"}, "route": "/profile", "status": 200, "latency_ms": 117, "user_id": "u158", "message": "ok", "trace": {"id": "9944a91ac5ae7aef"}}
{"@timestamp": "2026-02-09T16:28:41.449798+00:00", "service": {"name": "dummy-backend"}, "log": {"level": "INFO"}, "route": "/profile", "status": 200, "latency_ms": 644, "user_id": "u175", "message": "ok", "trace": {"id": "a4d89c84d7c2d5c5"}}
{"@timestamp": "2026-02-09T16:28:41.952763+00:00", "service": {"name": "dummy-backend"}, "log": {"level": "INFO"}, "route": "/login", "status": 200, "latency_ms": 542, "user_id": "u138", "message": "ok", "trace": {"id": "57e2151acefb2133"}}
{"@timestamp": "2026-02-09T16:28:42.457034+00:00", "service": {"name": "dummy-backend"}, "log": {"level": "INFO"}, "route": "/logout", "status": 200, "latency_ms": 635, "user_id": "u046", "message": "ok", "trace": {"id": "be941edc937a2db9"}}
{"@timestamp": "2026-02-09T16:28:42.959996+00:00", "service": {"name": "dummy-backend"}, "log": {"level": "INFO"}, "route": "/profile", "status": 200, "latency_ms": 71, "user_id": "u129", "message": "ok", "trace": {"id": "c671603c786a610d"}}
{"@timestamp": "2026-02-09T16:28:43.462198+00:00", "service": {"name": "dummy-backend"}, "log": {"level": "INFO"}, "route": "/checkout", "status": 200, "latency_ms": 374, "user_id": "u085", "message": "ok", "trace": {"id": "7b75908128e4b38a"}}
{"@timestamp": "2026-02-09T16:28:43.965448+00:00", "service": {"name": "dummy-backend"}, "log": {"level": "WARN"}, "route": "/checkout", "status": 409, "latency_ms": 187, "user_id": "u029", "message": "gateway_error", "trace": {"id": "0512e91ff8ac381e"}}
{"@timestamp": "2026-02-09T16:28:44.467740+00:00", "service": {"name": "dummy-backend"}, "log": {"level": "INFO"}, "route": "/login", "status": 200, "latency_ms": 621, "user_id": "u189", "message": "ok", "trace": {"id": "1a9d350595153719"}}
{"@timestamp": "2026-02-09T16:28:44.970260+00:00", "service": {"name": "dummy-backend"}, "log": {"level": "INFO"}, "route": "/logout", "status": 200, "latency_ms": 392, "user_id": "u080", "message": "ok", "trace": {"id": "ae2d321bc5b332f7"}}
{"@timestamp": "2026-02-09T16:28:45.473428+00:00", "service": {"name": "dummy-backend"}, "log": {"level": "INFO"}, "route": "/search", "status": 200, "latency_ms": 72, "user_id": "u150", "message": "ok", "trace": {"id": "e50f6327cbb68e51"}}
{"@timestamp": "2026-02-09T16:28:45.977595+00:00", "service": {"name": "dummy-backend"}, "log": {"level": "ERROR"}, "route": "/login", "status": 401, "latency_ms": 62, "user_id": "u060", "message": "token_expired", "trace": {"id": "3058ad9bb25bc8f1"}}
{"@timestamp": "2026-02-09T16:28:46.480909+00:00", "service": {"name": "dummy-backend"}, "log": {"level": "INFO"}, "route": "/search", "status": 200, "latency_ms": 453, "user_id": "u064", "message": "ok", "trace": {"id": "d57a577eb42f5785"}}
{"@timestamp": "2026-02-09T16:28:46.983941+00:00", "service": {"name": "dummy-backend"}, "log": {"level": "INFO"}, "route": "/login", "status": 200, "latency_ms": 220, "user_id": "u019", "message": "ok", "trace": {"id": "d30ad36e98666970"}}
{"@timestamp": "2026-02-09T16:28:47.489844+00:00", "service": {"name": "dummy-backend"}, "log": {"level": "INFO"}, "route": "/search", "status": 200, "latency_ms": 1068, "user_id": "u079", "message": "ok", "trace": {"id": "c0e3dab449e9cfae"}}
{"@timestamp": "2026-02-09T16:28:47.993093+00:00", "service": {"name": "dummy-backend"}, "log": {"level": "INFO"}, "route": "/logout", "status": 200, "latency_ms": 38, "user_id": "u121", "message": "ok", "trace": {"id": "fa6233baddfc0fa8"}}
{"@timestamp": "2026-02-09T16:28:48.496828+00:00", "service": {"name": "dummy-backend"}, "log": {"level": "WARN"}, "route": "/logout", "status": 200, "latency_ms": 46, "user_id": "u137", "message": "ok", "trace": {"id": "98c19db3600968f9"}}
{"@timestamp": "2026-02-09T16:28:48.999542+00:00", "service": {"name": "dummy-backend"}, "log": {"level": "INFO"}, "route": "/profile", "status": 200, "latency_ms": 7, "user_id": "u133", "message": "ok", "trace": {"id": "8a9b3427b7fddd1a"}}
{"@timestamp": "2026-02-09T16:28:49.502499+00:00", "service": {"name": "dummy-backend"}, "log": {"level": "INFO"}, "route": "/profile", "status": 200, "latency_ms": 8, "user_id": "u076", "message": "ok", "trace": {"id": "f09f6b1b932fe35f"}}
{"@timestamp": "2026-02-09T16:28:50.004648+00:00", "service": {"name": "dummy-backend"}, "log": {"level": "INFO"}, "route": "/profile", "status": 200, "latency_ms": 354, "user_id": "u154", "message": "ok", "trace": {"id": "d1cea36219d43b20"}}
{"@timestamp": "2026-02-09T16:28:50.506894+00:00", "service": {"name": "dummy-backend"}, "log": {"level": "INFO"}, "route": "/logout", "status": 200, "latency_ms": 810, "user_id": "u012", "message": "ok", "trace": {"id": "c6a6d70aa583ec84"}}
{"@timestamp": "2026-02-09T16:28:51.009386+00:00", "service": {"name": "dummy-backend"}, "log": {"level": "INFO"}, "route": "/profile", "status": 200, "latency_ms": 340, "user_id": "u099", "message": "ok", "trace": {"id": "cf49d674d221200e"}}
{"@timestamp": "2026-02-09T16:28:51.513218+00:00", "service": {"name": "dummy-backend"}, "log": {"level": "WARN"}, "route": "/login", "status": 200, "latency_ms": 982, "user_id": "u183", "message": "ok", "trace": {"id": "e54a33bed949bc2b"}}
{"@timestamp": "2026-02-09T16:28:52.017050+00:00", "service": {"name": "dummy-backend"}, "log": {"level": "INFO"}, "route": "/profile", "status": 200, "latency_ms": 483, "user_id": "u085", "message": "ok", "trace": {"id": "2c7c2057509bf94c"}}
{"@timestamp": "2026-02-09T16:28:52.520113+00:00", "service": {"name": "dummy-backend"}, "log": {"level": "INFO"}, "route": "/logout", "status": 200, "latency_ms": 636, "user_id": "u177", "message": "ok", "trace": {"id": "63a19826d7bc6ae1"}}
{"@timestamp": "2026-02-09T16:28:53.023571+00:00", "service": {"name": "dummy-backend"}, "log": {"level": "INFO"}, "route": "/search", "status": 200, "latency_ms": 349, "user_id": "u136", "message": "ok", "trace": {"id": "cdaf039c0455edd2"}}
{"@timestamp": "2026-02-09T16:28:53.525946+00:00", "service": {"name": "dummy-backend"}, "log": {"level": "INFO"}, "route": "/checkout", "status": 200, "latency_ms": 380, "user_id": "u032", "message": "ok", "trace": {"id": "70e85bfc6132c88f"}}
{"@timestamp": "2026-02-09T16:28:54.030241+00:00", "service": {"name": "dummy-backend"}, "log": {"level": "INFO"}, "route": "/search", "status": 200, "latency_ms": 521, "user_id": "u023", "message": "ok", "trace": {"id": "234270e494f14276"}}
{"@timestamp": "2026-02-09T16:28:54.534253+00:00", "service": {"name": "dummy-backend"}, "log": {"level": "INFO"}, "route": "/logout", "status": 200, "latency_ms": 450, "user_id": "u150", "message": "ok", "trace": {"id": "0ad03d8bc196e1ec"}}
{"@timestamp": "2026-02-09T16:28:55.031231+00:00", "service": {"name": "dummy-backend"}, "log": {"level": "INFO"}, "route": "/checkout", "status": 200, "latency_ms": 45, "user_id": "u012", "message": "ok", "trace": {"id": "237d3d6ebf2b3dec"}}
{"@timestamp": "2026-02-09T16:28:55.533655+00:00", "service": {"name": "dummy-backend"}, "log": {"level": "INFO"}, "route": "/logout", "status": 200, "latency_ms": 195, "user_id": "u058", "message": "ok", "trace": {"id": "0353107364ac08ff"}}
{"@timestamp": "2026-02-09T16:28:56.036573+00:00", "service": {"name": "dummy-backend"}, "log": {"level": "INFO"}, "route": "/logout", "status": 200, "latency_ms": 772, "user_id": "u120", "message": "ok", "trace": {"id": "aa07f2bb4f04077e"}}
{"@timestamp": "2026-02-09T16:28:56.539519+00:00", "service": {"name": "dummy-backend"}, "log": {"level": "WARN"}, "route": "/checkout", "status": 500, "latency_ms": 706, "user_id": "u072", "message": "insufficient_stock", "trace": {"id": "61788bb95d08cfda"}}
{"@timestamp": "2026-02-09T16:28:57.042542+00:00", "service": {"name": "dummy-backend"}, "log": {"level": "WARN"}, "route": "/checkout", "status": 422, "latency_ms": 553, "user_id": "u024", "message": "payment_retry", "trace": {"id": "dee9f965ab39059b"}}
{"@timestamp": "2026-02-09T16:28:57.545141+00:00", "service": {"name": "dummy-backend"}, "log": {"level": "INFO"}, "route": "/profile", "status": 200, "latency_ms": 987, "user_id": "u102", "message": "ok", "trace": {"id": "2430af45a9732e4f"}}
{"@timestamp": "2026-02-09T16:28:58.052457+00:00", "service": {"name": "dummy-backend"}, "log": {"level": "INFO"}, "route": "/search", "status": 200, "latency_ms": 208, "user_id": "u174", "message": "ok", "trace": {"id": "bba7f90935f6b5e2"}}
{"@timestamp": "2026-02-09T16:28:58.556221+00:00", "service": {"name": "dummy-backend"}, "log": {"level": "INFO"}, "route": "/search", "status": 200, "latency_ms": 452, "user_id": "u040", "message": "ok", "trace": {"id": "eb0df4b66f9afc6a"}}
{"@timestamp": "2026-02-09T16:28:59.063127+00:00", "service": {"name": "dummy-backend"}, "log": {"level": "INFO"}, "route": "/login", "status": 200, "latency_ms": 1171, "user_id": "u184", "message": "ok", "trace": {"id": "b91a19c63d5eeded"}}
{"@timestamp": "2026-02-09T16:28:59.565420+00:00", "service": {"name": "dummy-backend"}, "log": {"level": "WARN"}, "route": "/search", "status": 200, "latency_ms": 53, "user_id": "u063", "message": "ok", "trace": {"id": "fb19bd20a7a4541c"}}
{"@timestamp": "2026-02-09T16:29:00.068353+00:00", "service": {"name": "dummy-backend"}, "log": {"level": "INFO"}, "route": "/logout", "status": 200, "latency_ms": 239, "user_id": "u029", "message": "ok", "trace": {"id": "2b0bb0b0a03a51ba"}}
{"@timestamp": "2026-02-09T16:29:00.572016+00:00", "service": {"name": "dummy-backend"}, "log": {"level": "INFO"}, "route": "/search", "status": 200, "latency_ms": 1128, "user_id": "u061", "message": "ok", "trace": {"id": "8a2a13ef7fc61979"}}
{"@timestamp": "2026-02-09T16:29:01.074599+00:00", "service": {"name": "dummy-backend"}, "log": {"level": "INFO"}, "route": "/logout", "status": 200, "latency_ms": 638, "user_id": "u053", "message": "ok", "trace": {"id": "1d90dda28d7a5077"}}
{"@timestamp": "2026-02-09T16:29:01.577149+00:00", "service": {"name": "dummy-backend"}, "log": {"level": "ERROR"}, "route": "/logout", "status": 200, "latency_ms": 857, "user_id": "u094", "message": "ok", "trace": {"id": "7234d08a2a0dfffa"}}
{"@timestamp": "2026-02-09T16:29:02.079755+00:00", "service": {"name": "dummy-backend"}, "log": {"level": "INFO"}, "route": "/login", "status": 200, "latency_ms": 1040, "user_id": "u055", "message": "ok", "trace": {"id": "46b2f5b847dadfd5"}}
{"@timestamp": "2026-02-09T16:29:02.582741+00:00", "service": {"name": "dummy-backend"}, "log": {"level": "INFO"}, "route": "/logout", "status": 200, "latency_ms": 959, "user_id": "u046", "message": "ok", "trace": {"id": "09c4f57649c75a1d"}}
{"@timestamp": "2026-02-09T16:29:03.086082+00:00", "service": {"name": "dummy-backend"}, "log": {"level": "ERROR"}, "route": "/search", "status": 200, "latency_ms": 937, "user_id": "u115", "message": "ok", "trace": {"id": "8048ff4d769e8da9"}}
{"@timestamp": "2026-02-09T16:29:03.588687+00:00", "service": {"name": "dummy-backend"}, "log": {"level": "INFO"}, "route": "/logout", "status": 200, "latency_ms": 632, "user_id": "u132", "message": "ok", "trace": {"id": "45e81684826ec1cd"}}
{"@timestamp": "2026-02-09T16:29:04.091372+00:00", "service": {"name": "dummy-backend"}, "log": {"level": "INFO"}, "route": "/checkout", "status": 200, "latency_ms": 468, "user_id": "u186", "message": "ok", "trace": {"id": "0692317150c0c5f7"}}
{"@timestamp": "2026-02-09T16:29:04.594056+00:00", "service": {"name": "dummy-backend"}, "log": {"level": "INFO"}, "route": "/checkout", "status": 200, "latency_ms": 55, "user_id": "u183", "message": "ok", "trace": {"id": "7f0aa5bce1e9ce0c"}}
{"@timestamp": "2026-02-09T16:29:05.096767+00:00", "service": {"name": "dummy-backend"}, "log": {"level": "INFO"}, "route": "/search", "status": 200, "latency_ms": 974, "user_id": "u049", "message": "ok", "trace": {"id": "c1d640c8666a8858"}}
{"@timestamp": "2026-02-09T16:29:05.599849+00:00", "service": {"name": "dummy-backend"}, "log": {"level": "INFO"}, "route": "/checkout", "status": 200, "latency_ms": 433, "user_id": "u057", "message": "ok", "trace": {"id": "b9dbde6c9d51230c"}}
{"@timestamp": "2026-02-09T16:29:06.103590+00:00", "service": {"name": "dummy-backend"}, "log": {"level": "WARN"}, "route": "/login", "status": 200, "latency_ms": 420, "user_id": "u144", "message": "ok", "trace": {"id": "73132d1f2af5067f"}}
{"@timestamp": "2026-02-09T16:29:06.606517+00:00", "service": {"name": "dummy-backend"}, "log": {"level": "INFO"}, "route": "/logout", "status": 200, "latency_ms": 65, "user_id": "u161", "message": "ok", "trace": {"id": "17d547a5810bd74b"}}
{"@timestamp": "2026-02-09T16:29:07.109143+00:00", "service": {"name": "dummy-backend"}, "log": {"level": "INFO"}, "route": "/search", "status": 200, "latency_ms": 352, "user_id": "u190", "message": "ok", "trace": {"id": "f791ea4bd30532cc"}}
{"@timestamp": "2026-02-09T16:29:07.611699+00:00", "service": {"name": "dummy-backend"}, "log": {"level": "INFO"}, "route": "/profile", "status": 200, "latency_ms": 1115, "user_id": "u133", "message": "ok", "trace": {"id": "ce7b84e3b38f0777"}}
{"@timestamp": "2026-02-09T16:29:08.114091+00:00", "service": {"name": "dummy-backend"}, "log": {"level": "INFO"}, "route": "/logout", "status": 200, "latency_ms": 127, "user_id": "u190", "message": "ok", "trace": {"id": "693b74fda5ba3176"}}
{"@timestamp": "2026-02-09T16:29:08.617124+00:00", "service": {"name": "dummy-backend"}, "log": {"level": "INFO"}, "route": "/checkout", "status": 200, "latency_ms": 1196, "user_id": "u170", "message": "ok", "trace": {"id": "98ff0f912cb91f4a"}}
{"@timestamp": "2026-02-09T16:29:09.120244+00:00", "service": {"name": "dummy-backend"}, "log": {"level": "INFO"}, "route": "/checkout", "status": 200, "latency_ms": 886, "user_id": "u152", "message": "ok", "trace": {"id": "bc81847c299e08d4"}}
{"@timestamp": "2026-02-09T16:29:09.622983+00:00", "service": {"name": "dummy-backend"}, "log": {"level": "INFO"}, "route": "/login", "status": 200, "latency_ms": 956, "user_id": "u143", "message": "ok", "trace": {"id": "cf40922aaac950e1"}}
{"@timestamp": "2026-02-09T16:29:10.126882+00:00", "service": {"name": "dummy-backend"}, "log": {"level": "INFO"}, "route": "/logout", "status": 200, "latency_ms": 238, "user_id": "u193", "message": "ok", "trace": {"id": "60de140c3458dbb6"}}
{"@timestamp": "2026-02-09T16:29:10.630343+00:00", "service": {"name": "dummy-backend"}, "log": {"level": "INFO"}, "route": "/search", "status": 200, "latency_ms": 362, "user_id": "u159", "message": "ok", "trace": {"id": "e16e801f63e85d4a"}}
{"@timestamp": "2026-02-09T16:29:11.132896+00:00", "service": {"name": "dummy-backend"}, "log": {"level": "INFO"}, "route": "/checkout", "status": 200, "latency_ms": 76, "user_id": "u074", "message": "ok", "trace": {"id": "6c1bd8648e7631d8"}}
{"@timestamp": "2026-02-09T16:29:11.635395+00:00", "service": {"name": "dummy-backend"}, "log": {"level": "INFO"}, "route": "/login", "status": 200, "latency_ms": 544, "user_id": "u120", "message": "ok", "trace": {"id": "c148f9446d9c5372"}}
{"@timestamp": "2026-02-09T16:29:12.137628+00:00", "service": {"name": "dummy-backend"}, "log": {"level": "INFO"}, "route": "/profile", "status": 200, "latency_ms": 559, "user_id": "u046", "message": "ok", "trace": {"id": "8dd7129ab0d43b78"}}
{"@timestamp": "2026-02-09T16:29:12.640658+00:00", "service": {"name": "dummy-backend"}, "log": {"level": "INFO"}, "route": "/logout", "status": 200, "latency_ms": 629, "user_id": "u043", "message": "ok", "trace": {"id": "f2aa49c90d87f91c"}}
{"@timestamp": "2026-02-09T16:29:13.147371+00:00", "service": {"name": "dummy-backend"}, "log": {"level": "INFO"}, "route": "/profile", "status": 200, "latency_ms": 914, "user_id": "u174", "message": "ok", "trace": {"id": "4b92ca7aeddd88c5"}}
{"@timestamp": "2026-02-09T16:29:13.649805+00:00", "service": {"name": "dummy-backend"}, "log": {"level": "INFO"}, "route": "/checkout", "status": 200, "latency_ms": 78, "user_id": "u128", "message": "ok", "trace": {"id": "2fe2de52db3f9b76"}}
{"@timestamp": "2026-02-09T16:29:14.153134+00:00", "service": {"name": "dummy-backend"}, "log": {"level": "INFO"}, "route": "/logout", "status": 200, "latency_ms": 348, "user_id": "u073", "message": "ok", "trace": {"id": "8ab37b0534cb782f"}}
{"@timestamp": "2026-02-09T16:29:14.656139+00:00", "service": {"name": "dummy-backend"}, "log": {"level": "INFO"}, "route": "/logout", "status": 200, "latency_ms": 749, "user_id": "u165", "message": "ok", "trace": {"id": "967d272be5864742"}}
{"@timestamp": "2026-02-09T16:29:15.159203+00:00", "service": {"name": "dummy-backend"}, "log": {"level": "WARN"}, "route": "/checkout", "status": 422, "latency_ms": 535, "user_id": "u120", "message": "insufficient_stock", "trace": {"id": "3cb0e8ba130b6476"}}
{"@timestamp": "2026-02-09T16:29:15.661664+00:00", "service": {"name": "dummy-backend"}, "log": {"level": "INFO"}, "route": "/checkout", "status": 200, "latency_ms": 392, "user_id": "u174", "message": "ok", "trace": {"id": "dce17532d54435b9"}}
{"@timestamp": "2026-02-09T16:29:16.164027+00:00", "service": {"name": "dummy-backend"}, "log": {"level": "INFO"}, "route": "/checkout", "status": 200, "latency_ms": 954, "user_id": "u126", "message": "ok", "trace": {"id": "a52d195255c8a1f5"}}
{"@timestamp": "2026-02-09T16:29:16.667620+00:00", "service": {"name": "dummy-backend"}, "log": {"level": "INFO"}, "route": "/login", "status": 200, "latency_ms": 627, "user_id": "u042", "message": "ok", "trace": {"id": "8bdf7a4af141b7e7"}}
{"@timestamp": "2026-02-09T16:29:17.170875+00:00", "service": {"name": "dummy-backend"}, "log": {"level": "INFO"}, "route": "/logout", "status": 200, "latency_ms": 716, "user_id": "u058", "message": "ok", "trace": {"id": "15c315e09a914f31"}}
{"@timestamp": "2026-02-09T16:29:17.673466+00:00", "service": {"name": "dummy-backend"}, "log": {"level": "INFO"}, "route": "/search", "status": 200, "latency_ms": 789, "user_id": "u132", "message": "ok", "trace": {"id": "12a5bfb68cbd979a"}}
{"@timestamp": "2026-02-09T16:29:18.176512+00:00", "service": {"name": "dummy-backend"}, "log": {"level": "INFO"}, "route": "/login", "status": 200, "latency_ms": 53, "user_id": "u079", "message": "ok", "trace": {"id": "0cb1e816f2166a90"}}
{"@timestamp": "2026-02-09T16:29:18.678922+00:00", "service": {"name": "dummy-backend"}, "log": {"level": "INFO"}, "route": "/logout", "status": 200, "latency_ms": 1138, "user_id": "u105", "message": "ok", "trace": {"id": "f92ff705e63cc296"}}
{"@timestamp": "2026-02-09T16:29:19.182984+00:00", "service": {"name": "dummy-backend"}, "log": {"level": "INFO"}, "route": "/checkout", "status": 200, "latency_ms": 554, "user_id": "u098", "message": "ok", "trace": {"id": "c4d99024e3ad2607"}}
{"@timestamp": "2026-02-09T16:29:19.686837+00:00", "service": {"name": "dummy-backend"}, "log": {"level": "INFO"}, "route": "/checkout", "status": 200, "latency_ms": 875, "user_id": "u089", "message": "ok", "trace": {"id": "1f8f846a27771ed2"}}
{"@timestamp": "2026-02-09T16:29:20.190502+00:00", "service": {"name": "dummy-backend"}, "log": {"level": "INFO"}, "route": "/profile", "status": 200, "latency_ms": 192, "user_id": "u082", "message": "ok", "trace": {"id": "468740f0bf38dc79"}}
{"@timestamp": "2026-02-09T16:29:20.692817+00:00", "service": {"name": "dummy-backend"}, "log": {"level": "INFO"}, "route": "/checkout", "status": 200, "latency_ms": 550, "user_id": "u186", "message": "ok", "trace": {"id": "45e1e3269eeae681"}}
{"@timestamp": "2026-02-09T16:29:21.196031+00:00", "service": {"name": "dummy-backend"}, "log": {"level": "INFO"}, "route": "/checkout", "status": 200, "latency_ms": 709, "user_id": "u161", "message": "ok", "trace": {"id": "bf987704de776483"}}
{"@timestamp": "2026-02-09T16:29:21.699316+00:00", "service": {"name": "dummy-backend"}, "log": {"level": "INFO"}, "route": "/logout", "status": 200, "latency_ms": 1035, "user_id": "u140", "message": "ok", "trace": {"id": "0bf73c51e2c0bb1a"}}
{"@timestamp": "2026-02-09T16:29:22.202864+00:00", "service": {"name": "dummy-backend"}, "log": {"level": "INFO"}, "route": "/logout", "status": 200, "latency_ms": 816, "user_id": "u161", "message": "ok", "trace": {"id": "aa16c90fc675b296"}}
{"@timestamp": "2026-02-09T16:29:22.706243+00:00", "service": {"name": "dummy-backend"}, "log": {"level": "INFO"}, "route": "/search", "status": 200, "latency_ms": 1194, "user_id": "u001", "message": "ok", "trace": {"id": "6a5d9ea386bdc74d"}}
{"@timestamp": "2026-02-09T16:29:23.209005+00:00", "service": {"name": "dummy-backend"}, "log": {"level": "INFO"}, "route": "/profile", "status": 200, "latency_ms": 1076, "user_id": "u128", "message": "ok", "trace": {"id": "396e869ae14d0abb"}}
{"@timestamp": "2026-02-09T16:29:23.712582+00:00", "service": {"name": "dummy-backend"}, "log": {"level": "INFO"}, "route": "/profile", "status": 200, "latency_ms": 203, "user_id": "u026", "message": "ok", "trace": {"id": "7256336120879631"}}
{"@timestamp": "2026-02-09T16:29:24.215647+00:00", "service": {"name": "dummy-backend"}, "log": {"level": "INFO"}, "route": "/login", "status": 200, "latency_ms": 1156, "user_id": "u134", "message": "ok", "trace": {"id": "f3c62edb46390522"}}
{"@timestamp": "2026-02-09T16:29:24.718383+00:00", "service": {"name": "dummy-backend"}, "log": {"level": "INFO"}, "route": "/checkout", "status": 200, "latency_ms": 851, "user_id": "u185", "message": "ok", "trace": {"id": "21e6c9d75b82c2cf"}}
{"@timestamp": "2026-02-09T16:29:25.216611+00:00", "service": {"name": "dummy-backend"}, "log": {"level": "ERROR"}, "route": "/profile", "status": 200, "latency_ms": 1074, "user_id": "u171", "message": "ok", "trace": {"id": "4566527af56120a2"}}
{"@timestamp": "2026-02-09T16:29:25.719075+00:00", "service": {"name": "dummy-backend"}, "log": {"level": "ERROR"}, "route": "/profile", "status": 200, "latency_ms": 23, "user_id": "u022", "message": "ok", "trace": {"id": "1f7fbaa1a7b94a68"}}
{"@timestamp": "2026-02-09T16:29:26.221901+00:00", "service": {"name": "dummy-backend"}, "log": {"level": "INFO"}, "route": "/checkout", "status": 200, "latency_ms": 1170, "user_id": "u101", "message": "ok", "trace": {"id": "247b12be22c7ad4b"}}
{"@timestamp": "2026-02-09T16:29:26.724887+00:00", "service": {"name": "dummy-backend"}, "log": {"level": "INFO"}, "route": "/checkout", "status": 200, "latency_ms": 1009, "user_id": "u004", "message": "ok", "trace": {"id": "83d0774c5d034d86"}}
{"@timestamp": "2026-02-09T16:29:27.227127+00:00", "service": {"name": "dummy-backend"}, "log": {"level": "INFO"}, "route": "/profile", "status": 200, "latency_ms": 440, "user_id": "u044", "message": "ok", "trace": {"id": "8ddb8f37c7028c21"}}
{"@timestamp": "2026-02-09T16:29:27.730172+00:00", "service": {"name": "dummy-backend"}, "log": {"level": "INFO"}, "route": "/checkout", "status": 200, "latency_ms": 884, "user_id": "u117", "message": "ok", "trace": {"id": "032f016ff04e0dbc"}}
{"@timestamp": "2026-02-09T16:29:28.233372+00:00", "service": {"name": "dummy-backend"}, "log": {"level": "INFO"}, "route": "/search", "status": 200, "latency_ms": 588, "user_id": "u165", "message": "ok", "trace": {"id": "2f34a2b202e664a8"}}
{"@timestamp": "2026-02-09T16:29:28.736107+00:00", "service": {"name": "dummy-backend"}, "log": {"level": "INFO"}, "route": "/search", "status": 200, "latency_ms": 519, "user_id": "u131", "message": "ok", "trace": {"id": "f0c548436cb26e52"}}
{"@timestamp": "2026-02-09T16:29:29.240251+00:00", "service": {"name": "dummy-backend"}, "log": {"level": "INFO"}, "route": "/login", "status": 200, "latency_ms": 775, "user_id": "u155", "message": "ok", "trace": {"id": "2444915d7d5a4c6a"}}
{"@timestamp": "2026-02-09T16:29:29.743865+00:00", "service": {"name": "dummy-backend"}, "log": {"level": "INFO"}, "route": "/profile", "status": 200, "latency_ms": 192, "user_id": "u036", "message": "ok", "trace": {"id": "d21f812543b143c8"}}
{"@timestamp": "2026-02-09T16:29:30.246402+00:00", "service": {"name": "dummy-backend"}, "log": {"level": "INFO"}, "route": "/logout", "status": 200, "latency_ms": 890, "user_id": "u042", "message": "ok", "trace": {"id": "2b2794d3566b9b95"}}
{"@timestamp": "2026-02-09T16:29:30.748927+00:00", "service": {"name": "dummy-backend"}, "log": {"level": "INFO"}, "route": "/login", "status": 200, "latency_ms": 344, "user_id": "u074", "message": "ok", "trace": {"id": "db6d5804e7d847c6"}}
{"@timestamp": "2026-02-09T16:29:31.251915+00:00", "service": {"name": "dummy-backend"}, "log": {"level": "INFO"}, "route": "/checkout", "status": 200, "latency_ms": 255, "user_id": "u152", "message": "ok", "trace": {"id": "9eaeaf0197947cef"}}
{"@timestamp": "2026-02-09T16:29:31.755923+00:00", "service": {"name": "dummy-backend"}, "log": {"level": "INFO"}, "route": "/login", "status": 200, "latency_ms": 752, "user_id": "u072", "message": "ok", "trace": {"id": "de8114ef84119c93"}}
{"@timestamp": "2026-02-09T16:29:32.259128+00:00", "service": {"name": "dummy-backend"}, "log": {"level": "INFO"}, "route": "/logout", "status": 200, "latency_ms": 1096, "user_id": "u024", "message": "ok", "trace": {"id": "0748892468fd9087"}}
{"@timestamp": "2026-02-09T16:29:32.763173+00:00", "service": {"name": "dummy-backend"}, "log": {"level": "INFO"}, "route": "/search", "status": 200, "latency_ms": 420, "user_id": "u092", "message": "ok", "trace": {"id": "6f881c9164fe1e79"}}
{"@timestamp": "2026-02-09T16:29:33.265993+00:00", "service": {"name": "dummy-backend"}, "log": {"level": "WARN"}, "route": "/logout", "status": 200, "latency_ms": 502, "user_id": "u180", "message": "ok", "trace": {"id": "d900175beeb88273"}}
{"@timestamp": "2026-02-09T16:29:33.769389+00:00", "service": {"name": "dummy-backend"}, "log": {"level": "INFO"}, "route": "/search", "status": 200, "latency_ms": 351, "user_id": "u034", "message": "ok", "trace": {"id": "ce380c8344f08e2e"}}
{"@timestamp": "2026-02-09T16:29:34.275473+00:00", "service": {"name": "dummy-backend"}, "log": {"level": "WARN"}, "route": "/logout", "status": 200, "latency_ms": 1113, "user_id": "u111", "message": "ok", "trace": {"id": "98e31f64f6ca3d43"}}
{"@timestamp": "2026-02-09T16:29:34.779221+00:00", "service": {"name": "dummy-backend"}, "log": {"level": "INFO"}, "route": "/profile", "status": 200, "latency_ms": 243, "user_id": "u131", "message": "ok", "trace": {"id": "de82292470e1ceae"}}
{"@timestamp": "2026-02-09T16:29:35.281757+00:00", "service": {"name": "dummy-backend"}, "log": {"level": "WARN"}, "route": "/profile", "status": 200, "latency_ms": 803, "user_id": "u136", "message": "ok", "trace": {"id": "5ab212cf4fb9ec14"}}
{"@timestamp": "2026-02-09T16:29:35.786052+00:00", "service": {"name": "dummy-backend"}, "log": {"level": "INFO"}, "route": "/profile", "status": 200, "latency_ms": 935, "user_id": "u047", "message": "ok", "trace": {"id": "036792370a14d7d9"}}
{"@timestamp": "2026-02-09T16:29:36.289186+00:00", "service": {"name": "dummy-backend"}, "log": {"level": "INFO"}, "route": "/search", "status": 200, "latency_ms": 760, "user_id": "u028", "message": "ok", "trace": {"id": "b827f68df35f8910"}}
{"@timestamp": "2026-02-09T16:29:36.792388+00:00", "service": {"name": "dummy-backend"}, "log": {"level": "INFO"}, "route": "/checkout", "status": 200, "latency_ms": 254, "user_id": "u080", "message": "ok", "trace": {"id": "d734ed6f0b98dbe9"}}
{"@timestamp": "2026-02-09T16:29:37.295366+00:00", "service": {"name": "dummy-backend"}, "log": {"level": "INFO"}, "route": "/search", "status": 200, "latency_ms": 397, "user_id": "u178", "message": "ok", "trace": {"id": "04218a2e26cc3d6c"}}
{"@timestamp": "2026-02-09T16:29:37.799205+00:00", "service": {"name": "dummy-backend"}, "log": {"level": "INFO"}, "route": "/search", "status": 200, "latency_ms": 354, "user_id": "u045", "message": "ok", "trace": {"id": "55f059f3a3195471"}}
{"@timestamp": "2026-02-09T16:29:38.301932+00:00", "service": {"name": "dummy-backend"}, "log": {"level": "ERROR"}, "route": "/checkout", "status": 500, "latency_ms": 109, "user_id": "u102", "message": "payment_retry", "trace": {"id": "d0aa869a0d707d62"}}
{"@timestamp": "2026-02-09T16:29:38.804957+00:00", "service": {"name": "dummy-backend"}, "log": {"level": "INFO"}, "route": "/logout", "status": 200, "latency_ms": 128, "user_id": "u059", "message": "ok", "trace": {"id": "5373406e6d79db9d"}}
{"@timestamp": "2026-02-09T16:29:39.307886+00:00", "service": {"name": "dummy-backend"}, "log": {"level": "INFO"}, "route": "/search", "status": 200, "latency_ms": 544, "user_id": "u190", "message": "ok", "trace": {"id": "4cda90a8c183f1b0"}}
{"@timestamp": "2026-02-09T16:29:39.811585+00:00", "service": {"name": "dummy-backend"}, "log": {"level": "INFO"}, "route": "/logout", "status": 200, "latency_ms": 389, "user_id": "u101", "message": "ok", "trace": {"id": "d8b84f2d738692ad"}}
{"@timestamp": "2026-02-09T16:29:40.314895+00:00", "service": {"name": "dummy-backend"}, "log": {"level": "INFO"}, "route": "/logout", "status": 200, "latency_ms": 121, "user_id": "u096", "message": "ok", "trace": {"id": "50239670200794e6"}}
{"@timestamp": "2026-02-09T16:29:40.818699+00:00", "service": {"name": "dummy-backend"}, "log": {"level": "INFO"}, "route": "/logout", "status": 200, "latency_ms": 663, "user_id": "u108", "message": "ok", "trace": {"id": "9b7988d0b16b9c8f"}}
{"@timestamp": "2026-02-09T16:29:41.320384+00:00", "service": {"name": "dummy-backend"}, "log": {"level": "INFO"}, "route": "/checkout", "status": 200, "latency_ms": 148, "user_id": "u104", "message": "ok", "trace": {"id": "0fefbdb8c4825964"}}
{"@timestamp": "2026-02-09T16:29:41.823015+00:00", "service": {"name": "dummy-backend"}, "log": {"level": "WARN"}, "route": "/checkout", "status": 422, "latency_ms": 103, "user_id": "u059", "message": "gateway_error", "trace": {"id": "08f2cf056835b057"}}
{"@timestamp": "2026-02-09T16:29:42.326436+00:00", "service": {"name": "dummy-backend"}, "log": {"level": "INFO"}, "route": "/login", "status": 200, "latency_ms": 945, "user_id": "u045", "message": "ok", "trace": {"id": "5dd253e4d0d44de1"}}
{"@timestamp": "2026-02-09T16:29:42.828976+00:00", "service": {"name": "dummy-backend"}, "log": {"level": "INFO"}, "route": "/profile", "status": 200, "latency_ms": 1125, "user_id": "u086", "message": "ok", "trace": {"id": "023230c057b7f3e1"}}
{"@timestamp": "2026-02-09T16:29:43.331873+00:00", "service": {"name": "dummy-backend"}, "log": {"level": "ERROR"}, "route": "/login", "status": 403, "latency_ms": 278, "user_id": "u142", "message": "token_expired", "trace": {"id": "97c248bd8b6634f1"}}
{"@timestamp": "2026-02-09T16:29:43.836069+00:00", "service": {"name": "dummy-backend"}, "log": {"level": "WARN"}, "route": "/checkout", "status": 500, "latency_ms": 1083, "user_id": "u066", "message": "insufficient_stock", "trace": {"id": "286680109312436c"}}
{"@timestamp": "2026-02-09T16:29:44.338650+00:00", "service": {"name": "dummy-backend"}, "log": {"level": "ERROR"}, "route": "/logout", "status": 200, "latency_ms": 1118, "user_id": "u195", "message": "ok", "trace": {"id": "6a4b787b119fa480"}}
{"@timestamp": "2026-02-09T16:29:44.841316+00:00", "service": {"name": "dummy-backend"}, "log": {"level": "INFO"}, "route": "/logout", "status": 200, "latency_ms": 530, "user_id": "u090", "message": "ok", "trace": {"id": "8ce06d6444c96861"}}
{"@timestamp": "2026-02-09T16:29:45.344234+00:00", "service": {"name": "dummy-backend"}, "log": {"level": "ERROR"}, "route": "/profile", "status": 200, "latency_ms": 766, "user_id": "u085", "message": "ok", "trace": {"id": "01fd7a80290e1600"}}
{"@timestamp": "2026-02-09T16:29:45.847031+00:00", "service": {"name": "dummy-backend"}, "log": {"level": "WARN"}, "route": "/checkout", "status": 500, "latency_ms": 1087, "user_id": "u104", "message": "gateway_error", "trace": {"id": "7cb3be84d1d091c9"}}
{"@timestamp": "2026-02-09T16:29:46.349799+00:00", "service": {"name": "dummy-backend"}, "log": {"level": "INFO"}, "route": "/login", "status": 200, "latency_ms": 243, "user_id": "u104", "message": "ok", "trace": {"id": "d83ce0f20d2ff7c9"}}
{"@timestamp": "2026-02-09T16:29:46.853113+00:00", "service": {"name": "dummy-backend"}, "log": {"level": "INFO"}, "route": "/logout", "status": 200, "latency_ms": 1167, "user_id": "u200", "message": "ok", "trace": {"id": "13dab178dd09fe5a"}}
{"@timestamp": "2026-02-09T16:29:47.355977+00:00", "service": {"name": "dummy-backend"}, "log": {"level": "INFO"}, "route": "/checkout", "status": 200, "latency_ms": 878, "user_id": "u092", "message": "ok", "trace": {"id": "ed58282320abd004"}}
{"@timestamp": "2026-02-09T16:29:47.858522+00:00", "service": {"name": "dummy-backend"}, "log": {"level": "INFO"}, "route": "/login", "status": 200, "latency_ms": 18, "user_id": "u016", "message": "ok", "trace": {"id": "372a2dd2081e8dc1"}}
{"@timestamp": "2026-02-09T16:29:48.361086+00:00", "service": {"name": "dummy-backend"}, "log": {"level": "INFO"}, "route": "/login", "status": 200, "latency_ms": 274, "user_id": "u159", "message": "ok", "trace": {"id": "1b7813fcfb08e152"}}
{"@timestamp": "2026-02-09T16:29:48.863431+00:00", "service": {"name": "dummy-backend"}, "log": {"level": "INFO"}, "route": "/checkout", "status": 200, "latency_ms": 315, "user_id": "u058", "message": "ok", "trace": {"id": "db3a4cda73de9d0d"}}
{"@timestamp": "2026-02-09T16:29:49.366125+00:00", "service": {"name": "dummy-backend"}, "log": {"level": "INFO"}, "route": "/profile", "status": 200, "latency_ms": 864, "user_id": "u067", "message": "ok", "trace": {"id": "a63b702829b78df8"}}
{"@timestamp": "2026-02-09T16:29:49.868670+00:00", "service": {"name": "dummy-backend"}, "log": {"level": "INFO"}, "route": "/login", "status": 200, "latency_ms": 315, "user_id": "u016", "message": "ok", "trace": {"id": "3d368a97f0326e02"}}
{"@timestamp": "2026-02-09T16:29:50.371625+00:00", "service": {"name": "dummy-backend"}, "log": {"level": "INFO"}, "route": "/checkout", "status": 200, "latency_ms": 360, "user_id": "u006", "message": "ok", "trace": {"id": "f916c574e85d59b3"}}
{"@timestamp": "2026-02-09T16:29:50.874635+00:00", "service": {"name": "dummy-backend"}, "log": {"level": "INFO"}, "route": "/logout", "status": 200, "latency_ms": 990, "user_id": "u083", "message": "ok", "trace": {"id": "8e5e6d9ec79b39ee"}}
{"@timestamp": "2026-02-09T16:29:51.377276+00:00", "service": {"name": "dummy-backend"}, "log": {"level": "INFO"}, "route": "/logout", "status": 200, "latency_ms": 552, "user_id": "u110", "message": "ok", "trace": {"id": "494b7e55ec9ea7ad"}}
{"@timestamp": "2026-02-09T16:29:51.880876+00:00", "service": {"name": "dummy-backend"}, "log": {"level": "INFO"}, "route": "/checkout", "status": 200, "latency_ms": 566, "user_id": "u191", "message": "ok", "trace": {"id": "4ceef54a3fe53813"}}
{"@timestamp": "2026-02-09T16:29:52.383525+00:00", "service": {"name": "dummy-backend"}, "log": {"level": "WARN"}, "route": "/checkout", "status": 500, "latency_ms": 418, "user_id": "u153", "message": "payment_retry", "trace": {"id": "db271fdae2f739a7"}}
{"@timestamp": "2026-02-09T16:29:52.886441+00:00", "service": {"name": "dummy-backend"}, "log": {"level": "INFO"}, "route": "/checkout", "status": 200, "latency_ms": 502, "user_id": "u064", "message": "ok", "trace": {"id": "d676df0c9d2be8e3"}}
{"@timestamp": "2026-02-09T16:29:53.390037+00:00", "service": {"name": "dummy-backend"}, "log": {"level": "WARN"}, "route": "/login", "status": 200, "latency_ms": 443, "user_id": "u155", "message": "ok", "trace": {"id": "7782db345afa0fca"}}
{"@timestamp": "2026-02-09T16:29:53.894883+00:00", "service": {"name": "dummy-backend"}, "log": {"level": "INFO"}, "route": "/checkout", "status": 200, "latency_ms": 810, "user_id": "u189", "message": "ok", "trace": {"id": "90a331f94c5db80e"}}
{"@timestamp": "2026-02-09T16:29:54.399183+00:00", "service": {"name": "dummy-backend"}, "log": {"level": "INFO"}, "route": "/checkout", "status": 200, "latency_ms": 641, "user_id": "u070", "message": "ok", "trace": {"id": "203563ab6d6b6f4e"}}
{"@timestamp": "2026-02-09T16:29:54.893966+00:00", "service": {"name": "dummy-backend"}, "log": {"level": "INFO"}, "route": "/search", "status": 200, "latency_ms": 49, "user_id": "u101", "message": "ok", "trace": {"id": "a61752caca5c91dd"}}
{"@timestamp": "2026-02-09T16:29:55.396407+00:00", "service": {"name": "dummy-backend"}, "log": {"level": "ERROR"}, "route": "/checkout", "status": 422, "latency_ms": 560, "user_id": "u114", "message": "payment_retry", "trace": {"id": "25617377d2d3c8ec"}}
{"@timestamp": "2026-02-09T16:29:55.898719+00:00", "service": {"name": "dummy-backend"}, "log": {"level": "INFO"}, "route": "/logout", "status": 200, "latency_ms": 518, "user_id": "u132", "message": "ok", "trace": {"id": "3f240b6a64db8244"}}
{"@timestamp": "2026-02-09T16:29:56.401349+00:00", "service": {"name": "dummy-backend"}, "log": {"level": "INFO"}, "route": "/search", "status": 200, "latency_ms": 165, "user_id": "u062", "message": "ok", "trace": {"id": "722fe56b4d1fa3db"}}
{"@timestamp": "2026-02-09T16:29:56.904069+00:00", "service": {"name": "dummy-backend"}, "log": {"level": "INFO"}, "route": "/search", "status": 200, "latency_ms": 829, "user_id": "u069", "message": "ok", "trace": {"id": "4e680ee21e1abbb1"}}
{"@timestamp": "2026-02-09T16:29:57.407175+00:00", "service": {"name": "dummy-backend"}, "log": {"level": "INFO"}, "route": "/checkout", "status": 200, "latency_ms": 54, "user_id": "u144", "message": "ok", "trace": {"id": "74614dfc2a4cc4e1"}}
{"@timestamp": "2026-02-09T16:29:57.910769+00:00", "service": {"name": "dummy-backend"}, "log": {"level": "INFO"}, "route": "/checkout", "status": 200, "latency_ms": 419, "user_id": "u005", "message": "ok", "trace": {"id": "5f90aad3ffaf2998"}}
{"@timestamp": "2026-02-09T16:29:58.414524+00:00", "service": {"name": "dummy-backend"}, "log": {"level": "INFO"}, "route": "/logout", "status": 200, "latency_ms": 457, "user_id": "u152", "message": "ok", "trace": {"id": "427662819c2c9e21"}}
{"@timestamp": "2026-02-09T16:29:58.916951+00:00", "service": {"name": "dummy-backend"}, "log": {"level": "INFO"}, "route": "/logout", "status": 200, "latency_ms": 892, "user_id": "u181", "message": "ok", "trace": {"id": "f132f7fc44fbf07f"}}
{"@timestamp": "2026-02-09T16:29:59.420343+00:00", "service": {"name": "dummy-backend"}, "log": {"level": "INFO"}, "route": "/profile", "status": 200, "latency_ms": 470, "user_id": "u168", "message": "ok", "trace": {"id": "f6e58ab7acb4396d"}}
{"@timestamp": "2026-02-09T16:29:59.923050+00:00", "service": {"name": "dummy-backend"}, "log": {"level": "INFO"}, "route": "/search", "status": 200, "latency_ms": 1084, "user_id": "u069", "message": "ok", "trace": {"id": "c6ee793eaa50e15e"}}
{"@timestamp": "2026-02-09T16:30:00.426687+00:00", "service": {"name": "dummy-backend"}, "log": {"level": "INFO"}, "route": "/logout", "status": 200, "latency_ms": 27, "user_id": "u131", "message": "ok", "trace": {"id": "7361640fe896fc75"}}
{"@timestamp": "2026-02-09T16:30:00.929869+00:00", "service": {"name": "dummy-backend"}, "log": {"level": "INFO"}, "route": "/profile", "status": 200, "latency_ms": 1112, "user_id": "u075", "message": "ok", "trace": {"id": "325a3f355e3b37ac"}}
{"@timestamp": "2026-02-09T16:30:01.432653+00:00", "service": {"name": "dummy-backend"}, "log": {"level": "INFO"}, "route": "/profile", "status": 200, "latency_ms": 1021, "user_id": "u046", "message": "ok", "trace": {"id": "0f99091da30eb436"}}
{"@timestamp": "2026-02-09T16:30:01.935963+00:00", "service": {"name": "dummy-backend"}, "log": {"level": "INFO"}, "route": "/login", "status": 200, "latency_ms": 145, "user_id": "u106", "message": "ok", "trace": {"id": "7c3835e3f6c0ac4a"}}
{"@timestamp": "2026-02-09T16:30:02.438632+00:00", "service": {"name": "dummy-backend"}, "log": {"level": "INFO"}, "route": "/checkout", "status": 200, "latency_ms": 859, "user_id": "u178", "message": "ok", "trace": {"id": "47bc4168fc60da76"}}
{"@timestamp": "2026-02-09T16:30:02.942875+00:00", "service": {"name": "dummy-backend"}, "log": {"level": "WARN"}, "route": "/logout", "status": 200, "latency_ms": 1170, "user_id": "u132", "message": "ok", "trace": {"id": "9fcdb053b770a976"}}
{"@timestamp": "2026-02-09T16:30:03.445741+00:00", "service": {"name": "dummy-backend"}, "log": {"level": "INFO"}, "route": "/search", "status": 200, "latency_ms": 930, "user_id": "u019", "message": "ok", "trace": {"id": "44bb70734b198da6"}}
{"@timestamp": "2026-02-09T16:30:03.948956+00:00", "service": {"name": "dummy-backend"}, "log": {"level": "INFO"}, "route": "/login", "status": 200, "latency_ms": 717, "user_id": "u014", "message": "ok", "trace": {"id": "eea3c910d38bfd4a"}}
{"@timestamp": "2026-02-09T16:30:04.451544+00:00", "service": {"name": "dummy-backend"}, "log": {"level": "INFO"}, "route": "/profile", "status": 200, "latency_ms": 368, "user_id": "u039", "message": "ok", "trace": {"id": "6380723da1da1062"}}
{"@timestamp": "2026-02-09T16:30:04.954806+00:00", "service": {"name": "dummy-backend"}, "log": {"level": "INFO"}, "route": "/logout", "status": 200, "latency_ms": 658, "user_id": "u197", "message": "ok", "trace": {"id": "bab7dcaa8ff9163a"}}
{"@timestamp": "2026-02-09T16:30:05.458212+00:00", "service": {"name": "dummy-backend"}, "log": {"level": "INFO"}, "route": "/profile", "status": 200, "latency_ms": 398, "user_id": "u152", "message": "ok", "trace": {"id": "8eec65198eb3c509"}}
{"@timestamp": "2026-02-09T16:30:05.961763+00:00", "service": {"name": "dummy-backend"}, "log": {"level": "INFO"}, "route": "/search", "status": 200, "latency_ms": 858, "user_id": "u119", "message": "ok", "trace": {"id": "e27aa5f986a8fb0e"}}
{"@timestamp": "2026-02-09T16:30:06.464735+00:00", "service": {"name": "dummy-backend"}, "log": {"level": "INFO"}, "route": "/login", "status": 200, "latency_ms": 716, "user_id": "u110", "message": "ok", "trace": {"id": "447d93044d509bec"}}
{"@timestamp": "2026-02-09T16:30:06.967627+00:00", "service": {"name": "dummy-backend"}, "log": {"level": "INFO"}, "route": "/search", "status": 200, "latency_ms": 864, "user_id": "u086", "message": "ok", "trace": {"id": "4b51a6f43ce45bbb"}}
{"@timestamp": "2026-02-09T16:30:07.470333+00:00", "service": {"name": "dummy-backend"}, "log": {"level": "INFO"}, "route": "/logout", "status": 200, "latency_ms": 783, "user_id": "u157", "message": "ok", "trace": {"id": "d87d50e844782abd"}}
{"@timestamp": "2026-02-09T16:30:07.973197+00:00", "service": {"name": "dummy-backend"}, "log": {"level": "INFO"}, "route": "/search", "status": 200, "latency_ms": 546, "user_id": "u088", "message": "ok", "trace": {"id": "a60f724dd8fc627e"}}
{"@timestamp": "2026-02-09T16:30:08.476358+00:00", "service": {"name": "dummy-backend"}, "log": {"level": "WARN"}, "route": "/checkout", "status": 422, "latency_ms": 138, "user_id": "u174", "message": "gateway_error", "trace": {"id": "f257a4b7f53ee5a1"}}
{"@timestamp": "2026-02-09T16:30:08.978963+00:00", "service": {"name": "dummy-backend"}, "log": {"level": "INFO"}, "route": "/profile", "status": 200, "latency_ms": 846, "user_id": "u080", "message": "ok", "trace": {"id": "2734ddcff472f0ce"}}
{"@timestamp": "2026-02-09T16:30:09.481756+00:00", "service": {"name": "dummy-backend"}, "log": {"level": "WARN"}, "route": "/profile", "status": 200, "latency_ms": 221, "user_id": "u193", "message": "ok", "trace": {"id": "a72f074db1882bec"}}
{"@timestamp": "2026-02-09T16:30:09.983874+00:00", "service": {"name": "dummy-backend"}, "log": {"level": "WARN"}, "route": "/search", "status": 200, "latency_ms": 408, "user_id": "u078", "message": "ok", "trace": {"id": "9bfa7f681003c22f"}}
{"@timestamp": "2026-02-09T16:30:10.486368+00:00", "service": {"name": "dummy-backend"}, "log": {"level": "INFO"}, "route": "/profile", "status": 200, "latency_ms": 434, "user_id": "u022", "message": "ok", "trace": {"id": "00fdce7caff0ae04"}}
{"@timestamp": "2026-02-09T16:30:10.988696+00:00", "service": {"name": "dummy-backend"}, "log": {"level": "INFO"}, "route": "/login", "status": 200, "latency_ms": 267, "user_id": "u063", "message": "ok", "trace": {"id": "ff9ff3683b4b07ad"}}
{"@timestamp": "2026-02-09T16:30:11.490941+00:00", "service": {"name": "dummy-backend"}, "log": {"level": "INFO"}, "route": "/checkout", "status": 200, "latency_ms": 355, "user_id": "u128", "message": "ok", "trace": {"id": "df3a0946d28a59a1"}}
{"@timestamp": "2026-02-09T16:30:11.993524+00:00", "service": {"name": "dummy-backend"}, "log": {"level": "INFO"}, "route": "/search", "status": 200, "latency_ms": 194, "user_id": "u084", "message": "ok", "trace": {"id": "c589424b5e5f1f10"}}
{"@timestamp": "2026-02-09T16:30:12.495723+00:00", "service": {"name": "dummy-backend"}, "log": {"level": "INFO"}, "route": "/login", "status": 200, "latency_ms": 198, "user_id": "u157", "message": "ok", "trace": {"id": "96bc87c090e8067e"}}
{"@timestamp": "2026-02-09T16:30:12.998051+00:00", "service": {"name": "dummy-backend"}, "log": {"level": "INFO"}, "route": "/search", "status": 200, "latency_ms": 268, "user_id": "u122", "message": "ok", "trace": {"id": "03b6577e73e2d7de"}}
{"@timestamp": "2026-02-09T16:30:13.500929+00:00", "service": {"name": "dummy-backend"}, "log": {"level": "INFO"}, "route": "/profile", "status": 200, "latency_ms": 1080, "user_id": "u125", "message": "ok", "trace": {"id": "a757dfee84db2df2"}}
{"@timestamp": "2026-02-09T16:30:14.003659+00:00", "service": {"name": "dummy-backend"}, "log": {"level": "INFO"}, "route": "/logout", "status": 200, "latency_ms": 1154, "user_id": "u010", "message": "ok", "trace": {"id": "757c8a69f0238fc3"}}
{"@timestamp": "2026-02-09T16:30:14.506032+00:00", "service": {"name": "dummy-backend"}, "log": {"level": "INFO"}, "route": "/logout", "status": 200, "latency_ms": 1030, "user_id": "u107", "message": "ok", "trace": {"id": "56845927ae98e8e5"}}
{"@timestamp": "2026-02-09T16:30:15.008457+00:00", "service": {"name": "dummy-backend"}, "log": {"level": "INFO"}, "route": "/logout", "status": 200, "latency_ms": 845, "user_id": "u051", "message": "ok", "trace": {"id": "0a90ff3456a2196e"}}
{"@timestamp": "2026-02-09T16:30:15.511023+00:00", "service": {"name": "dummy-backend"}, "log": {"level": "INFO"}, "route": "/logout", "status": 200, "latency_ms": 155, "user_id": "u003", "message": "ok", "trace": {"id": "dd42d02374921e85"}}
{"@timestamp": "2026-02-09T16:30:16.013333+00:00", "service": {"name": "dummy-backend"}, "log": {"level": "INFO"}, "route": "/checkout", "status": 200, "latency_ms": 64, "user_id": "u082", "message": "ok", "trace": {"id": "f1382fcc1a930697"}}
{"@timestamp": "2026-02-09T16:30:16.516374+00:00", "service": {"name": "dummy-backend"}, "log": {"level": "INFO"}, "route": "/checkout", "status": 200, "latency_ms": 446, "user_id": "u148", "message": "ok", "trace": {"id": "e7cd2a889b5ad3c2"}}
{"@timestamp": "2026-02-09T16:30:17.019732+00:00", "service": {"name": "dummy-backend"}, "log": {"level": "INFO"}, "route": "/profile", "status": 200, "latency_ms": 23, "user_id": "u090", "message": "ok", "trace": {"id": "8d1a9e0c939fb5f5"}}
{"@timestamp": "2026-02-09T16:30:17.522241+00:00", "service": {"name": "dummy-backend"}, "log": {"level": "INFO"}, "route": "/logout", "status": 200, "latency_ms": 1176, "user_id": "u077", "message": "ok", "trace": {"id": "d69ca59483d7dc7b"}}
{"@timestamp": "2026-02-09T16:30:18.024876+00:00", "service": {"name": "dummy-backend"}, "log": {"level": "INFO"}, "route": "/profile", "status": 200, "latency_ms": 176, "user_id": "u034", "message": "ok", "trace": {"id": "12f593693c62d370"}}
{"@timestamp": "2026-02-09T16:30:18.527628+00:00", "service": {"name": "dummy-backend"}, "log": {"level": "INFO"}, "route": "/checkout", "status": 200, "latency_ms": 1196, "user_id": "u094", "message": "ok", "trace": {"id": "a5937b6953555cde"}}
{"@timestamp": "2026-02-09T16:30:19.030959+00:00", "service": {"name": "dummy-backend"}, "log": {"level": "INFO"}, "route": "/checkout", "status": 200, "latency_ms": 734, "user_id": "u122", "message": "ok", "trace": {"id": "58c31ab62d1fa812"}}
{"@timestamp": "2026-02-09T16:30:19.533628+00:00", "service": {"name": "dummy-backend"}, "log": {"level": "INFO"}, "route": "/checkout", "status": 200, "latency_ms": 951, "user_id": "u080", "message": "ok", "trace": {"id": "1c942c6d16577806"}}
{"@timestamp": "2026-02-09T16:30:20.036902+00:00", "service": {"name": "dummy-backend"}, "log": {"level": "INFO"}, "route": "/search", "status": 200, "latency_ms": 556, "user_id": "u063", "message": "ok", "trace": {"id": "d90b7cf967515ad0"}}
{"@timestamp": "2026-02-09T16:30:20.539386+00:00", "service": {"name": "dummy-backend"}, "log": {"level": "INFO"}, "route": "/search", "status": 200, "latency_ms": 901, "user_id": "u021", "message": "ok", "trace": {"id": "58cf25c13c7a627e"}}
{"@timestamp": "2026-02-09T16:30:21.042537+00:00", "service": {"name": "dummy-backend"}, "log": {"level": "ERROR"}, "route": "/profile", "status": 200, "latency_ms": 997, "user_id": "u038", "message": "ok", "trace": {"id": "e55f6198209ca2bf"}}
{"@timestamp": "2026-02-09T16:30:21.545460+00:00", "service": {"name": "dummy-backend"}, "log": {"level": "INFO"}, "route": "/profile", "status": 200, "latency_ms": 631, "user_id": "u138", "message": "ok", "trace": {"id": "1ce1800e1e5ec59f"}}
{"@timestamp": "2026-02-09T16:30:22.048076+00:00", "service": {"name": "dummy-backend"}, "log": {"level": "WARN"}, "route": "/logout", "status": 200, "latency_ms": 831, "user_id": "u029", "message": "ok", "trace": {"id": "05bac334e4470c86"}}
{"@timestamp": "2026-02-09T16:30:22.550589+00:00", "service": {"name": "dummy-backend"}, "log": {"level": "INFO"}, "route": "/search", "status": 200, "latency_ms": 1163, "user_id": "u102", "message": "ok", "trace": {"id": "4d5191f2628ecb19"}}
{"@timestamp": "2026-02-09T16:30:23.052961+00:00", "service": {"name": "dummy-backend"}, "log": {"level": "INFO"}, "route": "/profile", "status": 200, "latency_ms": 988, "user_id": "u123", "message": "ok", "trace": {"id": "af3b8ca9f94ea4a3"}}
{"@timestamp": "2026-02-09T16:30:23.556171+00:00", "service": {"name": "dummy-backend"}, "log": {"level": "WARN"}, "route": "/profile", "status": 200, "latency_ms": 378, "user_id": "u191", "message": "ok", "trace": {"id": "28fa2054f5397567"}}
{"@timestamp": "2026-02-09T16:30:24.058896+00:00", "service": {"name": "dummy-backend"}, "log": {"level": "WARN"}, "route": "/checkout", "status": 409, "latency_ms": 160, "user_id": "u069", "message": "payment_retry", "trace": {"id": "0ce6985af144c1c6"}}
{"@timestamp": "2026-02-09T16:30:24.562314+00:00", "service": {"name": "dummy-backend"}, "log": {"level": "INFO"}, "route": "/checkout", "status": 200, "latency_ms": 905, "user_id": "u010", "message": "ok", "trace": {"id": "41c096b13d4370b8"}}
{"@timestamp": "2026-02-09T16:30:25.060426+00:00", "service": {"name": "dummy-backend"}, "log": {"level": "INFO"}, "route": "/login", "status": 200, "latency_ms": 136, "user_id": "u141", "message": "ok", "trace": {"id": "438767548fc71615"}}
{"@timestamp": "2026-02-09T16:30:25.563083+00:00", "service": {"name": "dummy-backend"}, "log": {"level": "INFO"}, "route": "/checkout", "status": 200, "latency_ms": 35, "user_id": "u057", "message": "ok", "trace": {"id": "8715098a98849f31"}}
{"@timestamp": "2026-02-09T16:30:26.069434+00:00", "service": {"name": "dummy-backend"}, "log": {"level": "INFO"}, "route": "/login", "status": 200, "latency_ms": 162, "user_id": "u036", "message": "ok", "trace": {"id": "5513dab5b6af7a9b"}}
{"@timestamp": "2026-02-09T16:30:26.571687+00:00", "service": {"name": "dummy-backend"}, "log": {"level": "INFO"}, "route": "/checkout", "status": 200, "latency_ms": 722, "user_id": "u001", "message": "ok", "trace": {"id": "53a8756b26d05062"}}
{"@timestamp": "2026-02-09T16:30:27.074592+00:00", "service": {"name": "dummy-backend"}, "log": {"level": "INFO"}, "route": "/profile", "status": 200, "latency_ms": 567, "user_id": "u113", "message": "ok", "trace": {"id": "d166c008c8f30ee3"}}
{"@timestamp": "2026-02-09T16:30:27.577569+00:00", "service": {"name": "dummy-backend"}, "log": {"level": "ERROR"}, "route": "/login", "status": 401, "latency_ms": 1048, "user_id": "u140", "message": "db_timeout", "trace": {"id": "8f664a752e564b86"}}
{"@timestamp": "2026-02-09T16:30:28.080559+00:00", "service": {"name": "dummy-backend"}, "log": {"level": "INFO"}, "route": "/login", "status": 200, "latency_ms": 122, "user_id": "u138", "message": "ok", "trace": {"id": "5dc66375580622a5"}}
{"@timestamp": "2026-02-09T16:30:28.583276+00:00", "service": {"name": "dummy-backend"}, "log": {"level": "INFO"}, "route": "/login", "status": 200, "latency_ms": 847, "user_id": "u158", "message": "ok", "trace": {"id": "3d65606b022d3650"}}
{"@timestamp": "2026-02-09T16:30:29.085905+00:00", "service": {"name": "dummy-backend"}, "log": {"level": "WARN"}, "route": "/search", "status": 200, "latency_ms": 449, "user_id": "u186", "message": "ok", "trace": {"id": "bcdba3f9e829d75d"}}
{"@timestamp": "2026-02-09T16:30:29.588732+00:00", "service": {"name": "dummy-backend"}, "log": {"level": "WARN"}, "route": "/checkout", "status": 500, "latency_ms": 527, "user_id": "u145", "message": "insufficient_stock", "trace": {"id": "25be2ebea6e618b3"}}
{"@timestamp": "2026-02-09T16:30:30.091784+00:00", "service": {"name": "dummy-backend"}, "log": {"level": "INFO"}, "route": "/search", "status": 200, "latency_ms": 938, "user_id": "u065", "message": "ok", "trace": {"id": "6f855db3602eb5a7"}}
{"@timestamp": "2026-02-09T16:30:30.599406+00:00", "service": {"name": "dummy-backend"}, "log": {"level": "WARN"}, "route": "/logout", "status": 200, "latency_ms": 1038, "user_id": "u073", "message": "ok", "trace": {"id": "d3506d4b7af24512"}}
{"@timestamp": "2026-02-09T16:30:31.102271+00:00", "service": {"name": "dummy-backend"}, "log": {"level": "INFO"}, "route": "/search", "status": 200, "latency_ms": 937, "user_id": "u197", "message": "ok", "trace": {"id": "3b4374cf0ff856fc"}}
{"@timestamp": "2026-02-09T16:30:31.604978+00:00", "service": {"name": "dummy-backend"}, "log": {"level": "WARN"}, "route": "/login", "status": 200, "latency_ms": 1119, "user_id": "u176", "message": "ok", "trace": {"id": "63dbd55af0b81ffa"}}
{"@timestamp": "2026-02-09T16:30:32.107449+00:00", "service": {"name": "dummy-backend"}, "log": {"level": "INFO"}, "route": "/search", "status": 200, "latency_ms": 145, "user_id": "u049", "message": "ok", "trace": {"id": "c96332669a4b4cf3"}}
{"@timestamp": "2026-02-09T16:30:32.610607+00:00", "service": {"name": "dummy-backend"}, "log": {"level": "INFO"}, "route": "/search", "status": 200, "latency_ms": 450, "user_id": "u144", "message": "ok", "trace": {"id": "65fc5d4a1a4709a5"}}
{"@timestamp": "2026-02-09T16:30:33.118979+00:00", "service": {"name": "dummy-backend"}, "log": {"level": "INFO"}, "route": "/checkout", "status": 200, "latency_ms": 706, "user_id": "u030", "message": "ok", "trace": {"id": "d7f45a20bb3ebb0a"}}
{"@timestamp": "2026-02-09T16:30:33.626482+00:00", "service": {"name": "dummy-backend"}, "log": {"level": "WARN"}, "route": "/search", "status": 200, "latency_ms": 425, "user_id": "u059", "message": "ok", "trace": {"id": "2522c3d4aa2b68d4"}}
{"@timestamp": "2026-02-09T16:30:34.128984+00:00", "service": {"name": "dummy-backend"}, "log": {"level": "INFO"}, "route": "/logout", "status": 200, "latency_ms": 48, "user_id": "u196", "message": "ok", "trace": {"id": "f0d617529cac587d"}}
{"@timestamp": "2026-02-09T16:30:34.634719+00:00", "service": {"name": "dummy-backend"}, "log": {"level": "INFO"}, "route": "/logout", "status": 200, "latency_ms": 137, "user_id": "u112", "message": "ok", "trace": {"id": "efa3bd93478329fa"}}
{"@timestamp": "2026-02-09T16:30:35.147833+00:00", "service": {"name": "dummy-backend"}, "log": {"level": "INFO"}, "route": "/login", "status": 200, "latency_ms": 1179, "user_id": "u114", "message": "ok", "trace": {"id": "cf34da9ba5d2fb50"}}
{"@timestamp": "2026-02-09T16:30:35.655131+00:00", "service": {"name": "dummy-backend"}, "log": {"level": "INFO"}, "route": "/checkout", "status": 200, "latency_ms": 984, "user_id": "u147", "message": "ok", "trace": {"id": "5cdb6ff1560dca65"}}
{"@timestamp": "2026-02-09T16:30:36.157914+00:00", "service": {"name": "dummy-backend"}, "log": {"level": "WARN"}, "route": "/logout", "status": 200, "latency_ms": 622, "user_id": "u121", "message": "ok", "trace": {"id": "cd30bf6b6ae2b397"}}
{"@timestamp": "2026-02-09T16:30:36.660595+00:00", "service": {"name": "dummy-backend"}, "log": {"level": "WARN"}, "route": "/login", "status": 200, "latency_ms": 609, "user_id": "u144", "message": "ok", "trace": {"id": "10d5f750bb7933ce"}}
{"@timestamp": "2026-02-09T16:30:37.163279+00:00", "service": {"name": "dummy-backend"}, "log": {"level": "INFO"}, "route": "/search", "status": 200, "latency_ms": 776, "user_id": "u060", "message": "ok", "trace": {"id": "8673303815d160d4"}}
{"@timestamp": "2026-02-09T16:30:37.672338+00:00", "service": {"name": "dummy-backend"}, "log": {"level": "INFO"}, "route": "/logout", "status": 200, "latency_ms": 357, "user_id": "u098", "message": "ok", "trace": {"id": "3e1b6e9046ca3475"}}
{"@timestamp": "2026-02-09T16:30:38.175400+00:00", "service": {"name": "dummy-backend"}, "log": {"level": "INFO"}, "route": "/login", "status": 200, "latency_ms": 779, "user_id": "u064", "message": "ok", "trace": {"id": "a54b98fb2f8f22f3"}}
{"@timestamp": "2026-02-09T16:30:38.679305+00:00", "service": {"name": "dummy-backend"}, "log": {"level": "INFO"}, "route": "/login", "status": 200, "latency_ms": 740, "user_id": "u184", "message": "ok", "trace": {"id": "66fb7774b4f510d5"}}
{"@timestamp": "2026-02-09T16:30:39.182087+00:00", "service": {"name": "dummy-backend"}, "log": {"level": "INFO"}, "route": "/search", "status": 200, "latency_ms": 1071, "user_id": "u094", "message": "ok", "trace": {"id": "3930e8c646c39662"}}
{"@timestamp": "2026-02-09T16:30:39.684637+00:00", "service": {"name": "dummy-backend"}, "log": {"level": "INFO"}, "route": "/search", "status": 200, "latency_ms": 197, "user_id": "u075", "message": "ok", "trace": {"id": "0872d983b7e7e96e"}}
{"@timestamp": "2026-02-09T16:30:40.187937+00:00", "service": {"name": "dummy-backend"}, "log": {"level": "WARN"}, "route": "/checkout", "status": 500, "latency_ms": 697, "user_id": "u045", "message": "gateway_error", "trace": {"id": "a901895cedc66c9f"}}
{"@timestamp": "2026-02-09T16:30:40.691168+00:00", "service": {"name": "dummy-backend"}, "log": {"level": "INFO"}, "route": "/login", "status": 200, "latency_ms": 1087, "user_id": "u129", "message": "ok", "trace": {"id": "5155dd1eb23f8afe"}}
{"@timestamp": "2026-02-09T16:30:41.194226+00:00", "service": {"name": "dummy-backend"}, "log": {"level": "INFO"}, "route": "/checkout", "status": 200, "latency_ms": 1060, "user_id": "u116", "message": "ok", "trace": {"id": "4631002909176e5c"}}
{"@timestamp": "2026-02-09T16:30:41.696912+00:00", "service": {"name": "dummy-backend"}, "log": {"level": "INFO"}, "route": "/login", "status": 200, "latency_ms": 107, "user_id": "u080", "message": "ok", "trace": {"id": "d4f18b394792f30b"}}
{"@timestamp": "2026-02-09T16:30:42.199876+00:00", "service": {"name": "dummy-backend"}, "log": {"level": "INFO"}, "route": "/logout", "status": 200, "latency_ms": 8, "user_id": "u041", "message": "ok", "trace": {"id": "45daad82c75c7faf"}}
{"@timestamp": "2026-02-09T16:30:42.702195+00:00", "service": {"name": "dummy-backend"}, "log": {"level": "INFO"}, "route": "/login", "status": 200, "latency_ms": 138, "user_id": "u159", "message": "ok", "trace": {"id": "bf611d7e871100d7"}}
{"@timestamp": "2026-02-09T16:30:43.204833+00:00", "service": {"name": "dummy-backend"}, "log": {"level": "INFO"}, "route": "/login", "status": 200, "latency_ms": 874, "user_id": "u174", "message": "ok", "trace": {"id": "7839a636c016b7cc"}}
{"@timestamp": "2026-02-09T16:30:43.707591+00:00", "service": {"name": "dummy-backend"}, "log": {"level": "ERROR"}, "route": "/search", "status": 200, "latency_ms": 393, "user_id": "u071", "message": "ok", "trace": {"id": "775dd94b0e1f2c6f"}}
{"@timestamp": "2026-02-09T16:30:44.210331+00:00", "service": {"name": "dummy-backend"}, "log": {"level": "INFO"}, "route": "/profile", "status": 200, "latency_ms": 268, "user_id": "u198", "message": "ok", "trace": {"id": "7428c2d966a18f1c"}}
{"@timestamp": "2026-02-09T16:30:44.713835+00:00", "service": {"name": "dummy-backend"}, "log": {"level": "ERROR"}, "route": "/checkout", "status": 409, "latency_ms": 356, "user_id": "u055", "message": "gateway_error", "trace": {"id": "0e75b6c62b832c6e"}}
{"@timestamp": "2026-02-09T16:30:45.216843+00:00", "service": {"name": "dummy-backend"}, "log": {"level": "INFO"}, "route": "/search", "status": 200, "latency_ms": 1129, "user_id": "u045", "message": "ok", "trace": {"id": "03c252fee3b2b8d1"}}
{"@timestamp": "2026-02-09T16:30:45.721198+00:00", "service": {"name": "dummy-backend"}, "log": {"level": "INFO"}, "route": "/logout", "status": 200, "latency_ms": 70, "user_id": "u004", "message": "ok", "trace": {"id": "09800e995f106d0d"}}
{"@timestamp": "2026-02-09T16:30:46.223802+00:00", "service": {"name": "dummy-backend"}, "log": {"level": "INFO"}, "route": "/logout", "status": 200, "latency_ms": 887, "user_id": "u091", "message": "ok", "trace": {"id": "ee793d946053e2ca"}}
{"@timestamp": "2026-02-09T16:30:46.726426+00:00", "service": {"name": "dummy-backend"}, "log": {"level": "WARN"}, "route": "/search", "status": 200, "latency_ms": 798, "user_id": "u170", "message": "ok", "trace": {"id": "300171e448c36318"}}
{"@timestamp": "2026-02-09T16:30:47.229111+00:00", "service": {"name": "dummy-backend"}, "log": {"level": "INFO"}, "route": "/logout", "status": 200, "latency_ms": 843, "user_id": "u018", "message": "ok", "trace": {"id": "557ffcc573837e9b"}}
{"@timestamp": "2026-02-09T16:30:47.731532+00:00", "service": {"name": "dummy-backend"}, "log": {"level": "INFO"}, "route": "/profile", "status": 200, "latency_ms": 190, "user_id": "u162", "message": "ok", "trace": {"id": "1f42341ff0355be1"}}
{"@timestamp": "2026-02-09T16:30:48.233868+00:00", "service": {"name": "dummy-backend"}, "log": {"level": "INFO"}, "route": "/search", "status": 200, "latency_ms": 909, "user_id": "u117", "message": "ok", "trace": {"id": "5903dda384b88be4"}}
{"@timestamp": "2026-02-09T16:30:48.736450+00:00", "service": {"name": "dummy-backend"}, "log": {"level": "INFO"}, "route": "/search", "status": 200, "latency_ms": 1133, "user_id": "u031", "message": "ok", "trace": {"id": "ac5b13f673e0152c"}}
{"@timestamp": "2026-02-09T16:30:49.239506+00:00", "service": {"name": "dummy-backend"}, "log": {"level": "INFO"}, "route": "/search", "status": 200, "latency_ms": 1083, "user_id": "u011", "message": "ok", "trace": {"id": "eed71e5c104e4ddd"}}
{"@timestamp": "2026-02-09T16:30:49.742158+00:00", "service": {"name": "dummy-backend"}, "log": {"level": "INFO"}, "route": "/login", "status": 200, "latency_ms": 1108, "user_id": "u016", "message": "ok", "trace": {"id": "4c2d934dde65f7f3"}}
{"@timestamp": "2026-02-09T16:30:50.244615+00:00", "service": {"name": "dummy-backend"}, "log": {"level": "INFO"}, "route": "/logout", "status": 200, "latency_ms": 861, "user_id": "u124", "message": "ok", "trace": {"id": "0a91f079d5c8e0fe"}}
{"@timestamp": "2026-02-09T16:30:50.748072+00:00", "service": {"name": "dummy-backend"}, "log": {"level": "INFO"}, "route": "/profile", "status": 200, "latency_ms": 1069, "user_id": "u023", "message": "ok", "trace": {"id": "6a8c25ac17826c35"}}
{"@timestamp": "2026-02-09T16:30:51.250567+00:00", "service": {"name": "dummy-backend"}, "log": {"level": "INFO"}, "route": "/search", "status": 200, "latency_ms": 307, "user_id": "u109", "message": "ok", "trace": {"id": "947097ecac63b699"}}
{"@timestamp": "2026-02-09T16:30:51.753501+00:00", "service": {"name": "dummy-backend"}, "log": {"level": "INFO"}, "route": "/logout", "status": 200, "latency_ms": 215, "user_id": "u023", "message": "ok", "trace": {"id": "a2fd11fc387f291d"}}
{"@timestamp": "2026-02-09T16:30:52.256557+00:00", "service": {"name": "dummy-backend"}, "log": {"level": "INFO"}, "route": "/login", "status": 200, "latency_ms": 234, "user_id": "u087", "message": "ok", "trace": {"id": "a4bf256679c17320"}}
{"@timestamp": "2026-02-09T16:30:52.759099+00:00", "service": {"name": "dummy-backend"}, "log": {"level": "INFO"}, "route": "/logout", "status": 200, "latency_ms": 356, "user_id": "u039", "message": "ok", "trace": {"id": "9d6493fae7936319"}}
{"@timestamp": "2026-02-09T16:30:53.262044+00:00", "service": {"name": "dummy-backend"}, "log": {"level": "INFO"}, "route": "/profile", "status": 200, "latency_ms": 499, "user_id": "u108", "message": "ok", "trace": {"id": "cbc70ac863cb724a"}}
{"@timestamp": "2026-02-09T16:30:53.764573+00:00", "service": {"name": "dummy-backend"}, "log": {"level": "INFO"}, "route": "/profile", "status": 200, "latency_ms": 321, "user_id": "u060", "message": "ok", "trace": {"id": "5f8b90e2452ac64c"}}
{"@timestamp": "2026-02-09T16:30:54.267310+00:00", "service": {"name": "dummy-backend"}, "log": {"level": "INFO"}, "route": "/logout", "status": 200, "latency_ms": 57, "user_id": "u157", "message": "ok", "trace": {"id": "213f52688a021bd1"}}
{"@timestamp": "2026-02-09T16:30:54.770221+00:00", "service": {"name": "dummy-backend"}, "log": {"level": "INFO"}, "route": "/search", "status": 200, "latency_ms": 78, "user_id": "u094", "message": "ok", "trace": {"id": "ba5b553e21dfac26"}}
{"@timestamp": "2026-02-09T16:30:55.266975+00:00", "service": {"name": "dummy-backend"}, "log": {"level": "WARN"}, "route": "/logout", "status": 200, "latency_ms": 832, "user_id": "u130", "message": "ok", "trace": {"id": "f3a2bbd0a4e64aaa"}}
{"@timestamp": "2026-02-09T16:30:55.770292+00:00", "service": {"name": "dummy-backend"}, "log": {"level": "INFO"}, "route": "/logout", "status": 200, "latency_ms": 760, "user_id": "u146", "message": "ok", "trace": {"id": "02b5a15d351b71e5"}}
{"@timestamp": "2026-02-09T16:30:56.273127+00:00", "service": {"name": "dummy-backend"}, "log": {"level": "INFO"}, "route": "/logout", "status": 200, "latency_ms": 419, "user_id": "u005", "message": "ok", "trace": {"id": "3352583d6ad9cfb3"}}
{"@timestamp": "2026-02-09T16:30:56.775704+00:00", "service": {"name": "dummy-backend"}, "log": {"level": "ERROR"}, "route": "/profile", "status": 200, "latency_ms": 654, "user_id": "u036", "message": "ok", "trace": {"id": "eda756d92fc7680d"}}
{"@timestamp": "2026-02-09T16:30:57.278051+00:00", "service": {"name": "dummy-backend"}, "log": {"level": "ERROR"}, "route": "/checkout", "status": 422, "latency_ms": 940, "user_id": "u061", "message": "gateway_error", "trace": {"id": "cc2c1b0e009f6de1"}}
{"@timestamp": "2026-02-09T16:30:57.780818+00:00", "service": {"name": "dummy-backend"}, "log": {"level": "INFO"}, "route": "/search", "status": 200, "latency_ms": 277, "user_id": "u072", "message": "ok", "trace": {"id": "4e0ddad0e6315df2"}}
{"@timestamp": "2026-02-09T16:30:58.283719+00:00", "service": {"name": "dummy-backend"}, "log": {"level": "INFO"}, "route": "/profile", "status": 200, "latency_ms": 443, "user_id": "u021", "message": "ok", "trace": {"id": "7b9d89a98c138c30"}}
{"@timestamp": "2026-02-09T16:30:58.787085+00:00", "service": {"name": "dummy-backend"}, "log": {"level": "INFO"}, "route": "/login", "status": 200, "latency_ms": 69, "user_id": "u136", "message": "ok", "trace": {"id": "25c5e394d42e624f"}}
{"@timestamp": "2026-02-09T16:30:59.290320+00:00", "service": {"name": "dummy-backend"}, "log": {"level": "INFO"}, "route": "/search", "status": 200, "latency_ms": 810, "user_id": "u193", "message": "ok", "trace": {"id": "662f2f78e4b714f9"}}
{"@timestamp": "2026-02-09T16:30:59.793021+00:00", "service": {"name": "dummy-backend"}, "log": {"level": "INFO"}, "route": "/login", "status": 200, "latency_ms": 250, "user_id": "u038", "message": "ok", "trace": {"id": "461b926b3b8fe7af"}}
{"@timestamp": "2026-02-09T16:31:00.296360+00:00", "service": {"name": "dummy-backend"}, "log": {"level": "INFO"}, "route": "/checkout", "status": 200, "latency_ms": 256, "user_id": "u072", "message": "ok", "trace": {"id": "dd5e38968b3183bb"}}
{"@timestamp": "2026-02-09T16:31:00.798790+00:00", "service": {"name": "dummy-backend"}, "log": {"level": "INFO"}, "route": "/checkout", "status": 200, "latency_ms": 130, "user_id": "u001", "message": "ok", "trace": {"id": "fc61d4e6a62c4b0f"}}
{"@timestamp": "2026-02-09T16:31:01.301135+00:00", "service": {"name": "dummy-backend"}, "log": {"level": "INFO"}, "route": "/profile", "status": 200, "latency_ms": 1103, "user_id": "u074", "message": "ok", "trace": {"id": "6b250ceec885f2d2"}}
{"@timestamp": "2026-02-09T16:31:01.804248+00:00", "service": {"name": "dummy-backend"}, "log": {"level": "INFO"}, "route": "/checkout", "status": 200, "latency_ms": 503, "user_id": "u117", "message": "ok", "trace": {"id": "96a384ef4ef4f675"}}
{"@timestamp": "2026-02-09T16:31:02.308249+00:00", "service": {"name": "dummy-backend"}, "log": {"level": "INFO"}, "route": "/logout", "status": 200, "latency_ms": 236, "user_id": "u114", "message": "ok", "trace": {"id": "27b2dc81265bae1e"}}
{"@timestamp": "2026-02-09T16:31:02.811269+00:00", "service": {"name": "dummy-backend"}, "log": {"level": "WARN"}, "route": "/checkout", "status": 422, "latency_ms": 883, "user_id": "u077", "message": "insufficient_stock", "trace": {"id": "92a2054c321ce59a"}}
{"@timestamp": "2026-02-09T16:31:03.314431+00:00", "service": {"name": "dummy-backend"}, "log": {"level": "INFO"}, "route": "/profile", "status": 200, "latency_ms": 962, "user_id": "u069", "message": "ok", "trace": {"id": "2a312b911158041f"}}
{"@timestamp": "2026-02-09T16:31:03.816676+00:00", "service": {"name": "dummy-backend"}, "log": {"level": "INFO"}, "route": "/login", "status": 200, "latency_ms": 468, "user_id": "u047", "message": "ok", "trace": {"id": "c86fdebd1e29f537"}}
{"@timestamp": "2026-02-09T16:31:04.320508+00:00", "service": {"name": "dummy-backend"}, "log": {"level": "INFO"}, "route": "/checkout", "status": 200, "latency_ms": 836, "user_id": "u195", "message": "ok", "trace": {"id": "7d4b92b483224b9a"}}
{"@timestamp": "2026-02-09T16:31:04.822784+00:00", "service": {"name": "dummy-backend"}, "log": {"level": "INFO"}, "route": "/logout", "status": 200, "latency_ms": 1155, "user_id": "u046", "message": "ok", "trace": {"id": "cdd6348c31187091"}}
{"@timestamp": "2026-02-09T16:31:05.326399+00:00", "service": {"name": "dummy-backend"}, "log": {"level": "INFO"}, "route": "/checkout", "status": 200, "latency_ms": 274, "user_id": "u118", "message": "ok", "trace": {"id": "9137c50882d3d3cb"}}
{"@timestamp": "2026-02-09T16:31:05.829322+00:00", "service": {"name": "dummy-backend"}, "log": {"level": "INFO"}, "route": "/logout", "status": 200, "latency_ms": 1098, "user_id": "u142", "message": "ok", "trace": {"id": "ca420057327f42b2"}}
{"@timestamp": "2026-02-09T16:31:06.331881+00:00", "service": {"name": "dummy-backend"}, "log": {"level": "INFO"}, "route": "/checkout", "status": 200, "latency_ms": 632, "user_id": "u044", "message": "ok", "trace": {"id": "2776bbda919c2a81"}}
{"@timestamp": "2026-02-09T16:31:06.834275+00:00", "service": {"name": "dummy-backend"}, "log": {"level": "INFO"}, "route": "/profile", "status": 200, "latency_ms": 1191, "user_id": "u180", "message": "ok", "trace": {"id": "cf13036b91b04a5c"}}
{"@timestamp": "2026-02-09T16:31:07.337657+00:00", "service": {"name": "dummy-backend"}, "log": {"level": "INFO"}, "route": "/search", "status": 200, "latency_ms": 663, "user_id": "u007", "message": "ok", "trace": {"id": "2708fc40e5e46c38"}}
{"@timestamp": "2026-02-09T16:31:07.844212+00:00", "service": {"name": "dummy-backend"}, "log": {"level": "INFO"}, "route": "/search", "status": 200, "latency_ms": 435, "user_id": "u088", "message": "ok", "trace": {"id": "086dcdd98e021a5a"}}
{"@timestamp": "2026-02-09T16:31:08.347920+00:00", "service": {"name": "dummy-backend"}, "log": {"level": "INFO"}, "route": "/profile", "status": 200, "latency_ms": 372, "user_id": "u166", "message": "ok", "trace": {"id": "a05a4704898078eb"}}
{"@timestamp": "2026-02-09T16:31:08.850589+00:00", "service": {"name": "dummy-backend"}, "log": {"level": "INFO"}, "route": "/profile", "status": 200, "latency_ms": 1086, "user_id": "u105", "message": "ok", "trace": {"id": "c24dddc07407a012"}}
{"@timestamp": "2026-02-09T16:31:09.352559+00:00", "service": {"name": "dummy-backend"}, "log": {"level": "INFO"}, "route": "/login", "status": 200, "latency_ms": 829, "user_id": "u014", "message": "ok", "trace": {"id": "09d27cd87a79abb4"}}
{"@timestamp": "2026-02-09T16:31:09.855209+00:00", "service": {"name": "dummy-backend"}, "log": {"level": "WARN"}, "route": "/login", "status": 200, "latency_ms": 1011, "user_id": "u057", "message": "ok", "trace": {"id": "a81d1aa8ba0a916f"}}
{"@timestamp": "2026-02-09T16:31:10.357706+00:00", "service": {"name": "dummy-backend"}, "log": {"level": "INFO"}, "route": "/login", "status": 200, "latency_ms": 839, "user_id": "u125", "message": "ok", "trace": {"id": "7153fa40299ca824"}}
{"@timestamp": "2026-02-09T16:31:10.860455+00:00", "service": {"name": "dummy-backend"}, "log": {"level": "INFO"}, "route": "/logout", "status": 200, "latency_ms": 905, "user_id": "u065", "message": "ok", "trace": {"id": "e4d4cb382ae2c948"}}
{"@timestamp": "2026-02-09T16:31:11.363461+00:00", "service": {"name": "dummy-backend"}, "log": {"level": "INFO"}, "route": "/login", "status": 200, "latency_ms": 585, "user_id": "u176", "message": "ok", "trace": {"id": "b584aa7daab213f6"}}
{"@timestamp": "2026-02-09T16:31:11.865502+00:00", "service": {"name": "dummy-backend"}, "log": {"level": "INFO"}, "route": "/checkout", "status": 200, "latency_ms": 403, "user_id": "u048", "message": "ok", "trace": {"id": "c7cc8ca6bae07c22"}}
{"@timestamp": "2026-02-09T16:31:12.368041+00:00", "service": {"name": "dummy-backend"}, "log": {"level": "INFO"}, "route": "/login", "status": 200, "latency_ms": 652, "user_id": "u176", "message": "ok", "trace": {"id": "fadc47e5f655d9d9"}}
{"@timestamp": "2026-02-09T16:31:12.870577+00:00", "service": {"name": "dummy-backend"}, "log": {"level": "WARN"}, "route": "/checkout", "status": 422, "latency_ms": 393, "user_id": "u110", "message": "gateway_error", "trace": {"id": "4ca2cfcae058ebeb"}}
{"@timestamp": "2026-02-09T16:31:13.373857+00:00", "service": {"name": "dummy-backend"}, "log": {"level": "WARN"}, "route": "/search", "status": 200, "latency_ms": 182, "user_id": "u065", "message": "ok", "trace": {"id": "e4d01b4e28f42e66"}}
{"@timestamp": "2026-02-09T16:31:13.877407+00:00", "service": {"name": "dummy-backend"}, "log": {"level": "INFO"}, "route": "/logout", "status": 200, "latency_ms": 844, "user_id": "u011", "message": "ok", "trace": {"id": "9e2b85e545764f7f"}}
{"@timestamp": "2026-02-09T16:31:14.379483+00:00", "service": {"name": "dummy-backend"}, "log": {"level": "INFO"}, "route": "/checkout", "status": 200, "latency_ms": 843, "user_id": "u127", "message": "ok", "trace": {"id": "21761ef36ff5f54e"}}
{"@timestamp": "2026-02-09T16:31:14.881970+00:00", "service": {"name": "dummy-backend"}, "log": {"level": "INFO"}, "route": "/checkout", "status": 200, "latency_ms": 413, "user_id": "u199", "message": "ok", "trace": {"id": "eaa01bcc132452eb"}}
{"@timestamp": "2026-02-09T16:31:15.384234+00:00", "service": {"name": "dummy-backend"}, "log": {"level": "INFO"}, "route": "/search", "status": 200, "latency_ms": 964, "user_id": "u110", "message": "ok", "trace": {"id": "10206f491b8f66ae"}}
{"@timestamp": "2026-02-09T16:31:15.887393+00:00", "service": {"name": "dummy-backend"}, "log": {"level": "INFO"}, "route": "/login", "status": 200, "latency_ms": 120, "user_id": "u127", "message": "ok", "trace": {"id": "0daca8c61e91ac3d"}}
{"@timestamp": "2026-02-09T16:31:16.390415+00:00", "service": {"name": "dummy-backend"}, "log": {"level": "INFO"}, "route": "/login", "status": 200, "latency_ms": 653, "user_id": "u198", "message": "ok", "trace": {"id": "df72675aa8bda7a5"}}
{"@timestamp": "2026-02-09T16:31:16.893743+00:00", "service": {"name": "dummy-backend"}, "log": {"level": "INFO"}, "route": "/login", "status": 200, "latency_ms": 728, "user_id": "u166", "message": "ok", "trace": {"id": "1970a6334907a5c9"}}
{"@timestamp": "2026-02-09T16:31:17.397422+00:00", "service": {"name": "dummy-backend"}, "log": {"level": "INFO"}, "route": "/logout", "status": 200, "latency_ms": 1040, "user_id": "u075", "message": "ok", "trace": {"id": "fe54d41cca819e11"}}
{"@timestamp": "2026-02-09T16:31:17.900959+00:00", "service": {"name": "dummy-backend"}, "log": {"level": "INFO"}, "route": "/logout", "status": 200, "latency_ms": 1071, "user_id": "u032", "message": "ok", "trace": {"id": "08ca4aa2cee44003"}}
{"@timestamp": "2026-02-09T16:31:18.404274+00:00", "service": {"name": "dummy-backend"}, "log": {"level": "INFO"}, "route": "/login", "status": 200, "latency_ms": 723, "user_id": "u178", "message": "ok", "trace": {"id": "b66720859b7e385a"}}
{"@timestamp": "2026-02-09T16:31:18.907871+00:00", "service": {"name": "dummy-backend"}, "log": {"level": "INFO"}, "route": "/checkout", "status": 200, "latency_ms": 436, "user_id": "u152", "message": "ok", "trace": {"id": "2865738e740f0239"}}
{"@timestamp": "2026-02-09T16:31:19.411310+00:00", "service": {"name": "dummy-backend"}, "log": {"level": "INFO"}, "route": "/checkout", "status": 200, "latency_ms": 323, "user_id": "u067", "message": "ok", "trace": {"id": "3159adc5c98dd401"}}
{"@timestamp": "2026-02-09T16:31:19.914645+00:00", "service": {"name": "dummy-backend"}, "log": {"level": "INFO"}, "route": "/login", "status": 200, "latency_ms": 478, "user_id": "u096", "message": "ok", "trace": {"id": "958fc03b14c2e637"}}
{"@timestamp": "2026-02-09T16:31:20.417545+00:00", "service": {"name": "dummy-backend"}, "log": {"level": "INFO"}, "route": "/checkout", "status": 200, "latency_ms": 516, "user_id": "u164", "message": "ok", "trace": {"id": "d74549d60cd33f85"}}
{"@timestamp": "2026-02-09T16:31:20.920851+00:00", "service": {"name": "dummy-backend"}, "log": {"level": "INFO"}, "route": "/login", "status": 200, "latency_ms": 234, "user_id": "u126", "message": "ok", "trace": {"id": "30fe038555c11921"}}
{"@timestamp": "2026-02-09T16:31:21.425105+00:00", "service": {"name": "dummy-backend"}, "log": {"level": "INFO"}, "route": "/logout", "status": 200, "latency_ms": 546, "user_id": "u030", "message": "ok", "trace": {"id": "7cad417f74af51f9"}}
{"@timestamp": "2026-02-09T16:31:21.929332+00:00", "service": {"name": "dummy-backend"}, "log": {"level": "INFO"}, "route": "/checkout", "status": 200, "latency_ms": 824, "user_id": "u164", "message": "ok", "trace": {"id": "c37bd2424d1d3e1f"}}
{"@timestamp": "2026-02-09T16:31:22.433507+00:00", "service": {"name": "dummy-backend"}, "log": {"level": "INFO"}, "route": "/logout", "status": 200, "latency_ms": 975, "user_id": "u049", "message": "ok", "trace": {"id": "233b04d13c546ad5"}}
{"@timestamp": "2026-02-09T16:31:22.936973+00:00", "service": {"name": "dummy-backend"}, "log": {"level": "INFO"}, "route": "/login", "status": 200, "latency_ms": 322, "user_id": "u109", "message": "ok", "trace": {"id": "000de0d331418dc9"}}
{"@timestamp": "2026-02-09T16:31:23.440386+00:00", "service": {"name": "dummy-backend"}, "log": {"level": "WARN"}, "route": "/login", "status": 200, "latency_ms": 201, "user_id": "u180", "message": "ok", "trace": {"id": "4d47bc8c8399b0ae"}}
{"@timestamp": "2026-02-09T16:31:23.943134+00:00", "service": {"name": "dummy-backend"}, "log": {"level": "INFO"}, "route": "/profile", "status": 200, "latency_ms": 1005, "user_id": "u163", "message": "ok", "trace": {"id": "6734263a20febc8b"}}
{"@timestamp": "2026-02-09T16:31:24.445385+00:00", "service": {"name": "dummy-backend"}, "log": {"level": "INFO"}, "route": "/search", "status": 200, "latency_ms": 172, "user_id": "u076", "message": "ok", "trace": {"id": "eda469929f1e7411"}}
{"@timestamp": "2026-02-09T16:31:24.943041+00:00", "service": {"name": "dummy-backend"}, "log": {"level": "INFO"}, "route": "/search", "status": 200, "latency_ms": 14, "user_id": "u149", "message": "ok", "trace": {"id": "12bdf57921d2c6c2"}}
{"@timestamp": "2026-02-09T16:31:25.445913+00:00", "service": {"name": "dummy-backend"}, "log": {"level": "WARN"}, "route": "/login", "status": 200, "latency_ms": 893, "user_id": "u133", "message": "ok", "trace": {"id": "f8a11fff5bf48f08"}}
{"@timestamp": "2026-02-09T16:31:25.948573+00:00", "service": {"name": "dummy-backend"}, "log": {"level": "INFO"}, "route": "/logout", "status": 200, "latency_ms": 223, "user_id": "u130", "message": "ok", "trace": {"id": "3f05ed8b37e3fc66"}}
{"@timestamp": "2026-02-09T16:31:26.451145+00:00", "service": {"name": "dummy-backend"}, "log": {"level": "INFO"}, "route": "/logout", "status": 200, "latency_ms": 1030, "user_id": "u113", "message": "ok", "trace": {"id": "20946afc615c92ce"}}
{"@timestamp": "2026-02-09T16:31:26.953736+00:00", "service": {"name": "dummy-backend"}, "log": {"level": "INFO"}, "route": "/login", "status": 200, "latency_ms": 152, "user_id": "u062", "message": "ok", "trace": {"id": "ff71c876c54deaf3"}}
{"@timestamp": "2026-02-09T16:31:27.456258+00:00", "service": {"name": "dummy-backend"}, "log": {"level": "INFO"}, "route": "/checkout", "status": 200, "latency_ms": 568, "user_id": "u117", "message": "ok", "trace": {"id": "753cf13bc8472250"}}
{"@timestamp": "2026-02-09T16:31:27.959045+00:00", "service": {"name": "dummy-backend"}, "log": {"level": "INFO"}, "route": "/logout", "status": 200, "latency_ms": 752, "user_id": "u055", "message": "ok", "trace": {"id": "dd71b2c7ea48d095"}}
{"@timestamp": "2026-02-09T16:31:28.461269+00:00", "service": {"name": "dummy-backend"}, "log": {"level": "INFO"}, "route": "/login", "status": 200, "latency_ms": 936, "user_id": "u092", "message": "ok", "trace": {"id": "13d197b2489f7d2d"}}
{"@timestamp": "2026-02-09T16:31:28.964051+00:00", "service": {"name": "dummy-backend"}, "log": {"level": "INFO"}, "route": "/profile", "status": 200, "latency_ms": 146, "user_id": "u004", "message": "ok", "trace": {"id": "4de5ce5c8079a2fb"}}
{"@timestamp": "2026-02-09T16:31:29.466262+00:00", "service": {"name": "dummy-backend"}, "log": {"level": "INFO"}, "route": "/profile", "status": 200, "latency_ms": 745, "user_id": "u029", "message": "ok", "trace": {"id": "a3893461a56ea785"}}
{"@timestamp": "2026-02-09T16:31:29.968474+00:00", "service": {"name": "dummy-backend"}, "log": {"level": "INFO"}, "route": "/search", "status": 200, "latency_ms": 634, "user_id": "u132", "message": "ok", "trace": {"id": "42bc2dac8ddc388a"}}
{"@timestamp": "2026-02-09T16:31:30.471176+00:00", "service": {"name": "dummy-backend"}, "log": {"level": "INFO"}, "route": "/logout", "status": 200, "latency_ms": 1012, "user_id": "u192", "message": "ok", "trace": {"id": "36e4aff51e5ec947"}}
{"@timestamp": "2026-02-09T16:31:30.973609+00:00", "service": {"name": "dummy-backend"}, "log": {"level": "INFO"}, "route": "/profile", "status": 200, "latency_ms": 498, "user_id": "u029", "message": "ok", "trace": {"id": "d1278d543d15fe9c"}}
{"@timestamp": "2026-02-09T16:31:31.476483+00:00", "service": {"name": "dummy-backend"}, "log": {"level": "INFO"}, "route": "/profile", "status": 200, "latency_ms": 823, "user_id": "u093", "message": "ok", "trace": {"id": "c1e61584bd204030"}}
{"@timestamp": "2026-02-09T16:31:31.979199+00:00", "service": {"name": "dummy-backend"}, "log": {"level": "INFO"}, "route": "/search", "status": 200, "latency_ms": 1098, "user_id": "u085", "message": "ok", "trace": {"id": "69000e3a4edb549d"}}
{"@timestamp": "2026-02-09T16:31:32.481748+00:00", "service": {"name": "dummy-backend"}, "log": {"level": "INFO"}, "route": "/checkout", "status": 200, "latency_ms": 829, "user_id": "u015", "message": "ok", "trace": {"id": "ef5ac8fd9903ff1d"}}
{"@timestamp": "2026-02-09T16:31:32.985095+00:00", "service": {"name": "dummy-backend"}, "log": {"level": "INFO"}, "route": "/profile", "status": 200, "latency_ms": 1022, "user_id": "u165", "message": "ok", "trace": {"id": "7bce228b8507c960"}}
{"@timestamp": "2026-02-09T16:31:33.487745+00:00", "service": {"name": "dummy-backend"}, "log": {"level": "INFO"}, "route": "/profile", "status": 200, "latency_ms": 523, "user_id": "u075", "message": "ok", "trace": {"id": "c8412ab47fbe7488"}}
{"@timestamp": "2026-02-09T16:31:33.991593+00:00", "service": {"name": "dummy-backend"}, "log": {"level": "INFO"}, "route": "/logout", "status": 200, "latency_ms": 270, "user_id": "u149", "message": "ok", "trace": {"id": "f4eea7bea051056b"}}
{"@timestamp": "2026-02-09T16:31:34.494065+00:00", "service": {"name": "dummy-backend"}, "log": {"level": "WARN"}, "route": "/profile", "status": 200, "latency_ms": 438, "user_id": "u054", "message": "ok", "trace": {"id": "10eec534abaacfd4"}}
{"@timestamp": "2026-02-09T16:31:34.996570+00:00", "service": {"name": "dummy-backend"}, "log": {"level": "INFO"}, "route": "/search", "status": 200, "latency_ms": 603, "user_id": "u052", "message": "ok", "trace": {"id": "d9f0c7e617859935"}}
{"@timestamp": "2026-02-09T16:31:35.499747+00:00", "service": {"name": "dummy-backend"}, "log": {"level": "INFO"}, "route": "/logout", "status": 200, "latency_ms": 601, "user_id": "u145", "message": "ok", "trace": {"id": "3c0ea92a6227795d"}}
{"@timestamp": "2026-02-09T16:31:36.002774+00:00", "service": {"name": "dummy-backend"}, "log": {"level": "INFO"}, "route": "/search", "status": 200, "latency_ms": 757, "user_id": "u011", "message": "ok", "trace": {"id": "3519a60f755cf4a3"}}
{"@timestamp": "2026-02-09T16:31:36.505506+00:00", "service": {"name": "dummy-backend"}, "log": {"level": "INFO"}, "route": "/profile", "status": 200, "latency_ms": 893, "user_id": "u118", "message": "ok", "trace": {"id": "19a4d95b0b1d05cf"}}
{"@timestamp": "2026-02-09T16:31:37.008611+00:00", "service": {"name": "dummy-backend"}, "log": {"level": "INFO"}, "route": "/logout", "status": 200, "latency_ms": 44, "user_id": "u069", "message": "ok", "trace": {"id": "821b8593f6e08652"}}
{"@timestamp": "2026-02-09T16:31:37.510956+00:00", "service": {"name": "dummy-backend"}, "log": {"level": "INFO"}, "route": "/search", "status": 200, "latency_ms": 1048, "user_id": "u091", "message": "ok", "trace": {"id": "4e86e72dbee98dbc"}}
{"@timestamp": "2026-02-09T16:31:38.013471+00:00", "service": {"name": "dummy-backend"}, "log": {"level": "INFO"}, "route": "/logout", "status": 200, "latency_ms": 163, "user_id": "u072", "message": "ok", "trace": {"id": "9ac50bfa2c266564"}}
{"@timestamp": "2026-02-09T16:31:38.516304+00:00", "service": {"name": "dummy-backend"}, "log": {"level": "INFO"}, "route": "/search", "status": 200, "latency_ms": 979, "user_id": "u079", "message": "ok", "trace": {"id": "df66733401ebe2dc"}}
{"@timestamp": "2026-02-09T16:31:39.024278+00:00", "service": {"name": "dummy-backend"}, "log": {"level": "INFO"}, "route": "/login", "status": 200, "latency_ms": 200, "user_id": "u195", "message": "ok", "trace": {"id": "bcf640f73cbc5b36"}}
{"@timestamp": "2026-02-09T16:31:39.526920+00:00", "service": {"name": "dummy-backend"}, "log": {"level": "WARN"}, "route": "/login", "status": 200, "latency_ms": 1017, "user_id": "u070", "message": "ok", "trace": {"id": "83472bf33a8afb59"}}
{"@timestamp": "2026-02-09T16:31:40.029829+00:00", "service": {"name": "dummy-backend"}, "log": {"level": "INFO"}, "route": "/search", "status": 200, "latency_ms": 637, "user_id": "u019", "message": "ok", "trace": {"id": "f4454c18ff19e679"}}
{"@timestamp": "2026-02-09T16:31:40.533457+00:00", "service": {"name": "dummy-backend"}, "log": {"level": "INFO"}, "route": "/profile", "status": 200, "latency_ms": 87, "user_id": "u144", "message": "ok", "trace": {"id": "f1bb563a77e6d9cf"}}
{"@timestamp": "2026-02-09T16:31:41.036280+00:00", "service": {"name": "dummy-backend"}, "log": {"level": "INFO"}, "route": "/login", "status": 200, "latency_ms": 19, "user_id": "u171", "message": "ok", "trace": {"id": "2d8ffcd11b8583f0"}}
{"@timestamp": "2026-02-09T16:31:41.539711+00:00", "service": {"name": "dummy-backend"}, "log": {"level": "INFO"}, "route": "/search", "status": 200, "latency_ms": 1019, "user_id": "u181", "message": "ok", "trace": {"id": "86607d6bade15865"}}
{"@timestamp": "2026-02-09T16:31:42.043160+00:00", "service": {"name": "dummy-backend"}, "log": {"level": "INFO"}, "route": "/search", "status": 200, "latency_ms": 1165, "user_id": "u176", "message": "ok", "trace": {"id": "abb4d99e7a701724"}}
{"@timestamp": "2026-02-09T16:31:42.545705+00:00", "service": {"name": "dummy-backend"}, "log": {"level": "INFO"}, "route": "/checkout", "status": 200, "latency_ms": 195, "user_id": "u081", "message": "ok", "trace": {"id": "0e56bc1604425bb5"}}
{"@timestamp": "2026-02-09T16:31:43.048465+00:00", "service": {"name": "dummy-backend"}, "log": {"level": "INFO"}, "route": "/profile", "status": 200, "latency_ms": 626, "user_id": "u157", "message": "ok", "trace": {"id": "ab227d725e1d3181"}}
{"@timestamp": "2026-02-09T16:31:43.551726+00:00", "service": {"name": "dummy-backend"}, "log": {"level": "INFO"}, "route": "/login", "status": 200, "latency_ms": 117, "user_id": "u176", "message": "ok", "trace": {"id": "3dbe9e3142937955"}}
{"@timestamp": "2026-02-09T16:31:44.054167+00:00", "service": {"name": "dummy-backend"}, "log": {"level": "INFO"}, "route": "/profile", "status": 200, "latency_ms": 690, "user_id": "u104", "message": "ok", "trace": {"id": "15569910b8a5f9b6"}}
{"@timestamp": "2026-02-09T16:31:44.557091+00:00", "service": {"name": "dummy-backend"}, "log": {"level": "INFO"}, "route": "/login", "status": 200, "latency_ms": 525, "user_id": "u096", "message": "ok", "trace": {"id": "2811af4a1c931ae0"}}
{"@timestamp": "2026-02-09T16:31:45.059538+00:00", "service": {"name": "dummy-backend"}, "log": {"level": "WARN"}, "route": "/search", "status": 200, "latency_ms": 124, "user_id": "u175", "message": "ok", "trace": {"id": "7f9a51534a5310eb"}}
{"@timestamp": "2026-02-09T16:31:45.562383+00:00", "service": {"name": "dummy-backend"}, "log": {"level": "INFO"}, "route": "/checkout", "status": 200, "latency_ms": 1022, "user_id": "u028", "message": "ok", "trace": {"id": "08a5b5e202060b3e"}}
{"@timestamp": "2026-02-09T16:31:46.064859+00:00", "service": {"name": "dummy-backend"}, "log": {"level": "INFO"}, "route": "/search", "status": 200, "latency_ms": 923, "user_id": "u171", "message": "ok", "trace": {"id": "7df49618644432a5"}}
{"@timestamp": "2026-02-09T16:31:46.567082+00:00", "service": {"name": "dummy-backend"}, "log": {"level": "INFO"}, "route": "/search", "status": 200, "latency_ms": 57, "user_id": "u050", "message": "ok", "trace": {"id": "4b8a268e8fe9fe19"}}
{"@timestamp": "2026-02-09T16:31:47.070242+00:00", "service": {"name": "dummy-backend"}, "log": {"level": "INFO"}, "route": "/profile", "status": 200, "latency_ms": 816, "user_id": "u070", "message": "ok", "trace": {"id": "d47e6e41115c4a27"}}
{"@timestamp": "2026-02-09T16:31:47.572754+00:00", "service": {"name": "dummy-backend"}, "log": {"level": "INFO"}, "route": "/checkout", "status": 200, "latency_ms": 1106, "user_id": "u073", "message": "ok", "trace": {"id": "4f18242650264fba"}}
{"@timestamp": "2026-02-09T16:31:48.075859+00:00", "service": {"name": "dummy-backend"}, "log": {"level": "INFO"}, "route": "/logout", "status": 200, "latency_ms": 1087, "user_id": "u087", "message": "ok", "trace": {"id": "9cf5cbf7a35b3048"}}
{"@timestamp": "2026-02-09T16:31:48.579723+00:00", "service": {"name": "dummy-backend"}, "log": {"level": "WARN"}, "route": "/login", "status": 200, "latency_ms": 418, "user_id": "u166", "message": "ok", "trace": {"id": "cae9199dcec52ed7"}}
{"@timestamp": "2026-02-09T16:31:49.083489+00:00", "service": {"name": "dummy-backend"}, "log": {"level": "INFO"}, "route": "/logout", "status": 200, "latency_ms": 378, "user_id": "u090", "message": "ok", "trace": {"id": "063ceeb94136514b"}}
{"@timestamp": "2026-02-09T16:31:49.585937+00:00", "service": {"name": "dummy-backend"}, "log": {"level": "INFO"}, "route": "/profile", "status": 200, "latency_ms": 41, "user_id": "u166", "message": "ok", "trace": {"id": "b34f114c573c7708"}}
{"@timestamp": "2026-02-09T16:31:50.089113+00:00", "service": {"name": "dummy-backend"}, "log": {"level": "INFO"}, "route": "/profile", "status": 200, "latency_ms": 419, "user_id": "u109", "message": "ok", "trace": {"id": "f7890ba55157bfdb"}}
{"@timestamp": "2026-02-09T16:31:50.592893+00:00", "service": {"name": "dummy-backend"}, "log": {"level": "INFO"}, "route": "/profile", "status": 200, "latency_ms": 453, "user_id": "u006", "message": "ok", "trace": {"id": "e32278e4a5b9c44c"}}
{"@timestamp": "2026-02-09T16:31:51.099892+00:00", "service": {"name": "dummy-backend"}, "log": {"level": "INFO"}, "route": "/login", "status": 200, "latency_ms": 134, "user_id": "u022", "message": "ok", "trace": {"id": "faaef5fbc38fca5e"}}
{"@timestamp": "2026-02-09T16:31:51.602703+00:00", "service": {"name": "dummy-backend"}, "log": {"level": "INFO"}, "route": "/search", "status": 200, "latency_ms": 588, "user_id": "u045", "message": "ok", "trace": {"id": "fcf08956763a8b30"}}
{"@timestamp": "2026-02-09T16:31:52.105467+00:00", "service": {"name": "dummy-backend"}, "log": {"level": "INFO"}, "route": "/checkout", "status": 200, "latency_ms": 106, "user_id": "u161", "message": "ok", "trace": {"id": "fe51590e9acb2450"}}
{"@timestamp": "2026-02-09T16:31:52.611152+00:00", "service": {"name": "dummy-backend"}, "log": {"level": "INFO"}, "route": "/checkout", "status": 200, "latency_ms": 886, "user_id": "u168", "message": "ok", "trace": {"id": "a5e6a7cf5a30e7a1"}}
{"@timestamp": "2026-02-09T16:31:53.113866+00:00", "service": {"name": "dummy-backend"}, "log": {"level": "INFO"}, "route": "/checkout", "status": 200, "latency_ms": 947, "user_id": "u101", "message": "ok", "trace": {"id": "d45b5ab76d932410"}}
{"@timestamp": "2026-02-09T16:31:53.616396+00:00", "service": {"name": "dummy-backend"}, "log": {"level": "INFO"}, "route": "/profile", "status": 200, "latency_ms": 1090, "user_id": "u109", "message": "ok", "trace": {"id": "93628e63e6e2b10e"}}
{"@timestamp": "2026-02-09T16:31:54.118962+00:00", "service": {"name": "dummy-backend"}, "log": {"level": "INFO"}, "route": "/profile", "status": 200, "latency_ms": 734, "user_id": "u003", "message": "ok", "trace": {"id": "109b3074fe3e8ff7"}}
{"@timestamp": "2026-02-09T16:31:54.621132+00:00", "service": {"name": "dummy-backend"}, "log": {"level": "INFO"}, "route": "/logout", "status": 200, "latency_ms": 142, "user_id": "u154", "message": "ok", "trace": {"id": "33a302785b761f73"}}
{"@timestamp": "2026-02-09T16:31:55.118051+00:00", "service": {"name": "dummy-backend"}, "log": {"level": "WARN"}, "route": "/profile", "status": 200, "latency_ms": 950, "user_id": "u010", "message": "ok", "trace": {"id": "4170d6d2a0bdd4cf"}}
{"@timestamp": "2026-02-09T16:31:55.620812+00:00", "service": {"name": "dummy-backend"}, "log": {"level": "INFO"}, "route": "/login", "status": 200, "latency_ms": 1025, "user_id": "u162", "message": "ok", "trace": {"id": "55add68da5ab716c"}}
{"@timestamp": "2026-02-09T16:31:56.123230+00:00", "service": {"name": "dummy-backend"}, "log": {"level": "WARN"}, "route": "/search", "status": 200, "latency_ms": 813, "user_id": "u150", "message": "ok", "trace": {"id": "1c03e1a2866137aa"}}
{"@timestamp": "2026-02-09T16:31:56.626504+00:00", "service": {"name": "dummy-backend"}, "log": {"level": "INFO"}, "route": "/checkout", "status": 200, "latency_ms": 680, "user_id": "u065", "message": "ok", "trace": {"id": "0fed8569dc6a365a"}}
{"@timestamp": "2026-02-09T16:31:57.128933+00:00", "service": {"name": "dummy-backend"}, "log": {"level": "INFO"}, "route": "/profile", "status": 200, "latency_ms": 134, "user_id": "u085", "message": "ok", "trace": {"id": "43d5cff0e2007f2d"}}
{"@timestamp": "2026-02-09T16:31:57.631508+00:00", "service": {"name": "dummy-backend"}, "log": {"level": "INFO"}, "route": "/profile", "status": 200, "latency_ms": 1006, "user_id": "u130", "message": "ok", "trace": {"id": "fe1cfdd0917b742e"}}
{"@timestamp": "2026-02-09T16:31:58.133859+00:00", "service": {"name": "dummy-backend"}, "log": {"level": "INFO"}, "route": "/checkout", "status": 200, "latency_ms": 50, "user_id": "u141", "message": "ok", "trace": {"id": "d1f7a978e3f885cd"}}
{"@timestamp": "2026-02-09T16:31:58.636515+00:00", "service": {"name": "dummy-backend"}, "log": {"level": "INFO"}, "route": "/login", "status": 200, "latency_ms": 706, "user_id": "u055", "message": "ok", "trace": {"id": "5f21d332924485cb"}}
{"@timestamp": "2026-02-09T16:31:59.139182+00:00", "service": {"name": "dummy-backend"}, "log": {"level": "INFO"}, "route": "/profile", "status": 200, "latency_ms": 65, "user_id": "u126", "message": "ok", "trace": {"id": "fb86ac5cddd8d64b"}}
{"@timestamp": "2026-02-09T16:31:59.641759+00:00", "service": {"name": "dummy-backend"}, "log": {"level": "INFO"}, "route": "/logout", "status": 200, "latency_ms": 868, "user_id": "u045", "message": "ok", "trace": {"id": "172727003282a298"}}
{"@timestamp": "2026-02-09T16:32:00.144507+00:00", "service": {"name": "dummy-backend"}, "log": {"level": "INFO"}, "route": "/logout", "status": 200, "latency_ms": 10, "user_id": "u174", "message": "ok", "trace": {"id": "2950feb9f54c4a6d"}}
{"@timestamp": "2026-02-09T16:32:00.647210+00:00", "service": {"name": "dummy-backend"}, "log": {"level": "INFO"}, "route": "/checkout", "status": 200, "latency_ms": 281, "user_id": "u182", "message": "ok", "trace": {"id": "e1b9274e7f79f291"}}
{"@timestamp": "2026-02-09T16:32:01.150458+00:00", "service": {"name": "dummy-backend"}, "log": {"level": "INFO"}, "route": "/login", "status": 200, "latency_ms": 783, "user_id": "u181", "message": "ok", "trace": {"id": "cc33dfc094982ac3"}}
{"@timestamp": "2026-02-09T16:32:01.653046+00:00", "service": {"name": "dummy-backend"}, "log": {"level": "INFO"}, "route": "/logout", "status": 200, "latency_ms": 1196, "user_id": "u187", "message": "ok", "trace": {"id": "4b7932c6b8f1cd8b"}}
{"@timestamp": "2026-02-09T16:32:02.155829+00:00", "service": {"name": "dummy-backend"}, "log": {"level": "INFO"}, "route": "/logout", "status": 200, "latency_ms": 267, "user_id": "u019", "message": "ok", "trace": {"id": "cb44be81882e7f10"}}
{"@timestamp": "2026-02-09T16:32:02.658494+00:00", "service": {"name": "dummy-backend"}, "log": {"level": "INFO"}, "route": "/logout", "status": 200, "latency_ms": 280, "user_id": "u036", "message": "ok", "trace": {"id": "5808728fafa334a3"}}
{"@timestamp": "2026-02-09T16:32:03.161284+00:00", "service": {"name": "dummy-backend"}, "log": {"level": "INFO"}, "route": "/checkout", "status": 200, "latency_ms": 281, "user_id": "u166", "message": "ok", "trace": {"id": "72ffb7974fa6023c"}}
{"@timestamp": "2026-02-09T16:32:03.665217+00:00", "service": {"name": "dummy-backend"}, "log": {"level": "ERROR"}, "route": "/search", "status": 200, "latency_ms": 816, "user_id": "u082", "message": "ok", "trace": {"id": "f347807714614c5c"}}
{"@timestamp": "2026-02-09T16:32:04.168147+00:00", "service": {"name": "dummy-backend"}, "log": {"level": "WARN"}, "route": "/login", "status": 200, "latency_ms": 1147, "user_id": "u151", "message": "ok", "trace": {"id": "2f5261687b4e4144"}}
{"@timestamp": "2026-02-09T16:32:04.670842+00:00", "service": {"name": "dummy-backend"}, "log": {"level": "INFO"}, "route": "/login", "status": 200, "latency_ms": 1198, "user_id": "u177", "message": "ok", "trace": {"id": "659c3e61ac81d8df"}}
{"@timestamp": "2026-02-09T16:32:05.173750+00:00", "service": {"name": "dummy-backend"}, "log": {"level": "INFO"}, "route": "/logout", "status": 200, "latency_ms": 953, "user_id": "u040", "message": "ok", "trace": {"id": "2b3175ae30a01453"}}
{"@timestamp": "2026-02-09T16:32:05.675978+00:00", "service": {"name": "dummy-backend"}, "log": {"level": "INFO"}, "route": "/login", "status": 200, "latency_ms": 571, "user_id": "u081", "message": "ok", "trace": {"id": "109d7decae6a507d"}}
{"@timestamp": "2026-02-09T16:32:06.178231+00:00", "service": {"name": "dummy-backend"}, "log": {"level": "WARN"}, "route": "/logout", "status": 200, "latency_ms": 1023, "user_id": "u154", "message": "ok", "trace": {"id": "a40183e5829d215b"}}
{"@timestamp": "2026-02-09T16:32:06.681510+00:00", "service": {"name": "dummy-backend"}, "log": {"level": "INFO"}, "route": "/logout", "status": 200, "latency_ms": 430, "user_id": "u171", "message": "ok", "trace": {"id": "7cdb5f54b38f02dc"}}
{"@timestamp": "2026-02-09T16:32:07.185560+00:00", "service": {"name": "dummy-backend"}, "log": {"level": "INFO"}, "route": "/checkout", "status": 200, "latency_ms": 445, "user_id": "u105", "message": "ok", "trace": {"id": "bfc316158d3d061a"}}
{"@timestamp": "2026-02-09T16:32:07.688713+00:00", "service": {"name": "dummy-backend"}, "log": {"level": "INFO"}, "route": "/profile", "status": 200, "latency_ms": 1164, "user_id": "u128", "message": "ok", "trace": {"id": "55bf98f380a83cfe"}}
{"@timestamp": "2026-02-09T16:32:08.191738+00:00", "service": {"name": "dummy-backend"}, "log": {"level": "INFO"}, "route": "/logout", "status": 200, "latency_ms": 772, "user_id": "u111", "message": "ok", "trace": {"id": "031089f9d660da4a"}}
{"@timestamp": "2026-02-09T16:32:08.695456+00:00", "service": {"name": "dummy-backend"}, "log": {"level": "INFO"}, "route": "/checkout", "status": 200, "latency_ms": 1140, "user_id": "u167", "message": "ok", "trace": {"id": "f1824712c8116b9f"}}
{"@timestamp": "2026-02-09T16:32:09.198850+00:00", "service": {"name": "dummy-backend"}, "log": {"level": "INFO"}, "route": "/checkout", "status": 200, "latency_ms": 894, "user_id": "u013", "message": "ok", "trace": {"id": "1dc67a1ecd688a23"}}
{"@timestamp": "2026-02-09T16:32:09.702693+00:00", "service": {"name": "dummy-backend"}, "log": {"level": "ERROR"}, "route": "/logout", "status": 200, "latency_ms": 521, "user_id": "u086", "message": "ok", "trace": {"id": "9b6571afb3e69ebf"}}
{"@timestamp": "2026-02-09T16:32:10.205354+00:00", "service": {"name": "dummy-backend"}, "log": {"level": "ERROR"}, "route": "/search", "status": 200, "latency_ms": 932, "user_id": "u071", "message": "ok", "trace": {"id": "2c601a2d7d178f6d"}}
{"@timestamp": "2026-02-09T16:32:10.710114+00:00", "service": {"name": "dummy-backend"}, "log": {"level": "WARN"}, "route": "/search", "status": 200, "latency_ms": 168, "user_id": "u013", "message": "ok", "trace": {"id": "c09770c4bba68d88"}}
{"@timestamp": "2026-02-09T16:32:11.212887+00:00", "service": {"name": "dummy-backend"}, "log": {"level": "INFO"}, "route": "/search", "status": 200, "latency_ms": 969, "user_id": "u058", "message": "ok", "trace": {"id": "d8d3443f344330b9"}}
{"@timestamp": "2026-02-09T16:32:11.717587+00:00", "service": {"name": "dummy-backend"}, "log": {"level": "INFO"}, "route": "/checkout", "status": 200, "latency_ms": 207, "user_id": "u140", "message": "ok", "trace": {"id": "7350bca47700c999"}}
{"@timestamp": "2026-02-09T16:32:12.220481+00:00", "service": {"name": "dummy-backend"}, "log": {"level": "INFO"}, "route": "/profile", "status": 200, "latency_ms": 145, "user_id": "u011", "message": "ok", "trace": {"id": "8946f37c8fe1075b"}}
{"@timestamp": "2026-02-09T16:32:12.723248+00:00", "service": {"name": "dummy-backend"}, "log": {"level": "INFO"}, "route": "/checkout", "status": 200, "latency_ms": 191, "user_id": "u145", "message": "ok", "trace": {"id": "c0b5857f54b74fe2"}}
{"@timestamp": "2026-02-09T16:32:13.226468+00:00", "service": {"name": "dummy-backend"}, "log": {"level": "INFO"}, "route": "/profile", "status": 200, "latency_ms": 1153, "user_id": "u032", "message": "ok", "trace": {"id": "0ba65b0b8a2fdbd4"}}
{"@timestamp": "2026-02-09T16:32:13.729797+00:00", "service": {"name": "dummy-backend"}, "log": {"level": "INFO"}, "route": "/search", "status": 200, "latency_ms": 625, "user_id": "u141", "message": "ok", "trace": {"id": "a14fb2a2c80dd86f"}}
{"@timestamp": "2026-02-09T16:32:14.242335+00:00", "service": {"name": "dummy-backend"}, "log": {"level": "INFO"}, "route": "/search", "status": 200, "latency_ms": 228, "user_id": "u181", "message": "ok", "trace": {"id": "d289d3932d1516f1"}}
{"@timestamp": "2026-02-09T16:32:14.749612+00:00", "service": {"name": "dummy-backend"}, "log": {"level": "INFO"}, "route": "/profile", "status": 200, "latency_ms": 315, "user_id": "u110", "message": "ok", "trace": {"id": "3ab5431dc562622d"}}
{"@timestamp": "2026-02-09T16:32:15.253305+00:00", "service": {"name": "dummy-backend"}, "log": {"level": "WARN"}, "route": "/login", "status": 200, "latency_ms": 236, "user_id": "u162", "message": "ok", "trace": {"id": "cd0c7c74612cfa4e"}}
{"@timestamp": "2026-02-09T16:32:15.755899+00:00", "service": {"name": "dummy-backend"}, "log": {"level": "INFO"}, "route": "/profile", "status": 200, "latency_ms": 442, "user_id": "u168", "message": "ok", "trace": {"id": "f776af62577048d3"}}
{"@timestamp": "2026-02-09T16:32:16.258722+00:00", "service": {"name": "dummy-backend"}, "log": {"level": "INFO"}, "route": "/logout", "status": 200, "latency_ms": 180, "user_id": "u195", "message": "ok", "trace": {"id": "680ab99ae7ae9990"}}
{"@timestamp": "2026-02-09T16:32:16.761729+00:00", "service": {"name": "dummy-backend"}, "log": {"level": "INFO"}, "route": "/checkout", "status": 200, "latency_ms": 765, "user_id": "u115", "message": "ok", "trace": {"id": "37de0b8395f247db"}}
{"@timestamp": "2026-02-09T16:32:17.265222+00:00", "service": {"name": "dummy-backend"}, "log": {"level": "INFO"}, "route": "/login", "status": 200, "latency_ms": 984, "user_id": "u098", "message": "ok", "trace": {"id": "ea4ed6aa2312b698"}}
{"@timestamp": "2026-02-09T16:32:17.769658+00:00", "service": {"name": "dummy-backend"}, "log": {"level": "ERROR"}, "route": "/search", "status": 200, "latency_ms": 646, "user_id": "u126", "message": "ok", "trace": {"id": "f0c7fd770f1976f1"}}
{"@timestamp": "2026-02-09T16:32:18.272757+00:00", "service": {"name": "dummy-backend"}, "log": {"level": "INFO"}, "route": "/checkout", "status": 200, "latency_ms": 1027, "user_id": "u194", "message": "ok", "trace": {"id": "025c3b29d5297938"}}
{"@timestamp": "2026-02-09T16:32:18.775658+00:00", "service": {"name": "dummy-backend"}, "log": {"level": "INFO"}, "route": "/login", "status": 200, "latency_ms": 1013, "user_id": "u068", "message": "ok", "trace": {"id": "217a7bf147837506"}}
{"@timestamp": "2026-02-09T16:32:19.278836+00:00", "service": {"name": "dummy-backend"}, "log": {"level": "INFO"}, "route": "/logout", "status": 200, "latency_ms": 1157, "user_id": "u003", "message": "ok", "trace": {"id": "8a77b17579b82ca8"}}
{"@timestamp": "2026-02-09T16:32:19.782071+00:00", "service": {"name": "dummy-backend"}, "log": {"level": "INFO"}, "route": "/checkout", "status": 200, "latency_ms": 599, "user_id": "u012", "message": "ok", "trace": {"id": "4ce94e7709ef11b5"}}
{"@timestamp": "2026-02-09T16:32:20.285215+00:00", "service": {"name": "dummy-backend"}, "log": {"level": "INFO"}, "route": "/profile", "status": 200, "latency_ms": 1036, "user_id": "u041", "message": "ok", "trace": {"id": "07723a01437d2d75"}}
{"@timestamp": "2026-02-09T16:32:20.787687+00:00", "service": {"name": "dummy-backend"}, "log": {"level": "INFO"}, "route": "/logout", "status": 200, "latency_ms": 254, "user_id": "u171", "message": "ok", "trace": {"id": "64d6178e3552ee62"}}
{"@timestamp": "2026-02-09T16:32:21.291513+00:00", "service": {"name": "dummy-backend"}, "log": {"level": "WARN"}, "route": "/checkout", "status": 500, "latency_ms": 1140, "user_id": "u037", "message": "insufficient_stock", "trace": {"id": "6ba28b40a85b7353"}}
{"@timestamp": "2026-02-09T16:32:21.794314+00:00", "service": {"name": "dummy-backend"}, "log": {"level": "INFO"}, "route": "/checkout", "status": 200, "latency_ms": 845, "user_id": "u195", "message": "ok", "trace": {"id": "beb3a9014390e0b3"}}
{"@timestamp": "2026-02-09T16:32:22.296874+00:00", "service": {"name": "dummy-backend"}, "log": {"level": "INFO"}, "route": "/search", "status": 200, "latency_ms": 1194, "user_id": "u145", "message": "ok", "trace": {"id": "16c8c04132467e18"}}
{"@timestamp": "2026-02-09T16:32:22.799415+00:00", "service": {"name": "dummy-backend"}, "log": {"level": "INFO"}, "route": "/search", "status": 200, "latency_ms": 477, "user_id": "u041", "message": "ok", "trace": {"id": "73604ecad24ae8e9"}}
{"@timestamp": "2026-02-09T16:32:23.302303+00:00", "service": {"name": "dummy-backend"}, "log": {"level": "INFO"}, "route": "/logout", "status": 200, "latency_ms": 1065, "user_id": "u125", "message": "ok", "trace": {"id": "438e027e28762106"}}
{"@timestamp": "2026-02-09T16:32:23.809593+00:00", "service": {"name": "dummy-backend"}, "log": {"level": "INFO"}, "route": "/checkout", "status": 200, "latency_ms": 1000, "user_id": "u085", "message": "ok", "trace": {"id": "b5cd17a754e56436"}}
{"@timestamp": "2026-02-09T16:32:24.312466+00:00", "service": {"name": "dummy-backend"}, "log": {"level": "INFO"}, "route": "/profile", "status": 200, "latency_ms": 393, "user_id": "u164", "message": "ok", "trace": {"id": "c74a5ec7a10f9842"}}
{"@timestamp": "2026-02-09T16:32:24.814871+00:00", "service": {"name": "dummy-backend"}, "log": {"level": "INFO"}, "route": "/search", "status": 200, "latency_ms": 140, "user_id": "u150", "message": "ok", "trace": {"id": "e9246bb3a3d96ce7"}}
{"@timestamp": "2026-02-09T16:32:25.310514+00:00", "service": {"name": "dummy-backend"}, "log": {"level": "INFO"}, "route": "/search", "status": 200, "latency_ms": 738, "user_id": "u137", "message": "ok", "trace": {"id": "d03071af16529c27"}}
{"@timestamp": "2026-02-09T16:32:25.813175+00:00", "service": {"name": "dummy-backend"}, "log": {"level": "INFO"}, "route": "/logout", "status": 200, "latency_ms": 659, "user_id": "u169", "message": "ok", "trace": {"id": "e82ee130e6deee29"}}
{"@timestamp": "2026-02-09T16:32:26.315902+00:00", "service": {"name": "dummy-backend"}, "log": {"level": "INFO"}, "route": "/search", "status": 200, "latency_ms": 38, "user_id": "u191", "message": "ok", "trace": {"id": "ca86a8ca7117aca3"}}
{"@timestamp": "2026-02-09T16:32:26.818281+00:00", "service": {"name": "dummy-backend"}, "log": {"level": "INFO"}, "route": "/logout", "status": 200, "latency_ms": 630, "user_id": "u184", "message": "ok", "trace": {"id": "1cb099b40a97618a"}}
{"@timestamp": "2026-02-09T16:32:27.320859+00:00", "service": {"name": "dummy-backend"}, "log": {"level": "INFO"}, "route": "/login", "status": 200, "latency_ms": 1050, "user_id": "u054", "message": "ok", "trace": {"id": "3b3ca1ceeaf6655c"}}
{"@timestamp": "2026-02-09T16:32:27.823687+00:00", "service": {"name": "dummy-backend"}, "log": {"level": "INFO"}, "route": "/checkout", "status": 200, "latency_ms": 285, "user_id": "u097", "message": "ok", "trace": {"id": "e03b342cf854f848"}}
{"@timestamp": "2026-02-09T16:32:28.326574+00:00", "service": {"name": "dummy-backend"}, "log": {"level": "INFO"}, "route": "/search", "status": 200, "latency_ms": 958, "user_id": "u086", "message": "ok", "trace": {"id": "24ce234b65f321a6"}}
{"@timestamp": "2026-02-09T16:32:28.829528+00:00", "service": {"name": "dummy-backend"}, "log": {"level": "INFO"}, "route": "/search", "status": 200, "latency_ms": 888, "user_id": "u127", "message": "ok", "trace": {"id": "824ddd8d1df0b09c"}}
{"@timestamp": "2026-02-09T16:32:29.332164+00:00", "service": {"name": "dummy-backend"}, "log": {"level": "INFO"}, "route": "/checkout", "status": 200, "latency_ms": 1194, "user_id": "u189", "message": "ok", "trace": {"id": "ed44245f574f4596"}}
{"@timestamp": "2026-02-09T16:32:29.834743+00:00", "service": {"name": "dummy-backend"}, "log": {"level": "INFO"}, "route": "/checkout", "status": 200, "latency_ms": 826, "user_id": "u134", "message": "ok", "trace": {"id": "e22693eabe682d34"}}
{"@timestamp": "2026-02-09T16:32:30.337544+00:00", "service": {"name": "dummy-backend"}, "log": {"level": "INFO"}, "route": "/checkout", "status": 200, "latency_ms": 381, "user_id": "u158", "message": "ok", "trace": {"id": "f03ee03d76a94243"}}
{"@timestamp": "2026-02-09T16:32:30.840509+00:00", "service": {"name": "dummy-backend"}, "log": {"level": "INFO"}, "route": "/logout", "status": 200, "latency_ms": 202, "user_id": "u161", "message": "ok", "trace": {"id": "78f0ef2052c75456"}}
{"@timestamp": "2026-02-09T16:32:31.342839+00:00", "service": {"name": "dummy-backend"}, "log": {"level": "INFO"}, "route": "/logout", "status": 200, "latency_ms": 231, "user_id": "u129", "message": "ok", "trace": {"id": "13b247df771a3000"}}
{"@timestamp": "2026-02-09T16:32:31.845555+00:00", "service": {"name": "dummy-backend"}, "log": {"level": "INFO"}, "route": "/search", "status": 200, "latency_ms": 982, "user_id": "u072", "message": "ok", "trace": {"id": "4a3d054937ad7492"}}
{"@timestamp": "2026-02-09T16:32:32.348480+00:00", "service": {"name": "dummy-backend"}, "log": {"level": "INFO"}, "route": "/logout", "status": 200, "latency_ms": 954, "user_id": "u187", "message": "ok", "trace": {"id": "cb80b5a270555d0e"}}
{"@timestamp": "2026-02-09T16:32:32.851718+00:00", "service": {"name": "dummy-backend"}, "log": {"level": "INFO"}, "route": "/checkout", "status": 200, "latency_ms": 892, "user_id": "u076", "message": "ok", "trace": {"id": "faede03052be2426"}}
{"@timestamp": "2026-02-09T16:32:33.354768+00:00", "service": {"name": "dummy-backend"}, "log": {"level": "ERROR"}, "route": "/profile", "status": 200, "latency_ms": 84, "user_id": "u178", "message": "ok", "trace": {"id": "428b9c41d1cf9108"}}
{"@timestamp": "2026-02-09T16:32:33.857288+00:00", "service": {"name": "dummy-backend"}, "log": {"level": "INFO"}, "route": "/search", "status": 200, "latency_ms": 1063, "user_id": "u197", "message": "ok", "trace": {"id": "8a7df01d82a507c2"}}
{"@timestamp": "2026-02-09T16:32:34.360107+00:00", "service": {"name": "dummy-backend"}, "log": {"level": "WARN"}, "route": "/login", "status": 200, "latency_ms": 683, "user_id": "u029", "message": "ok", "trace": {"id": "d6bba49678d378cf"}}
{"@timestamp": "2026-02-09T16:32:34.863076+00:00", "service": {"name": "dummy-backend"}, "log": {"level": "INFO"}, "route": "/logout", "status": 200, "latency_ms": 720, "user_id": "u036", "message": "ok", "trace": {"id": "aceb1ce268e8843e"}}
{"@timestamp": "2026-02-09T16:32:35.365702+00:00", "service": {"name": "dummy-backend"}, "log": {"level": "INFO"}, "route": "/login", "status": 200, "latency_ms": 523, "user_id": "u140", "message": "ok", "trace": {"id": "6a681189057c6fe7"}}
{"@timestamp": "2026-02-09T16:32:35.868778+00:00", "service": {"name": "dummy-backend"}, "log": {"level": "INFO"}, "route": "/checkout", "status": 200, "latency_ms": 193, "user_id": "u054", "message": "ok", "trace": {"id": "0ebbe434eda8e640"}}
{"@timestamp": "2026-02-09T16:32:36.371556+00:00", "service": {"name": "dummy-backend"}, "log": {"level": "INFO"}, "route": "/logout", "status": 200, "latency_ms": 808, "user_id": "u137", "message": "ok", "trace": {"id": "e2c1be3b5d192bf3"}}
{"@timestamp": "2026-02-09T16:32:36.874610+00:00", "service": {"name": "dummy-backend"}, "log": {"level": "INFO"}, "route": "/checkout", "status": 200, "latency_ms": 325, "user_id": "u164", "message": "ok", "trace": {"id": "f39f4e1a1b24d774"}}
{"@timestamp": "2026-02-09T16:32:37.377399+00:00", "service": {"name": "dummy-backend"}, "log": {"level": "INFO"}, "route": "/login", "status": 200, "latency_ms": 787, "user_id": "u081", "message": "ok", "trace": {"id": "7d50ebabd1027adb"}}
{"@timestamp": "2026-02-09T16:32:37.881199+00:00", "service": {"name": "dummy-backend"}, "log": {"level": "INFO"}, "route": "/logout", "status": 200, "latency_ms": 676, "user_id": "u011", "message": "ok", "trace": {"id": "1f396954fc668133"}}
{"@timestamp": "2026-02-09T16:32:38.384409+00:00", "service": {"name": "dummy-backend"}, "log": {"level": "WARN"}, "route": "/logout", "status": 200, "latency_ms": 1114, "user_id": "u153", "message": "ok", "trace": {"id": "11f4e5bf4711e182"}}
{"@timestamp": "2026-02-09T16:32:38.887339+00:00", "service": {"name": "dummy-backend"}, "log": {"level": "WARN"}, "route": "/login", "status": 200, "latency_ms": 597, "user_id": "u031", "message": "ok", "trace": {"id": "84b7199f08c10b84"}}
{"@timestamp": "2026-02-09T16:32:39.389815+00:00", "service": {"name": "dummy-backend"}, "log": {"level": "INFO"}, "route": "/logout", "status": 200, "latency_ms": 1056, "user_id": "u038", "message": "ok", "trace": {"id": "91c7c1a1cfa0c01b"}}
{"@timestamp": "2026-02-09T16:32:39.892764+00:00", "service": {"name": "dummy-backend"}, "log": {"level": "INFO"}, "route": "/login", "status": 200, "latency_ms": 570, "user_id": "u139", "message": "ok", "trace": {"id": "ea64ea451ff76dee"}}
{"@timestamp": "2026-02-09T16:32:40.396423+00:00", "service": {"name": "dummy-backend"}, "log": {"level": "WARN"}, "route": "/profile", "status": 200, "latency_ms": 401, "user_id": "u074", "message": "ok", "trace": {"id": "2aa6f3a16ce9e02f"}}
{"@timestamp": "2026-02-09T16:32:40.899163+00:00", "service": {"name": "dummy-backend"}, "log": {"level": "WARN"}, "route": "/profile", "status": 200, "latency_ms": 739, "user_id": "u091", "message": "ok", "trace": {"id": "f5bdfa1b192fccfb"}}
{"@timestamp": "2026-02-09T16:32:41.401968+00:00", "service": {"name": "dummy-backend"}, "log": {"level": "INFO"}, "route": "/login", "status": 200, "latency_ms": 291, "user_id": "u031", "message": "ok", "trace": {"id": "57a2a7d3845fe56c"}}
{"@timestamp": "2026-02-09T16:32:41.905310+00:00", "service": {"name": "dummy-backend"}, "log": {"level": "WARN"}, "route": "/logout", "status": 200, "latency_ms": 914, "user_id": "u067", "message": "ok", "trace": {"id": "51680e9b760bae3c"}}
{"@timestamp": "2026-02-09T16:32:42.407915+00:00", "service": {"name": "dummy-backend"}, "log": {"level": "ERROR"}, "route": "/profile", "status": 200, "latency_ms": 745, "user_id": "u138", "message": "ok", "trace": {"id": "28db43087d1e097f"}}
{"@timestamp": "2026-02-09T16:32:42.910782+00:00", "service": {"name": "dummy-backend"}, "log": {"level": "ERROR"}, "route": "/search", "status": 200, "latency_ms": 659, "user_id": "u180", "message": "ok", "trace": {"id": "25f6e5628be1723e"}}
{"@timestamp": "2026-02-09T16:32:43.413689+00:00", "service": {"name": "dummy-backend"}, "log": {"level": "INFO"}, "route": "/profile", "status": 200, "latency_ms": 955, "user_id": "u026", "message": "ok", "trace": {"id": "bd31e96037b7976d"}}
{"@timestamp": "2026-02-09T16:32:43.916229+00:00", "service": {"name": "dummy-backend"}, "log": {"level": "INFO"}, "route": "/search", "status": 200, "latency_ms": 692, "user_id": "u135", "message": "ok", "trace": {"id": "9025b4da5daae383"}}
{"@timestamp": "2026-02-09T16:32:44.419717+00:00", "service": {"name": "dummy-backend"}, "log": {"level": "WARN"}, "route": "/profile", "status": 200, "latency_ms": 666, "user_id": "u080", "message": "ok", "trace": {"id": "c0b09214925aa1dc"}}
{"@timestamp": "2026-02-09T16:32:44.922724+00:00", "service": {"name": "dummy-backend"}, "log": {"level": "INFO"}, "route": "/search", "status": 200, "latency_ms": 1026, "user_id": "u186", "message": "ok", "trace": {"id": "b0c29d344625dc80"}}
{"@timestamp": "2026-02-09T16:32:45.425363+00:00", "service": {"name": "dummy-backend"}, "log": {"level": "INFO"}, "route": "/profile", "status": 200, "latency_ms": 239, "user_id": "u034", "message": "ok", "trace": {"id": "d9addecd445f44ce"}}
{"@timestamp": "2026-02-09T16:32:45.927903+00:00", "service": {"name": "dummy-backend"}, "log": {"level": "WARN"}, "route": "/checkout", "status": 409, "latency_ms": 756, "user_id": "u171", "message": "payment_retry", "trace": {"id": "1c50866faec0bff3"}}
{"@timestamp": "2026-02-09T16:32:46.430719+00:00", "service": {"name": "dummy-backend"}, "log": {"level": "INFO"}, "route": "/login", "status": 200, "latency_ms": 573, "user_id": "u102", "message": "ok", "trace": {"id": "40b73026a3257318"}}
{"@timestamp": "2026-02-09T16:32:46.933235+00:00", "service": {"name": "dummy-backend"}, "log": {"level": "INFO"}, "route": "/checkout", "status": 200, "latency_ms": 919, "user_id": "u001", "message": "ok", "trace": {"id": "127ff049f0b31ec7"}}
{"@timestamp": "2026-02-09T16:32:47.436011+00:00", "service": {"name": "dummy-backend"}, "log": {"level": "INFO"}, "route": "/search", "status": 200, "latency_ms": 1136, "user_id": "u156", "message": "ok", "trace": {"id": "67ccc36e543d3de3"}}
{"@timestamp": "2026-02-09T16:32:47.938756+00:00", "service": {"name": "dummy-backend"}, "log": {"level": "INFO"}, "route": "/logout", "status": 200, "latency_ms": 446, "user_id": "u084", "message": "ok", "trace": {"id": "38204433aa9a69bc"}}
{"@timestamp": "2026-02-09T16:32:48.441512+00:00", "service": {"name": "dummy-backend"}, "log": {"level": "INFO"}, "route": "/login", "status": 200, "latency_ms": 394, "user_id": "u029", "message": "ok", "trace": {"id": "522ae38f850b78d2"}}
{"@timestamp": "2026-02-09T16:32:48.944410+00:00", "service": {"name": "dummy-backend"}, "log": {"level": "INFO"}, "route": "/search", "status": 200, "latency_ms": 235, "user_id": "u111", "message": "ok", "trace": {"id": "63dd66b6fc1e043a"}}
{"@timestamp": "2026-02-09T16:32:49.447066+00:00", "service": {"name": "dummy-backend"}, "log": {"level": "INFO"}, "route": "/logout", "status": 200, "latency_ms": 720, "user_id": "u043", "message": "ok", "trace": {"id": "32158949115bdf37"}}
{"@timestamp": "2026-02-09T16:32:49.950209+00:00", "service": {"name": "dummy-backend"}, "log": {"level": "INFO"}, "route": "/logout", "status": 200, "latency_ms": 229, "user_id": "u095", "message": "ok", "trace": {"id": "092b9de95f971aea"}}
{"@timestamp": "2026-02-09T16:32:50.453559+00:00", "service": {"name": "dummy-backend"}, "log": {"level": "INFO"}, "route": "/profile", "status": 200, "latency_ms": 495, "user_id": "u107", "message": "ok", "trace": {"id": "e3a0f33caae26719"}}
{"@timestamp": "2026-02-09T16:32:50.956022+00:00", "service": {"name": "dummy-backend"}, "log": {"level": "INFO"}, "route": "/search", "status": 200, "latency_ms": 444, "user_id": "u107", "message": "ok", "trace": {"id": "b3df7d0dc83dde2f"}}
{"@timestamp": "2026-02-09T16:32:51.458428+00:00", "service": {"name": "dummy-backend"}, "log": {"level": "ERROR"}, "route": "/checkout", "status": 409, "latency_ms": 611, "user_id": "u118", "message": "insufficient_stock", "trace": {"id": "4af616641b2e1d0b"}}
{"@timestamp": "2026-02-09T16:32:51.962374+00:00", "service": {"name": "dummy-backend"}, "log": {"level": "INFO"}, "route": "/login", "status": 200, "latency_ms": 347, "user_id": "u074", "message": "ok", "trace": {"id": "bc162ab0d184f459"}}
{"@timestamp": "2026-02-09T16:32:52.465689+00:00", "service": {"name": "dummy-backend"}, "log": {"level": "INFO"}, "route": "/search", "status": 200, "latency_ms": 414, "user_id": "u098", "message": "ok", "trace": {"id": "8ec365662e53c9e4"}}
{"@timestamp": "2026-02-09T16:32:52.972090+00:00", "service": {"name": "dummy-backend"}, "log": {"level": "INFO"}, "route": "/profile", "status": 200, "latency_ms": 672, "user_id": "u044", "message": "ok", "trace": {"id": "e78cc04ad6ee86ac"}}
{"@timestamp": "2026-02-09T16:32:53.474645+00:00", "service": {"name": "dummy-backend"}, "log": {"level": "INFO"}, "route": "/logout", "status": 200, "latency_ms": 334, "user_id": "u026", "message": "ok", "trace": {"id": "b7582ac6c30dce03"}}
{"@timestamp": "2026-02-09T16:32:53.977204+00:00", "service": {"name": "dummy-backend"}, "log": {"level": "WARN"}, "route": "/profile", "status": 200, "latency_ms": 992, "user_id": "u149", "message": "ok", "trace": {"id": "ad0655a3cce3fb1f"}}
{"@timestamp": "2026-02-09T16:32:54.479969+00:00", "service": {"name": "dummy-backend"}, "log": {"level": "INFO"}, "route": "/search", "status": 200, "latency_ms": 365, "user_id": "u162", "message": "ok", "trace": {"id": "0a3b7fb046bd0ae5"}}
{"@timestamp": "2026-02-09T16:32:54.978764+00:00", "service": {"name": "dummy-backend"}, "log": {"level": "INFO"}, "route": "/search", "status": 200, "latency_ms": 31, "user_id": "u152", "message": "ok", "trace": {"id": "9a8219eba2aec9ab"}}
{"@timestamp": "2026-02-09T16:32:55.482357+00:00", "service": {"name": "dummy-backend"}, "log": {"level": "INFO"}, "route": "/login", "status": 200, "latency_ms": 572, "user_id": "u187", "message": "ok", "trace": {"id": "59a6b910dbd2a17f"}}
{"@timestamp": "2026-02-09T16:32:55.985395+00:00", "service": {"name": "dummy-backend"}, "log": {"level": "INFO"}, "route": "/logout", "status": 200, "latency_ms": 274, "user_id": "u091", "message": "ok", "trace": {"id": "ef25e60a714d54e8"}}
{"@timestamp": "2026-02-09T16:32:56.487802+00:00", "service": {"name": "dummy-backend"}, "log": {"level": "INFO"}, "route": "/login", "status": 200, "latency_ms": 746, "user_id": "u128", "message": "ok", "trace": {"id": "e3721b3cd8e2d817"}}
{"@timestamp": "2026-02-09T16:32:56.990387+00:00", "service": {"name": "dummy-backend"}, "log": {"level": "WARN"}, "route": "/profile", "status": 200, "latency_ms": 821, "user_id": "u077", "message": "ok", "trace": {"id": "d546a887626b24f5"}}
{"@timestamp": "2026-02-09T16:32:57.502910+00:00", "service": {"name": "dummy-backend"}, "log": {"level": "INFO"}, "route": "/search", "status": 200, "latency_ms": 784, "user_id": "u111", "message": "ok", "trace": {"id": "94aae800dc276dec"}}
{"@timestamp": "2026-02-09T16:32:58.009951+00:00", "service": {"name": "dummy-backend"}, "log": {"level": "INFO"}, "route": "/checkout", "status": 200, "latency_ms": 32, "user_id": "u091", "message": "ok", "trace": {"id": "f13a259d358dffda"}}
{"@timestamp": "2026-02-09T16:32:58.512973+00:00", "service": {"name": "dummy-backend"}, "log": {"level": "INFO"}, "route": "/checkout", "status": 200, "latency_ms": 573, "user_id": "u163", "message": "ok", "trace": {"id": "37a296aa0112a2fb"}}
{"@timestamp": "2026-02-09T16:32:59.015809+00:00", "service": {"name": "dummy-backend"}, "log": {"level": "INFO"}, "route": "/search", "status": 200, "latency_ms": 778, "user_id": "u167", "message": "ok", "trace": {"id": "cdf5a2ff441619a3"}}
{"@timestamp": "2026-02-09T16:32:59.518672+00:00", "service": {"name": "dummy-backend"}, "log": {"level": "INFO"}, "route": "/logout", "status": 200, "latency_ms": 429, "user_id": "u107", "message": "ok", "trace": {"id": "e7a8aa995aa4f68e"}}
{"@timestamp": "2026-02-09T16:33:00.021812+00:00", "service": {"name": "dummy-backend"}, "log": {"level": "WARN"}, "route": "/login", "status": 200, "latency_ms": 79, "user_id": "u028", "message": "ok", "trace": {"id": "4df36fca28d71a33"}}
{"@timestamp": "2026-02-09T16:33:00.524715+00:00", "service": {"name": "dummy-backend"}, "log": {"level": "INFO"}, "route": "/login", "status": 200, "latency_ms": 903, "user_id": "u072", "message": "ok", "trace": {"id": "1dec1d67164c6c50"}}
{"@timestamp": "2026-02-09T16:33:01.028086+00:00", "service": {"name": "dummy-backend"}, "log": {"level": "INFO"}, "route": "/search", "status": 200, "latency_ms": 152, "user_id": "u023", "message": "ok", "trace": {"id": "8dbb2b913c9a6662"}}
{"@timestamp": "2026-02-09T16:33:01.530534+00:00", "service": {"name": "dummy-backend"}, "log": {"level": "INFO"}, "route": "/login", "status": 200, "latency_ms": 730, "user_id": "u190", "message": "ok", "trace": {"id": "6d595a9159ae7b26"}}
{"@timestamp": "2026-02-09T16:33:02.033295+00:00", "service": {"name": "dummy-backend"}, "log": {"level": "ERROR"}, "route": "/profile", "status": 200, "latency_ms": 1113, "user_id": "u074", "message": "ok", "trace": {"id": "e047360370718835"}}
{"@timestamp": "2026-02-09T16:33:02.535587+00:00", "service": {"name": "dummy-backend"}, "log": {"level": "INFO"}, "route": "/login", "status": 200, "latency_ms": 69, "user_id": "u112", "message": "ok", "trace": {"id": "2dd3666079e72419"}}
{"@timestamp": "2026-02-09T16:33:03.038490+00:00", "service": {"name": "dummy-backend"}, "log": {"level": "INFO"}, "route": "/checkout", "status": 200, "latency_ms": 109, "user_id": "u046", "message": "ok", "trace": {"id": "2f089c461db0fb6d"}}
{"@timestamp": "2026-02-09T16:33:03.540987+00:00", "service": {"name": "dummy-backend"}, "log": {"level": "INFO"}, "route": "/login", "status": 200, "latency_ms": 608, "user_id": "u112", "message": "ok", "trace": {"id": "2ad845a19acb8c8a"}}
{"@timestamp": "2026-02-09T16:33:04.043325+00:00", "service": {"name": "dummy-backend"}, "log": {"level": "INFO"}, "route": "/profile", "status": 200, "latency_ms": 97, "user_id": "u032", "message": "ok", "trace": {"id": "f755576f86e8c329"}}
{"@timestamp": "2026-02-09T16:33:04.546964+00:00", "service": {"name": "dummy-backend"}, "log": {"level": "WARN"}, "route": "/logout", "status": 200, "latency_ms": 43, "user_id": "u175", "message": "ok", "trace": {"id": "f24636b5244f3841"}}
{"@timestamp": "2026-02-09T16:33:05.049976+00:00", "service": {"name": "dummy-backend"}, "log": {"level": "INFO"}, "route": "/search", "status": 200, "latency_ms": 895, "user_id": "u197", "message": "ok", "trace": {"id": "f0dc4eddef611418"}}
{"@timestamp": "2026-02-09T16:33:05.553006+00:00", "service": {"name": "dummy-backend"}, "log": {"level": "INFO"}, "route": "/logout", "status": 200, "latency_ms": 688, "user_id": "u139", "message": "ok", "trace": {"id": "7cb918f8d012b501"}}
{"@timestamp": "2026-02-09T16:33:06.056448+00:00", "service": {"name": "dummy-backend"}, "log": {"level": "INFO"}, "route": "/profile", "status": 200, "latency_ms": 848, "user_id": "u002", "message": "ok", "trace": {"id": "b0857a95aabbe773"}}
{"@timestamp": "2026-02-09T16:33:06.559306+00:00", "service": {"name": "dummy-backend"}, "log": {"level": "INFO"}, "route": "/profile", "status": 200, "latency_ms": 127, "user_id": "u037", "message": "ok", "trace": {"id": "d5cf6d4da773ca89"}}
{"@timestamp": "2026-02-09T16:33:07.062322+00:00", "service": {"name": "dummy-backend"}, "log": {"level": "INFO"}, "route": "/logout", "status": 200, "latency_ms": 226, "user_id": "u038", "message": "ok", "trace": {"id": "28cdb1de8cf34899"}}
{"@timestamp": "2026-02-09T16:33:07.565479+00:00", "service": {"name": "dummy-backend"}, "log": {"level": "INFO"}, "route": "/checkout", "status": 200, "latency_ms": 1079, "user_id": "u124", "message": "ok", "trace": {"id": "15e6e154c6e5b9b5"}}
{"@timestamp": "2026-02-09T16:33:08.068020+00:00", "service": {"name": "dummy-backend"}, "log": {"level": "INFO"}, "route": "/profile", "status": 200, "latency_ms": 1124, "user_id": "u180", "message": "ok", "trace": {"id": "fd1c383b019351e2"}}
{"@timestamp": "2026-02-09T16:33:08.570701+00:00", "service": {"name": "dummy-backend"}, "log": {"level": "INFO"}, "route": "/search", "status": 200, "latency_ms": 986, "user_id": "u069", "message": "ok", "trace": {"id": "8239d840a3ae6e5d"}}
{"@timestamp": "2026-02-09T16:33:09.073556+00:00", "service": {"name": "dummy-backend"}, "log": {"level": "INFO"}, "route": "/login", "status": 200, "latency_ms": 378, "user_id": "u112", "message": "ok", "trace": {"id": "971e28765f9334f4"}}
{"@timestamp": "2026-02-09T16:33:09.576104+00:00", "service": {"name": "dummy-backend"}, "log": {"level": "INFO"}, "route": "/profile", "status": 200, "latency_ms": 49, "user_id": "u079", "message": "ok", "trace": {"id": "f81866001e314bf9"}}
{"@timestamp": "2026-02-09T16:33:10.078612+00:00", "service": {"name": "dummy-backend"}, "log": {"level": "INFO"}, "route": "/search", "status": 200, "latency_ms": 957, "user_id": "u111", "message": "ok", "trace": {"id": "cfc76b1e5f7ff646"}}
{"@timestamp": "2026-02-09T16:33:10.581571+00:00", "service": {"name": "dummy-backend"}, "log": {"level": "INFO"}, "route": "/search", "status": 200, "latency_ms": 563, "user_id": "u112", "message": "ok", "trace": {"id": "1400195566c98304"}}
{"@timestamp": "2026-02-09T16:33:11.084616+00:00", "service": {"name": "dummy-backend"}, "log": {"level": "INFO"}, "route": "/login", "status": 200, "latency_ms": 954, "user_id": "u094", "message": "ok", "trace": {"id": "359613b2a6499247"}}
{"@timestamp": "2026-02-09T16:33:11.587586+00:00", "service": {"name": "dummy-backend"}, "log": {"level": "WARN"}, "route": "/checkout", "status": 422, "latency_ms": 767, "user_id": "u100", "message": "gateway_error", "trace": {"id": "74a75bc6f99463ae"}}
{"@timestamp": "2026-02-09T16:33:12.090784+00:00", "service": {"name": "dummy-backend"}, "log": {"level": "ERROR"}, "route": "/checkout", "status": 500, "latency_ms": 476, "user_id": "u127", "message": "gateway_error", "trace": {"id": "1af09dbb3b5156aa"}}
{"@timestamp": "2026-02-09T16:33:12.593364+00:00", "service": {"name": "dummy-backend"}, "log": {"level": "INFO"}, "route": "/logout", "status": 200, "latency_ms": 334, "user_id": "u063", "message": "ok", "trace": {"id": "854c054b197483cd"}}
{"@timestamp": "2026-02-09T16:33:13.096145+00:00", "service": {"name": "dummy-backend"}, "log": {"level": "INFO"}, "route": "/logout", "status": 200, "latency_ms": 1021, "user_id": "u082", "message": "ok", "trace": {"id": "ba5ee4cf55a631c1"}}
{"@timestamp": "2026-02-09T16:33:13.602082+00:00", "service": {"name": "dummy-backend"}, "log": {"level": "INFO"}, "route": "/checkout", "status": 200, "latency_ms": 622, "user_id": "u009", "message": "ok", "trace": {"id": "bdaee97d139f5c40"}}
{"@timestamp": "2026-02-09T16:33:14.105216+00:00", "service": {"name": "dummy-backend"}, "log": {"level": "INFO"}, "route": "/search", "status": 200, "latency_ms": 1193, "user_id": "u197", "message": "ok", "trace": {"id": "b1bd7aef7d0426ec"}}
{"@timestamp": "2026-02-09T16:33:14.607786+00:00", "service": {"name": "dummy-backend"}, "log": {"level": "INFO"}, "route": "/profile", "status": 200, "latency_ms": 255, "user_id": "u111", "message": "ok", "trace": {"id": "c960528876ddec5e"}}
{"@timestamp": "2026-02-09T16:33:15.110563+00:00", "service": {"name": "dummy-backend"}, "log": {"level": "INFO"}, "route": "/login", "status": 200, "latency_ms": 448, "user_id": "u069", "message": "ok", "trace": {"id": "dc589f372db9cfb5"}}
{"@timestamp": "2026-02-09T16:33:15.613384+00:00", "service": {"name": "dummy-backend"}, "log": {"level": "INFO"}, "route": "/login", "status": 200, "latency_ms": 862, "user_id": "u134", "message": "ok", "trace": {"id": "a5b3463cfb9f90d2"}}
{"@timestamp": "2026-02-09T16:33:16.116094+00:00", "service": {"name": "dummy-backend"}, "log": {"level": "ERROR"}, "route": "/login", "status": 401, "latency_ms": 1093, "user_id": "u079", "message": "invalid_password", "trace": {"id": "e04ab51c3f263655"}}
{"@timestamp": "2026-02-09T16:33:16.619508+00:00", "service": {"name": "dummy-backend"}, "log": {"level": "INFO"}, "route": "/login", "status": 200, "latency_ms": 568, "user_id": "u146", "message": "ok", "trace": {"id": "038677def55f4131"}}
{"@timestamp": "2026-02-09T16:33:17.121810+00:00", "service": {"name": "dummy-backend"}, "log": {"level": "INFO"}, "route": "/profile", "status": 200, "latency_ms": 1036, "user_id": "u121", "message": "ok", "trace": {"id": "686f74af2f7a8ff5"}}
{"@timestamp": "2026-02-09T16:33:17.624717+00:00", "service": {"name": "dummy-backend"}, "log": {"level": "INFO"}, "route": "/profile", "status": 200, "latency_ms": 709, "user_id": "u141", "message": "ok", "trace": {"id": "22f471c9520e7a2e"}}
{"@timestamp": "2026-02-09T16:33:18.127345+00:00", "service": {"name": "dummy-backend"}, "log": {"level": "INFO"}, "route": "/search", "status": 200, "latency_ms": 64, "user_id": "u116", "message": "ok", "trace": {"id": "ec92ed19b817050f"}}
{"@timestamp": "2026-02-09T16:33:18.629959+00:00", "service": {"name": "dummy-backend"}, "log": {"level": "INFO"}, "route": "/logout", "status": 200, "latency_ms": 880, "user_id": "u127", "message": "ok", "trace": {"id": "550bb6975a34b44e"}}
{"@timestamp": "2026-02-09T16:33:19.132317+00:00", "service": {"name": "dummy-backend"}, "log": {"level": "INFO"}, "route": "/search", "status": 200, "latency_ms": 839, "user_id": "u164", "message": "ok", "trace": {"id": "870c83450ae9b234"}}
{"@timestamp": "2026-02-09T16:33:19.635501+00:00", "service": {"name": "dummy-backend"}, "log": {"level": "INFO"}, "route": "/checkout", "status": 200, "latency_ms": 439, "user_id": "u102", "message": "ok", "trace": {"id": "42e6f131b77885ad"}}
{"@timestamp": "2026-02-09T16:33:20.138154+00:00", "service": {"name": "dummy-backend"}, "log": {"level": "INFO"}, "route": "/logout", "status": 200, "latency_ms": 341, "user_id": "u172", "message": "ok", "trace": {"id": "b273c1bd386fee01"}}
{"@timestamp": "2026-02-09T16:33:20.640943+00:00", "service": {"name": "dummy-backend"}, "log": {"level": "INFO"}, "route": "/search", "status": 200, "latency_ms": 408, "user_id": "u102", "message": "ok", "trace": {"id": "af992338874d872e"}}
{"@timestamp": "2026-02-09T16:33:21.143558+00:00", "service": {"name": "dummy-backend"}, "log": {"level": "INFO"}, "route": "/checkout", "status": 200, "latency_ms": 312, "user_id": "u169", "message": "ok", "trace": {"id": "483f0b0e93bcae27"}}
{"@timestamp": "2026-02-09T16:33:21.647442+00:00", "service": {"name": "dummy-backend"}, "log": {"level": "INFO"}, "route": "/profile", "status": 200, "latency_ms": 42, "user_id": "u057", "message": "ok", "trace": {"id": "2f4b4f483519388a"}}
{"@timestamp": "2026-02-09T16:33:22.151518+00:00", "service": {"name": "dummy-backend"}, "log": {"level": "INFO"}, "route": "/login", "status": 200, "latency_ms": 953, "user_id": "u152", "message": "ok", "trace": {"id": "1122c5a6f7fa4ffb"}}
{"@timestamp": "2026-02-09T16:33:22.655652+00:00", "service": {"name": "dummy-backend"}, "log": {"level": "INFO"}, "route": "/search", "status": 200, "latency_ms": 24, "user_id": "u089", "message": "ok", "trace": {"id": "069a094e53d8cc06"}}
{"@timestamp": "2026-02-09T16:33:23.158758+00:00", "service": {"name": "dummy-backend"}, "log": {"level": "INFO"}, "route": "/search", "status": 200, "latency_ms": 123, "user_id": "u073", "message": "ok", "trace": {"id": "c752b4979fa5d2fb"}}
{"@timestamp": "2026-02-09T16:33:23.661806+00:00", "service": {"name": "dummy-backend"}, "log": {"level": "INFO"}, "route": "/search", "status": 200, "latency_ms": 657, "user_id": "u061", "message": "ok", "trace": {"id": "5d7c08b97b3a1d95"}}
{"@timestamp": "2026-02-09T16:33:24.164508+00:00", "service": {"name": "dummy-backend"}, "log": {"level": "INFO"}, "route": "/checkout", "status": 200, "latency_ms": 1105, "user_id": "u061", "message": "ok", "trace": {"id": "1f5cb6e5d7059cea"}}
{"@timestamp": "2026-02-09T16:33:24.667654+00:00", "service": {"name": "dummy-backend"}, "log": {"level": "INFO"}, "route": "/login", "status": 200, "latency_ms": 248, "user_id": "u128", "message": "ok", "trace": {"id": "f457e1f2e18b70cc"}}
{"@timestamp": "2026-02-09T16:33:25.165664+00:00", "service": {"name": "dummy-backend"}, "log": {"level": "INFO"}, "route": "/login", "status": 200, "latency_ms": 934, "user_id": "u175", "message": "ok", "trace": {"id": "91b94e3b131ad8d9"}}
{"@timestamp": "2026-02-09T16:33:25.668736+00:00", "service": {"name": "dummy-backend"}, "log": {"level": "INFO"}, "route": "/checkout", "status": 200, "latency_ms": 104, "user_id": "u047", "message": "ok", "trace": {"id": "b6a818e1e577e02a"}}
{"@timestamp": "2026-02-09T16:33:26.171746+00:00", "service": {"name": "dummy-backend"}, "log": {"level": "INFO"}, "route": "/profile", "status": 200, "latency_ms": 343, "user_id": "u005", "message": "ok", "trace": {"id": "5e06f4d30792d12a"}}
{"@timestamp": "2026-02-09T16:33:26.674486+00:00", "service": {"name": "dummy-backend"}, "log": {"level": "INFO"}, "route": "/logout", "status": 200, "latency_ms": 512, "user_id": "u063", "message": "ok", "trace": {"id": "2fc878fa47ca4f8a"}}
{"@timestamp": "2026-02-09T16:33:27.177295+00:00", "service": {"name": "dummy-backend"}, "log": {"level": "INFO"}, "route": "/login", "status": 200, "latency_ms": 732, "user_id": "u156", "message": "ok", "trace": {"id": "7694917f0e7fa96f"}}
{"@timestamp": "2026-02-09T16:33:27.680086+00:00", "service": {"name": "dummy-backend"}, "log": {"level": "INFO"}, "route": "/checkout", "status": 200, "latency_ms": 833, "user_id": "u027", "message": "ok", "trace": {"id": "c4981a46f778afcd"}}
{"@timestamp": "2026-02-09T16:33:28.183127+00:00", "service": {"name": "dummy-backend"}, "log": {"level": "INFO"}, "route": "/profile", "status": 200, "latency_ms": 749, "user_id": "u124", "message": "ok", "trace": {"id": "d97b882d168a48f4"}}
{"@timestamp": "2026-02-09T16:33:28.685880+00:00", "service": {"name": "dummy-backend"}, "log": {"level": "WARN"}, "route": "/checkout", "status": 409, "latency_ms": 101, "user_id": "u049", "message": "gateway_error", "trace": {"id": "ffc923e4642a12b0"}}
{"@timestamp": "2026-02-09T16:33:29.197279+00:00", "service": {"name": "dummy-backend"}, "log": {"level": "INFO"}, "route": "/login", "status": 200, "latency_ms": 984, "user_id": "u055", "message": "ok", "trace": {"id": "c7f8bf736b1588bb"}}
{"@timestamp": "2026-02-09T16:33:29.699534+00:00", "service": {"name": "dummy-backend"}, "log": {"level": "INFO"}, "route": "/profile", "status": 200, "latency_ms": 445, "user_id": "u110", "message": "ok", "trace": {"id": "36aadfb44e12b5e8"}}
{"@timestamp": "2026-02-09T16:33:30.201838+00:00", "service": {"name": "dummy-backend"}, "log": {"level": "ERROR"}, "route": "/checkout", "status": 500, "latency_ms": 890, "user_id": "u039", "message": "payment_retry", "trace": {"id": "03ba22f4a08cb346"}}
{"@timestamp": "2026-02-09T16:33:30.705189+00:00", "service": {"name": "dummy-backend"}, "log": {"level": "INFO"}, "route": "/profile", "status": 200, "latency_ms": 396, "user_id": "u146", "message": "ok", "trace": {"id": "7843667136ef6d7f"}}
{"@timestamp": "2026-02-09T16:33:31.209491+00:00", "service": {"name": "dummy-backend"}, "log": {"level": "INFO"}, "route": "/profile", "status": 200, "latency_ms": 553, "user_id": "u029", "message": "ok", "trace": {"id": "77d4cee857c80515"}}
{"@timestamp": "2026-02-09T16:33:31.712795+00:00", "service": {"name": "dummy-backend"}, "log": {"level": "INFO"}, "route": "/profile", "status": 200, "latency_ms": 270, "user_id": "u188", "message": "ok", "trace": {"id": "3dd1bb04064e2f4b"}}
{"@timestamp": "2026-02-09T16:33:32.216081+00:00", "service": {"name": "dummy-backend"}, "log": {"level": "ERROR"}, "route": "/search", "status": 200, "latency_ms": 1095, "user_id": "u191", "message": "ok", "trace": {"id": "cd34a994b764201c"}}
{"@timestamp": "2026-02-09T16:33:32.718514+00:00", "service": {"name": "dummy-backend"}, "log": {"level": "INFO"}, "route": "/logout", "status": 200, "latency_ms": 916, "user_id": "u058", "message": "ok", "trace": {"id": "7a508abd822774c3"}}
{"@timestamp": "2026-02-09T16:33:33.222812+00:00", "service": {"name": "dummy-backend"}, "log": {"level": "INFO"}, "route": "/profile", "status": 200, "latency_ms": 957, "user_id": "u019", "message": "ok", "trace": {"id": "5ef4a4b03d4837c6"}}
{"@timestamp": "2026-02-09T16:33:33.725664+00:00", "service": {"name": "dummy-backend"}, "log": {"level": "INFO"}, "route": "/search", "status": 200, "latency_ms": 1170, "user_id": "u166", "message": "ok", "trace": {"id": "b6743d7d2ee20b6c"}}
{"@timestamp": "2026-02-09T16:33:34.229948+00:00", "service": {"name": "dummy-backend"}, "log": {"level": "INFO"}, "route": "/checkout", "status": 200, "latency_ms": 251, "user_id": "u090", "message": "ok", "trace": {"id": "3b7b249ed58fd609"}}
{"@timestamp": "2026-02-09T16:33:34.733216+00:00", "service": {"name": "dummy-backend"}, "log": {"level": "INFO"}, "route": "/profile", "status": 200, "latency_ms": 148, "user_id": "u096", "message": "ok", "trace": {"id": "1f6718f74e04ab96"}}
{"@timestamp": "2026-02-09T16:33:35.236675+00:00", "service": {"name": "dummy-backend"}, "log": {"level": "INFO"}, "route": "/checkout", "status": 200, "latency_ms": 115, "user_id": "u090", "message": "ok", "trace": {"id": "a1a371b4e61032ea"}}
{"@timestamp": "2026-02-09T16:33:35.740052+00:00", "service": {"name": "dummy-backend"}, "log": {"level": "INFO"}, "route": "/profile", "status": 200, "latency_ms": 35, "user_id": "u126", "message": "ok", "trace": {"id": "129d3a26fa7f0ffc"}}
{"@timestamp": "2026-02-09T16:33:36.243690+00:00", "service": {"name": "dummy-backend"}, "log": {"level": "INFO"}, "route": "/login", "status": 200, "latency_ms": 660, "user_id": "u064", "message": "ok", "trace": {"id": "263104326b0cdf04"}}
{"@timestamp": "2026-02-09T16:33:36.746420+00:00", "service": {"name": "dummy-backend"}, "log": {"level": "INFO"}, "route": "/checkout", "status": 200, "latency_ms": 611, "user_id": "u077", "message": "ok", "trace": {"id": "cbfff751db398abd"}}
{"@timestamp": "2026-02-09T16:33:37.248913+00:00", "service": {"name": "dummy-backend"}, "log": {"level": "INFO"}, "route": "/login", "status": 200, "latency_ms": 333, "user_id": "u180", "message": "ok", "trace": {"id": "1bafecbe5b8edb84"}}
{"@timestamp": "2026-02-09T16:33:37.751695+00:00", "service": {"name": "dummy-backend"}, "log": {"level": "INFO"}, "route": "/search", "status": 200, "latency_ms": 131, "user_id": "u023", "message": "ok", "trace": {"id": "6efd5b3f67310ad2"}}
{"@timestamp": "2026-02-09T16:33:38.254476+00:00", "service": {"name": "dummy-backend"}, "log": {"level": "INFO"}, "route": "/checkout", "status": 200, "latency_ms": 188, "user_id": "u126", "message": "ok", "trace": {"id": "9baefb36c53858a4"}}
{"@timestamp": "2026-02-09T16:33:38.757110+00:00", "service": {"name": "dummy-backend"}, "log": {"level": "INFO"}, "route": "/login", "status": 200, "latency_ms": 237, "user_id": "u046", "message": "ok", "trace": {"id": "428c019cc303a847"}}
{"@timestamp": "2026-02-09T16:33:39.260002+00:00", "service": {"name": "dummy-backend"}, "log": {"level": "INFO"}, "route": "/checkout", "status": 200, "latency_ms": 766, "user_id": "u081", "message": "ok", "trace": {"id": "028a4ce26574fd57"}}
{"@timestamp": "2026-02-09T16:33:39.762579+00:00", "service": {"name": "dummy-backend"}, "log": {"level": "WARN"}, "route": "/login", "status": 200, "latency_ms": 973, "user_id": "u075", "message": "ok", "trace": {"id": "83e1a40a7b51bcb7"}}
{"@timestamp": "2026-02-09T16:33:40.265642+00:00", "service": {"name": "dummy-backend"}, "log": {"level": "INFO"}, "route": "/logout", "status": 200, "latency_ms": 680, "user_id": "u173", "message": "ok", "trace": {"id": "6f9037046b383dbc"}}
{"@timestamp": "2026-02-09T16:33:40.768269+00:00", "service": {"name": "dummy-backend"}, "log": {"level": "INFO"}, "route": "/logout", "status": 200, "latency_ms": 457, "user_id": "u187", "message": "ok", "trace": {"id": "de3d9db2b6716cdf"}}
{"@timestamp": "2026-02-09T16:33:41.270697+00:00", "service": {"name": "dummy-backend"}, "log": {"level": "INFO"}, "route": "/search", "status": 200, "latency_ms": 355, "user_id": "u084", "message": "ok", "trace": {"id": "f4dd27630c1e8e52"}}
{"@timestamp": "2026-02-09T16:33:41.773043+00:00", "service": {"name": "dummy-backend"}, "log": {"level": "INFO"}, "route": "/checkout", "status": 200, "latency_ms": 525, "user_id": "u069", "message": "ok", "trace": {"id": "119467e07e6f3206"}}
{"@timestamp": "2026-02-09T16:33:42.275485+00:00", "service": {"name": "dummy-backend"}, "log": {"level": "INFO"}, "route": "/checkout", "status": 200, "latency_ms": 376, "user_id": "u125", "message": "ok", "trace": {"id": "50916172f71b0551"}}
{"@timestamp": "2026-02-09T16:33:42.778467+00:00", "service": {"name": "dummy-backend"}, "log": {"level": "INFO"}, "route": "/profile", "status": 200, "latency_ms": 1182, "user_id": "u016", "message": "ok", "trace": {"id": "97bdb8dc4f82ec55"}}
{"@timestamp": "2026-02-09T16:33:43.281109+00:00", "service": {"name": "dummy-backend"}, "log": {"level": "INFO"}, "route": "/search", "status": 200, "latency_ms": 1105, "user_id": "u023", "message": "ok", "trace": {"id": "d1ffd92c0ca4dd81"}}
{"@timestamp": "2026-02-09T16:33:43.784612+00:00", "service": {"name": "dummy-backend"}, "log": {"level": "INFO"}, "route": "/checkout", "status": 200, "latency_ms": 1075, "user_id": "u143", "message": "ok", "trace": {"id": "9f06068bb3dfe585"}}
{"@timestamp": "2026-02-09T16:33:44.287437+00:00", "service": {"name": "dummy-backend"}, "log": {"level": "INFO"}, "route": "/login", "status": 200, "latency_ms": 857, "user_id": "u170", "message": "ok", "trace": {"id": "6789060f3bb918ae"}}
{"@timestamp": "2026-02-09T16:33:44.791698+00:00", "service": {"name": "dummy-backend"}, "log": {"level": "INFO"}, "route": "/login", "status": 200, "latency_ms": 862, "user_id": "u083", "message": "ok", "trace": {"id": "faacef66f38c5ad0"}}
{"@timestamp": "2026-02-09T16:33:45.294936+00:00", "service": {"name": "dummy-backend"}, "log": {"level": "ERROR"}, "route": "/login", "status": 403, "latency_ms": 1174, "user_id": "u062", "message": "token_expired", "trace": {"id": "7d864e6ca4a3a64d"}}
{"@timestamp": "2026-02-09T16:33:45.798799+00:00", "service": {"name": "dummy-backend"}, "log": {"level": "INFO"}, "route": "/profile", "status": 200, "latency_ms": 626, "user_id": "u094", "message": "ok", "trace": {"id": "c2d09e265de9be99"}}
{"@timestamp": "2026-02-09T16:33:46.301939+00:00", "service": {"name": "dummy-backend"}, "log": {"level": "INFO"}, "route": "/profile", "status": 200, "latency_ms": 743, "user_id": "u053", "message": "ok", "trace": {"id": "799537eb89421c68"}}
{"@timestamp": "2026-02-09T16:33:46.804760+00:00", "service": {"name": "dummy-backend"}, "log": {"level": "INFO"}, "route": "/profile", "status": 200, "latency_ms": 1187, "user_id": "u151", "message": "ok", "trace": {"id": "8ff5ccfc7de66d4b"}}
{"@timestamp": "2026-02-09T16:33:47.307577+00:00", "service": {"name": "dummy-backend"}, "log": {"level": "INFO"}, "route": "/search", "status": 200, "latency_ms": 310, "user_id": "u019", "message": "ok", "trace": {"id": "b97a596f33dfe410"}}
{"@timestamp": "2026-02-09T16:33:47.810465+00:00", "service": {"name": "dummy-backend"}, "log": {"level": "INFO"}, "route": "/login", "status": 200, "latency_ms": 142, "user_id": "u135", "message": "ok", "trace": {"id": "1f98b2ba84384afc"}}
{"@timestamp": "2026-02-09T16:33:48.313247+00:00", "service": {"name": "dummy-backend"}, "log": {"level": "INFO"}, "route": "/profile", "status": 200, "latency_ms": 194, "user_id": "u044", "message": "ok", "trace": {"id": "6dade85cda80edf2"}}
{"@timestamp": "2026-02-09T16:33:48.815734+00:00", "service": {"name": "dummy-backend"}, "log": {"level": "INFO"}, "route": "/logout", "status": 200, "latency_ms": 1070, "user_id": "u162", "message": "ok", "trace": {"id": "bb95744cc75cc688"}}
{"@timestamp": "2026-02-09T16:33:49.318449+00:00", "service": {"name": "dummy-backend"}, "log": {"level": "INFO"}, "route": "/logout", "status": 200, "latency_ms": 1022, "user_id": "u049", "message": "ok", "trace": {"id": "ca0ce02518c2fd80"}}
{"@timestamp": "2026-02-09T16:33:49.821127+00:00", "service": {"name": "dummy-backend"}, "log": {"level": "INFO"}, "route": "/login", "status": 200, "latency_ms": 211, "user_id": "u127", "message": "ok", "trace": {"id": "b61ea0de9fff1e09"}}
{"@timestamp": "2026-02-09T16:33:50.323692+00:00", "service": {"name": "dummy-backend"}, "log": {"level": "INFO"}, "route": "/search", "status": 200, "latency_ms": 1070, "user_id": "u138", "message": "ok", "trace": {"id": "4b5e224c883065b9"}}
{"@timestamp": "2026-02-09T16:33:50.826627+00:00", "service": {"name": "dummy-backend"}, "log": {"level": "INFO"}, "route": "/search", "status": 200, "latency_ms": 1070, "user_id": "u138", "message": "ok", "trace": {"id": "bfa18c706efdceb9"}}
{"@timestamp": "2026-02-09T16:33:51.329216+00:00", "service": {"name": "dummy-backend"}, "log": {"level": "INFO"}, "route": "/login", "status": 200, "latency_ms": 440, "user_id": "u147", "message": "ok", "trace": {"id": "3b7345783031f02a"}}
{"@timestamp": "2026-02-09T16:33:51.831687+00:00", "service": {"name": "dummy-backend"}, "log": {"level": "INFO"}, "route": "/login", "status": 200, "latency_ms": 10, "user_id": "u046", "message": "ok", "trace": {"id": "73ad9365b1671c13"}}
{"@timestamp": "2026-02-09T16:33:52.335149+00:00", "service": {"name": "dummy-backend"}, "log": {"level": "INFO"}, "route": "/login", "status": 200, "latency_ms": 332, "user_id": "u057", "message": "ok", "trace": {"id": "eea6cf4f6cff4349"}}
{"@timestamp": "2026-02-09T16:33:52.837541+00:00", "service": {"name": "dummy-backend"}, "log": {"level": "INFO"}, "route": "/checkout", "status": 200, "latency_ms": 1039, "user_id": "u072", "message": "ok", "trace": {"id": "c9c49da99f42a7c6"}}
{"@timestamp": "2026-02-09T16:33:53.339999+00:00", "service": {"name": "dummy-backend"}, "log": {"level": "ERROR"}, "route": "/logout", "status": 200, "latency_ms": 594, "user_id": "u109", "message": "ok", "trace": {"id": "390f3b87bebf6a84"}}
{"@timestamp": "2026-02-09T16:33:53.844457+00:00", "service": {"name": "dummy-backend"}, "log": {"level": "INFO"}, "route": "/search", "status": 200, "latency_ms": 779, "user_id": "u180", "message": "ok", "trace": {"id": "d090db9618ea15b6"}}
{"@timestamp": "2026-02-09T16:33:54.347522+00:00", "service": {"name": "dummy-backend"}, "log": {"level": "INFO"}, "route": "/search", "status": 200, "latency_ms": 501, "user_id": "u156", "message": "ok", "trace": {"id": "e3f8be3ff5cd2a57"}}
{"@timestamp": "2026-02-09T16:33:54.850677+00:00", "service": {"name": "dummy-backend"}, "log": {"level": "INFO"}, "route": "/checkout", "status": 200, "latency_ms": 687, "user_id": "u041", "message": "ok", "trace": {"id": "227c4bc9bd9eaae2"}}
{"@timestamp": "2026-02-09T16:33:55.347770+00:00", "service": {"name": "dummy-backend"}, "log": {"level": "INFO"}, "route": "/profile", "status": 200, "latency_ms": 93, "user_id": "u115", "message": "ok", "trace": {"id": "23cf6a0d154c1543"}}
{"@timestamp": "2026-02-09T16:33:55.850169+00:00", "service": {"name": "dummy-backend"}, "log": {"level": "INFO"}, "route": "/search", "status": 200, "latency_ms": 447, "user_id": "u077", "message": "ok", "trace": {"id": "172e5d2e86cc76f4"}}
{"@timestamp": "2026-02-09T16:33:56.353397+00:00", "service": {"name": "dummy-backend"}, "log": {"level": "INFO"}, "route": "/login", "status": 200, "latency_ms": 825, "user_id": "u040", "message": "ok", "trace": {"id": "0ea15ad6312bde24"}}
{"@timestamp": "2026-02-09T16:33:56.856846+00:00", "service": {"name": "dummy-backend"}, "log": {"level": "INFO"}, "route": "/login", "status": 200, "latency_ms": 34, "user_id": "u112", "message": "ok", "trace": {"id": "c8873d12d9f0d0ec"}}
{"@timestamp": "2026-02-09T16:33:57.360985+00:00", "service": {"name": "dummy-backend"}, "log": {"level": "INFO"}, "route": "/profile", "status": 200, "latency_ms": 824, "user_id": "u182", "message": "ok", "trace": {"id": "c5085505a70c9f39"}}
{"@timestamp": "2026-02-09T16:33:57.863322+00:00", "service": {"name": "dummy-backend"}, "log": {"level": "INFO"}, "route": "/checkout", "status": 200, "latency_ms": 488, "user_id": "u129", "message": "ok", "trace": {"id": "b98b74fff6c588e2"}}
{"@timestamp": "2026-02-09T16:33:58.366133+00:00", "service": {"name": "dummy-backend"}, "log": {"level": "INFO"}, "route": "/logout", "status": 200, "latency_ms": 388, "user_id": "u109", "message": "ok", "trace": {"id": "0da8dfb03d8f8588"}}
{"@timestamp": "2026-02-09T16:33:58.869172+00:00", "service": {"name": "dummy-backend"}, "log": {"level": "INFO"}, "route": "/login", "status": 200, "latency_ms": 669, "user_id": "u188", "message": "ok", "trace": {"id": "08cded50a79e5f0d"}}
{"@timestamp": "2026-02-09T16:33:59.372184+00:00", "service": {"name": "dummy-backend"}, "log": {"level": "INFO"}, "route": "/profile", "status": 200, "latency_ms": 835, "user_id": "u037", "message": "ok", "trace": {"id": "0f7ab6cff49472cd"}}
{"@timestamp": "2026-02-09T16:33:59.874475+00:00", "service": {"name": "dummy-backend"}, "log": {"level": "INFO"}, "route": "/login", "status": 200, "latency_ms": 1070, "user_id": "u030", "message": "ok", "trace": {"id": "5c3930794611d792"}}
{"@timestamp": "2026-02-09T16:34:00.377460+00:00", "service": {"name": "dummy-backend"}, "log": {"level": "ERROR"}, "route": "/search", "status": 200, "latency_ms": 1071, "user_id": "u154", "message": "ok", "trace": {"id": "15358a425926c785"}}
{"@timestamp": "2026-02-09T16:34:00.881020+00:00", "service": {"name": "dummy-backend"}, "log": {"level": "INFO"}, "route": "/login", "status": 200, "latency_ms": 732, "user_id": "u082", "message": "ok", "trace": {"id": "2f5801e8a4ef772d"}}
{"@timestamp": "2026-02-09T16:34:01.383588+00:00", "service": {"name": "dummy-backend"}, "log": {"level": "WARN"}, "route": "/search", "status": 200, "latency_ms": 1028, "user_id": "u180", "message": "ok", "trace": {"id": "9618a3b513b7dbae"}}
{"@timestamp": "2026-02-09T16:34:01.886180+00:00", "service": {"name": "dummy-backend"}, "log": {"level": "WARN"}, "route": "/profile", "status": 200, "latency_ms": 597, "user_id": "u084", "message": "ok", "trace": {"id": "5992264fed634040"}}
{"@timestamp": "2026-02-09T16:34:02.389195+00:00", "service": {"name": "dummy-backend"}, "log": {"level": "INFO"}, "route": "/profile", "status": 200, "latency_ms": 426, "user_id": "u097", "message": "ok", "trace": {"id": "a0b5110955db6a2d"}}
{"@timestamp": "2026-02-09T16:34:02.891697+00:00", "service": {"name": "dummy-backend"}, "log": {"level": "WARN"}, "route": "/checkout", "status": 422, "latency_ms": 235, "user_id": "u182", "message": "payment_retry", "trace": {"id": "bfc6523369a2b643"}}
{"@timestamp": "2026-02-09T16:34:03.394719+00:00", "service": {"name": "dummy-backend"}, "log": {"level": "INFO"}, "route": "/logout", "status": 200, "latency_ms": 103, "user_id": "u157", "message": "ok", "trace": {"id": "abd32764d170721c"}}
{"@timestamp": "2026-02-09T16:34:03.897028+00:00", "service": {"name": "dummy-backend"}, "log": {"level": "INFO"}, "route": "/checkout", "status": 200, "latency_ms": 641, "user_id": "u032", "message": "ok", "trace": {"id": "5f4259d949c2e609"}}
{"@timestamp": "2026-02-09T16:34:04.400573+00:00", "service": {"name": "dummy-backend"}, "log": {"level": "INFO"}, "route": "/checkout", "status": 200, "latency_ms": 1077, "user_id": "u149", "message": "ok", "trace": {"id": "c8933661097aebde"}}
{"@timestamp": "2026-02-09T16:34:04.903224+00:00", "service": {"name": "dummy-backend"}, "log": {"level": "INFO"}, "route": "/checkout", "status": 200, "latency_ms": 1176, "user_id": "u114", "message": "ok", "trace": {"id": "e39a135227f7ee31"}}
{"@timestamp": "2026-02-09T16:34:05.406160+00:00", "service": {"name": "dummy-backend"}, "log": {"level": "INFO"}, "route": "/login", "status": 200, "latency_ms": 289, "user_id": "u178", "message": "ok", "trace": {"id": "59eff710d5601544"}}
{"@timestamp": "2026-02-09T16:34:05.908733+00:00", "service": {"name": "dummy-backend"}, "log": {"level": "WARN"}, "route": "/search", "status": 200, "latency_ms": 1088, "user_id": "u058", "message": "ok", "trace": {"id": "9ffc6fda4b02761f"}}
{"@timestamp": "2026-02-09T16:34:06.411618+00:00", "service": {"name": "dummy-backend"}, "log": {"level": "ERROR"}, "route": "/logout", "status": 200, "latency_ms": 940, "user_id": "u014", "message": "ok", "trace": {"id": "419e8596409fb9b7"}}
{"@timestamp": "2026-02-09T16:34:06.914313+00:00", "service": {"name": "dummy-backend"}, "log": {"level": "INFO"}, "route": "/login", "status": 200, "latency_ms": 586, "user_id": "u168", "message": "ok", "trace": {"id": "dd7ed18b5907f150"}}
{"@timestamp": "2026-02-09T16:34:07.417448+00:00", "service": {"name": "dummy-backend"}, "log": {"level": "INFO"}, "route": "/search", "status": 200, "latency_ms": 886, "user_id": "u078", "message": "ok", "trace": {"id": "895531eff64d5675"}}
{"@timestamp": "2026-02-09T16:34:07.923506+00:00", "service": {"name": "dummy-backend"}, "log": {"level": "WARN"}, "route": "/profile", "status": 200, "latency_ms": 1120, "user_id": "u078", "message": "ok", "trace": {"id": "f555064eddbdbed5"}}
{"@timestamp": "2026-02-09T16:34:08.426178+00:00", "service": {"name": "dummy-backend"}, "log": {"level": "INFO"}, "route": "/profile", "status": 200, "latency_ms": 962, "user_id": "u024", "message": "ok", "trace": {"id": "bec235af5ff2cb0e"}}
{"@timestamp": "2026-02-09T16:34:08.929139+00:00", "service": {"name": "dummy-backend"}, "log": {"level": "INFO"}, "route": "/search", "status": 200, "latency_ms": 952, "user_id": "u015", "message": "ok", "trace": {"id": "fdc0ae81cadbebfb"}}
{"@timestamp": "2026-02-09T16:34:09.431396+00:00", "service": {"name": "dummy-backend"}, "log": {"level": "INFO"}, "route": "/login", "status": 200, "latency_ms": 405, "user_id": "u185", "message": "ok", "trace": {"id": "c1e842742cc996dc"}}
{"@timestamp": "2026-02-09T16:34:09.933912+00:00", "service": {"name": "dummy-backend"}, "log": {"level": "INFO"}, "route": "/login", "status": 200, "latency_ms": 673, "user_id": "u168", "message": "ok", "trace": {"id": "39491c45a64d4c32"}}
{"@timestamp": "2026-02-09T16:34:10.437256+00:00", "service": {"name": "dummy-backend"}, "log": {"level": "INFO"}, "route": "/search", "status": 200, "latency_ms": 637, "user_id": "u071", "message": "ok", "trace": {"id": "bdf0883f03f0aa1b"}}
{"@timestamp": "2026-02-09T16:34:10.940390+00:00", "service": {"name": "dummy-backend"}, "log": {"level": "WARN"}, "route": "/login", "status": 200, "latency_ms": 171, "user_id": "u009", "message": "ok", "trace": {"id": "1970d15c796429f5"}}
{"@timestamp": "2026-02-09T16:34:11.442969+00:00", "service": {"name": "dummy-backend"}, "log": {"level": "INFO"}, "route": "/checkout", "status": 200, "latency_ms": 940, "user_id": "u140", "message": "ok", "trace": {"id": "7f1341f6d83b8b39"}}
{"@timestamp": "2026-02-09T16:34:11.945723+00:00", "service": {"name": "dummy-backend"}, "log": {"level": "INFO"}, "route": "/checkout", "status": 200, "latency_ms": 317, "user_id": "u093", "message": "ok", "trace": {"id": "2f22fb7c5be92b5f"}}
{"@timestamp": "2026-02-09T16:34:12.448598+00:00", "service": {"name": "dummy-backend"}, "log": {"level": "INFO"}, "route": "/search", "status": 200, "latency_ms": 506, "user_id": "u193", "message": "ok", "trace": {"id": "56d0300538fcfb04"}}
{"@timestamp": "2026-02-09T16:34:12.951148+00:00", "service": {"name": "dummy-backend"}, "log": {"level": "INFO"}, "route": "/login", "status": 200, "latency_ms": 621, "user_id": "u057", "message": "ok", "trace": {"id": "fc9d4c52a455e3f6"}}
{"@timestamp": "2026-02-09T16:34:13.454435+00:00", "service": {"name": "dummy-backend"}, "log": {"level": "INFO"}, "route": "/login", "status": 200, "latency_ms": 817, "user_id": "u034", "message": "ok", "trace": {"id": "21759cc66df89bb8"}}
{"@timestamp": "2026-02-09T16:34:13.956965+00:00", "service": {"name": "dummy-backend"}, "log": {"level": "INFO"}, "route": "/logout", "status": 200, "latency_ms": 577, "user_id": "u161", "message": "ok", "trace": {"id": "cf9affea374dfce0"}}
{"@timestamp": "2026-02-09T16:34:14.459485+00:00", "service": {"name": "dummy-backend"}, "log": {"level": "INFO"}, "route": "/profile", "status": 200, "latency_ms": 1084, "user_id": "u064", "message": "ok", "trace": {"id": "02bc8a73a9981ce9"}}
{"@timestamp": "2026-02-09T16:34:14.963189+00:00", "service": {"name": "dummy-backend"}, "log": {"level": "INFO"}, "route": "/checkout", "status": 200, "latency_ms": 831, "user_id": "u108", "message": "ok", "trace": {"id": "61873626bf5a6bb2"}}
{"@timestamp": "2026-02-09T16:34:15.467102+00:00", "service": {"name": "dummy-backend"}, "log": {"level": "WARN"}, "route": "/logout", "status": 200, "latency_ms": 515, "user_id": "u061", "message": "ok", "trace": {"id": "b9c920c4058bb601"}}
{"@timestamp": "2026-02-09T16:34:15.970739+00:00", "service": {"name": "dummy-backend"}, "log": {"level": "INFO"}, "route": "/search", "status": 200, "latency_ms": 320, "user_id": "u109", "message": "ok", "trace": {"id": "b4dab4177ee6f191"}}
{"@timestamp": "2026-02-09T16:34:16.473607+00:00", "service": {"name": "dummy-backend"}, "log": {"level": "INFO"}, "route": "/profile", "status": 200, "latency_ms": 341, "user_id": "u185", "message": "ok", "trace": {"id": "6fac2c4cc05d93a9"}}
{"@timestamp": "2026-02-09T16:34:16.976884+00:00", "service": {"name": "dummy-backend"}, "log": {"level": "INFO"}, "route": "/profile", "status": 200, "latency_ms": 512, "user_id": "u161", "message": "ok", "trace": {"id": "faea00a14f3b3766"}}
{"@timestamp": "2026-02-09T16:34:17.479356+00:00", "service": {"name": "dummy-backend"}, "log": {"level": "INFO"}, "route": "/logout", "status": 200, "latency_ms": 1083, "user_id": "u172", "message": "ok", "trace": {"id": "25323669735320a8"}}
{"@timestamp": "2026-02-09T16:34:17.982023+00:00", "service": {"name": "dummy-backend"}, "log": {"level": "INFO"}, "route": "/search", "status": 200, "latency_ms": 874, "user_id": "u110", "message": "ok", "trace": {"id": "64553fddcae11719"}}
{"@timestamp": "2026-02-09T16:34:18.484525+00:00", "service": {"name": "dummy-backend"}, "log": {"level": "INFO"}, "route": "/profile", "status": 200, "latency_ms": 91, "user_id": "u097", "message": "ok", "trace": {"id": "2a01deb1711a03c4"}}
{"@timestamp": "2026-02-09T16:34:18.986949+00:00", "service": {"name": "dummy-backend"}, "log": {"level": "INFO"}, "route": "/search", "status": 200, "latency_ms": 1116, "user_id": "u109", "message": "ok", "trace": {"id": "3f500c4a4a1a9444"}}
{"@timestamp": "2026-02-09T16:34:19.489758+00:00", "service": {"name": "dummy-backend"}, "log": {"level": "INFO"}, "route": "/search", "status": 200, "latency_ms": 280, "user_id": "u088", "message": "ok", "trace": {"id": "d67489b99fadd549"}}
{"@timestamp": "2026-02-09T16:34:19.992295+00:00", "service": {"name": "dummy-backend"}, "log": {"level": "INFO"}, "route": "/login", "status": 200, "latency_ms": 434, "user_id": "u124", "message": "ok", "trace": {"id": "0184f7c8cdc7dfda"}}
{"@timestamp": "2026-02-09T16:34:20.495610+00:00", "service": {"name": "dummy-backend"}, "log": {"level": "INFO"}, "route": "/logout", "status": 200, "latency_ms": 778, "user_id": "u049", "message": "ok", "trace": {"id": "012d22231ff2bbb9"}}
{"@timestamp": "2026-02-09T16:34:20.998067+00:00", "service": {"name": "dummy-backend"}, "log": {"level": "INFO"}, "route": "/logout", "status": 200, "latency_ms": 369, "user_id": "u090", "message": "ok", "trace": {"id": "203889f8b6c94ebf"}}
{"@timestamp": "2026-02-09T16:34:21.502205+00:00", "service": {"name": "dummy-backend"}, "log": {"level": "INFO"}, "route": "/checkout", "status": 200, "latency_ms": 462, "user_id": "u156", "message": "ok", "trace": {"id": "df4c67f75e6f8ec1"}}
{"@timestamp": "2026-02-09T16:34:22.005741+00:00", "service": {"name": "dummy-backend"}, "log": {"level": "INFO"}, "route": "/search", "status": 200, "latency_ms": 329, "user_id": "u124", "message": "ok", "trace": {"id": "63ca9de21c531948"}}
{"@timestamp": "2026-02-09T16:34:22.509452+00:00", "service": {"name": "dummy-backend"}, "log": {"level": "INFO"}, "route": "/profile", "status": 200, "latency_ms": 936, "user_id": "u021", "message": "ok", "trace": {"id": "c32dc7782ba06206"}}
{"@timestamp": "2026-02-09T16:34:23.012042+00:00", "service": {"name": "dummy-backend"}, "log": {"level": "INFO"}, "route": "/login", "status": 200, "latency_ms": 1009, "user_id": "u108", "message": "ok", "trace": {"id": "5a247e2b3365a7b4"}}
{"@timestamp": "2026-02-09T16:34:23.514449+00:00", "service": {"name": "dummy-backend"}, "log": {"level": "INFO"}, "route": "/search", "status": 200, "latency_ms": 813, "user_id": "u095", "message": "ok", "trace": {"id": "2cc2d50caf427b3a"}}
{"@timestamp": "2026-02-09T16:34:24.016901+00:00", "service": {"name": "dummy-backend"}, "log": {"level": "INFO"}, "route": "/checkout", "status": 200, "latency_ms": 761, "user_id": "u142", "message": "ok", "trace": {"id": "562bfec0ffcc0ceb"}}
{"@timestamp": "2026-02-09T16:34:24.519348+00:00", "service": {"name": "dummy-backend"}, "log": {"level": "INFO"}, "route": "/profile", "status": 200, "latency_ms": 933, "user_id": "u118", "message": "ok", "trace": {"id": "907762e8c04950aa"}}
{"@timestamp": "2026-02-09T16:34:25.014925+00:00", "service": {"name": "dummy-backend"}, "log": {"level": "INFO"}, "route": "/profile", "status": 200, "latency_ms": 564, "user_id": "u095", "message": "ok", "trace": {"id": "1901993420cecb76"}}
{"@timestamp": "2026-02-09T16:34:25.518689+00:00", "service": {"name": "dummy-backend"}, "log": {"level": "INFO"}, "route": "/logout", "status": 200, "latency_ms": 375, "user_id": "u073", "message": "ok", "trace": {"id": "4c8b561610648f68"}}
{"@timestamp": "2026-02-09T16:34:26.021612+00:00", "service": {"name": "dummy-backend"}, "log": {"level": "INFO"}, "route": "/checkout", "status": 200, "latency_ms": 310, "user_id": "u086", "message": "ok", "trace": {"id": "28ef9a31b2ef0821"}}
{"@timestamp": "2026-02-09T16:34:26.524554+00:00", "service": {"name": "dummy-backend"}, "log": {"level": "WARN"}, "route": "/search", "status": 200, "latency_ms": 1057, "user_id": "u200", "message": "ok", "trace": {"id": "91fada420f0255cf"}}
{"@timestamp": "2026-02-09T16:34:27.027432+00:00", "service": {"name": "dummy-backend"}, "log": {"level": "INFO"}, "route": "/search", "status": 200, "latency_ms": 1131, "user_id": "u012", "message": "ok", "trace": {"id": "0367d2d334502ff3"}}
{"@timestamp": "2026-02-09T16:34:27.530097+00:00", "service": {"name": "dummy-backend"}, "log": {"level": "INFO"}, "route": "/logout", "status": 200, "latency_ms": 621, "user_id": "u183", "message": "ok", "trace": {"id": "69c0e56ace9e2443"}}
{"@timestamp": "2026-02-09T16:34:28.032372+00:00", "service": {"name": "dummy-backend"}, "log": {"level": "INFO"}, "route": "/search", "status": 200, "latency_ms": 314, "user_id": "u020", "message": "ok", "trace": {"id": "d5c0113cc4885fe2"}}
{"@timestamp": "2026-02-09T16:34:28.535998+00:00", "service": {"name": "dummy-backend"}, "log": {"level": "INFO"}, "route": "/profile", "status": 200, "latency_ms": 1167, "user_id": "u192", "message": "ok", "trace": {"id": "684fc5b66eee46f4"}}
{"@timestamp": "2026-02-09T16:34:29.039374+00:00", "service": {"name": "dummy-backend"}, "log": {"level": "INFO"}, "route": "/profile", "status": 200, "latency_ms": 353, "user_id": "u066", "message": "ok", "trace": {"id": "5a5d2c8ffcbe4408"}}
{"@timestamp": "2026-02-09T16:34:29.542647+00:00", "service": {"name": "dummy-backend"}, "log": {"level": "INFO"}, "route": "/login", "status": 200, "latency_ms": 706, "user_id": "u199", "message": "ok", "trace": {"id": "a7c349fae11e3741"}}
{"@timestamp": "2026-02-09T16:34:30.045417+00:00", "service": {"name": "dummy-backend"}, "log": {"level": "WARN"}, "route": "/search", "status": 200, "latency_ms": 158, "user_id": "u134", "message": "ok", "trace": {"id": "d38b7fb4980fee09"}}
{"@timestamp": "2026-02-09T16:34:30.548967+00:00", "service": {"name": "dummy-backend"}, "log": {"level": "ERROR"}, "route": "/logout", "status": 200, "latency_ms": 459, "user_id": "u176", "message": "ok", "trace": {"id": "67c987cdbd7fd436"}}
{"@timestamp": "2026-02-09T16:34:31.052034+00:00", "service": {"name": "dummy-backend"}, "log": {"level": "INFO"}, "route": "/profile", "status": 200, "latency_ms": 405, "user_id": "u025", "message": "ok", "trace": {"id": "097903892eade764"}}
{"@timestamp": "2026-02-09T16:34:31.555250+00:00", "service": {"name": "dummy-backend"}, "log": {"level": "INFO"}, "route": "/login", "status": 200, "latency_ms": 896, "user_id": "u030", "message": "ok", "trace": {"id": "7b5ee65fa084e33e"}}
{"@timestamp": "2026-02-09T16:34:32.058452+00:00", "service": {"name": "dummy-backend"}, "log": {"level": "INFO"}, "route": "/search", "status": 200, "latency_ms": 548, "user_id": "u071", "message": "ok", "trace": {"id": "bec0f28c28030871"}}
{"@timestamp": "2026-02-09T16:34:32.561883+00:00", "service": {"name": "dummy-backend"}, "log": {"level": "INFO"}, "route": "/login", "status": 200, "latency_ms": 322, "user_id": "u185", "message": "ok", "trace": {"id": "6d228aa47509af05"}}
{"@timestamp": "2026-02-09T16:34:33.066476+00:00", "service": {"name": "dummy-backend"}, "log": {"level": "INFO"}, "route": "/checkout", "status": 200, "latency_ms": 251, "user_id": "u156", "message": "ok", "trace": {"id": "6668ad230843725c"}}
{"@timestamp": "2026-02-09T16:34:33.570628+00:00", "service": {"name": "dummy-backend"}, "log": {"level": "INFO"}, "route": "/logout", "status": 200, "latency_ms": 1185, "user_id": "u160", "message": "ok", "trace": {"id": "7c44d354f6039357"}}
{"@timestamp": "2026-02-09T16:34:34.073875+00:00", "service": {"name": "dummy-backend"}, "log": {"level": "INFO"}, "route": "/logout", "status": 200, "latency_ms": 920, "user_id": "u195", "message": "ok", "trace": {"id": "1bcc2ea0094e1f84"}}
{"@timestamp": "2026-02-09T16:34:34.576867+00:00", "service": {"name": "dummy-backend"}, "log": {"level": "INFO"}, "route": "/checkout", "status": 200, "latency_ms": 657, "user_id": "u003", "message": "ok", "trace": {"id": "7862194d0b93486b"}}
{"@timestamp": "2026-02-09T16:34:35.079585+00:00", "service": {"name": "dummy-backend"}, "log": {"level": "INFO"}, "route": "/login", "status": 200, "latency_ms": 1017, "user_id": "u198", "message": "ok", "trace": {"id": "53235fa78b15af6e"}}
{"@timestamp": "2026-02-09T16:34:35.582519+00:00", "service": {"name": "dummy-backend"}, "log": {"level": "INFO"}, "route": "/logout", "status": 200, "latency_ms": 891, "user_id": "u138", "message": "ok", "trace": {"id": "8111a07f68310aa5"}}
{"@timestamp": "2026-02-09T16:34:36.085249+00:00", "service": {"name": "dummy-backend"}, "log": {"level": "INFO"}, "route": "/search", "status": 200, "latency_ms": 27, "user_id": "u057", "message": "ok", "trace": {"id": "1f3ff795f5b86b44"}}
{"@timestamp": "2026-02-09T16:34:36.588757+00:00", "service": {"name": "dummy-backend"}, "log": {"level": "INFO"}, "route": "/checkout", "status": 200, "latency_ms": 478, "user_id": "u143", "message": "ok", "trace": {"id": "2968432f5fdf8df9"}}
{"@timestamp": "2026-02-09T16:34:37.091432+00:00", "service": {"name": "dummy-backend"}, "log": {"level": "INFO"}, "route": "/search", "status": 200, "latency_ms": 617, "user_id": "u124", "message": "ok", "trace": {"id": "8015cb65580e5015"}}
{"@timestamp": "2026-02-09T16:34:37.594493+00:00", "service": {"name": "dummy-backend"}, "log": {"level": "INFO"}, "route": "/checkout", "status": 200, "latency_ms": 456, "user_id": "u068", "message": "ok", "trace": {"id": "3fc24f2e53ee3571"}}
{"@timestamp": "2026-02-09T16:34:38.096706+00:00", "service": {"name": "dummy-backend"}, "log": {"level": "WARN"}, "route": "/login", "status": 200, "latency_ms": 941, "user_id": "u188", "message": "ok", "trace": {"id": "32ae116909587333"}}
{"@timestamp": "2026-02-09T16:34:38.599693+00:00", "service": {"name": "dummy-backend"}, "log": {"level": "INFO"}, "route": "/logout", "status": 200, "latency_ms": 127, "user_id": "u077", "message": "ok", "trace": {"id": "f67d5048b0eb679f"}}
{"@timestamp": "2026-02-09T16:34:39.102418+00:00", "service": {"name": "dummy-backend"}, "log": {"level": "INFO"}, "route": "/checkout", "status": 200, "latency_ms": 963, "user_id": "u073", "message": "ok", "trace": {"id": "fe2f2c904b3d9cb4"}}
{"@timestamp": "2026-02-09T16:34:39.605252+00:00", "service": {"name": "dummy-backend"}, "log": {"level": "INFO"}, "route": "/search", "status": 200, "latency_ms": 577, "user_id": "u072", "message": "ok", "trace": {"id": "d62440518f724ae6"}}
{"@timestamp": "2026-02-09T16:34:40.108338+00:00", "service": {"name": "dummy-backend"}, "log": {"level": "INFO"}, "route": "/checkout", "status": 200, "latency_ms": 20, "user_id": "u033", "message": "ok", "trace": {"id": "cc7146c379f8ff0d"}}
{"@timestamp": "2026-02-09T16:34:40.611363+00:00", "service": {"name": "dummy-backend"}, "log": {"level": "INFO"}, "route": "/login", "status": 200, "latency_ms": 952, "user_id": "u011", "message": "ok", "trace": {"id": "3c5939a3abfc6411"}}
{"@timestamp": "2026-02-09T16:34:41.113913+00:00", "service": {"name": "dummy-backend"}, "log": {"level": "INFO"}, "route": "/logout", "status": 200, "latency_ms": 568, "user_id": "u078", "message": "ok", "trace": {"id": "f2b2ef7b911d04ef"}}
{"@timestamp": "2026-02-09T16:34:41.617110+00:00", "service": {"name": "dummy-backend"}, "log": {"level": "INFO"}, "route": "/search", "status": 200, "latency_ms": 965, "user_id": "u001", "message": "ok", "trace": {"id": "2a0501f204ce798d"}}
{"@timestamp": "2026-02-09T16:34:42.119802+00:00", "service": {"name": "dummy-backend"}, "log": {"level": "WARN"}, "route": "/login", "status": 200, "latency_ms": 149, "user_id": "u026", "message": "ok", "trace": {"id": "a19ebb2edcf261f2"}}
{"@timestamp": "2026-02-09T16:34:42.623141+00:00", "service": {"name": "dummy-backend"}, "log": {"level": "WARN"}, "route": "/profile", "status": 200, "latency_ms": 604, "user_id": "u133", "message": "ok", "trace": {"id": "0ac0f6ee9a8d8cb9"}}
{"@timestamp": "2026-02-09T16:34:43.126470+00:00", "service": {"name": "dummy-backend"}, "log": {"level": "ERROR"}, "route": "/search", "status": 200, "latency_ms": 1170, "user_id": "u010", "message": "ok", "trace": {"id": "27771c5ec96c69b4"}}
{"@timestamp": "2026-02-09T16:34:43.629378+00:00", "service": {"name": "dummy-backend"}, "log": {"level": "INFO"}, "route": "/checkout", "status": 200, "latency_ms": 750, "user_id": "u090", "message": "ok", "trace": {"id": "50c21df262b112da"}}
{"@timestamp": "2026-02-09T16:34:44.132667+00:00", "service": {"name": "dummy-backend"}, "log": {"level": "INFO"}, "route": "/logout", "status": 200, "latency_ms": 241, "user_id": "u139", "message": "ok", "trace": {"id": "33eacc9acda2d5c0"}}
{"@timestamp": "2026-02-09T16:34:44.635352+00:00", "service": {"name": "dummy-backend"}, "log": {"level": "WARN"}, "route": "/profile", "status": 200, "latency_ms": 66, "user_id": "u199", "message": "ok", "trace": {"id": "abc3da573df5b31e"}}
{"@timestamp": "2026-02-09T16:34:45.138051+00:00", "service": {"name": "dummy-backend"}, "log": {"level": "INFO"}, "route": "/profile", "status": 200, "latency_ms": 198, "user_id": "u008", "message": "ok", "trace": {"id": "d8f33f9cf9302f06"}}
{"@timestamp": "2026-02-09T16:34:45.641089+00:00", "service": {"name": "dummy-backend"}, "log": {"level": "INFO"}, "route": "/search", "status": 200, "latency_ms": 153, "user_id": "u015", "message": "ok", "trace": {"id": "6eb322909dfeb3cb"}}
{"@timestamp": "2026-02-09T16:34:46.144192+00:00", "service": {"name": "dummy-backend"}, "log": {"level": "INFO"}, "route": "/login", "status": 200, "latency_ms": 161, "user_id": "u172", "message": "ok", "trace": {"id": "5b773a986adf8d2f"}}
{"@timestamp": "2026-02-09T16:34:46.647177+00:00", "service": {"name": "dummy-backend"}, "log": {"level": "INFO"}, "route": "/login", "status": 200, "latency_ms": 611, "user_id": "u066", "message": "ok", "trace": {"id": "ec069da09dfda3a9"}}
{"@timestamp": "2026-02-09T16:34:47.149968+00:00", "service": {"name": "dummy-backend"}, "log": {"level": "INFO"}, "route": "/checkout", "status": 200, "latency_ms": 582, "user_id": "u136", "message": "ok", "trace": {"id": "6e8efca38bc67634"}}
{"@timestamp": "2026-02-09T16:34:47.652627+00:00", "service": {"name": "dummy-backend"}, "log": {"level": "WARN"}, "route": "/profile", "status": 200, "latency_ms": 615, "user_id": "u072", "message": "ok", "trace": {"id": "239e0d2d1f866ce6"}}
{"@timestamp": "2026-02-09T16:34:48.155113+00:00", "service": {"name": "dummy-backend"}, "log": {"level": "INFO"}, "route": "/search", "status": 200, "latency_ms": 385, "user_id": "u037", "message": "ok", "trace": {"id": "257dc78dd34f12be"}}
{"@timestamp": "2026-02-09T16:34:48.657607+00:00", "service": {"name": "dummy-backend"}, "log": {"level": "INFO"}, "route": "/checkout", "status": 200, "latency_ms": 448, "user_id": "u200", "message": "ok", "trace": {"id": "aaf0ea027f0f8435"}}
{"@timestamp": "2026-02-09T16:34:49.160707+00:00", "service": {"name": "dummy-backend"}, "log": {"level": "INFO"}, "route": "/login", "status": 200, "latency_ms": 762, "user_id": "u001", "message": "ok", "trace": {"id": "6449f40a30976cde"}}
{"@timestamp": "2026-02-09T16:34:49.663348+00:00", "service": {"name": "dummy-backend"}, "log": {"level": "INFO"}, "route": "/logout", "status": 200, "latency_ms": 710, "user_id": "u014", "message": "ok", "trace": {"id": "c29854263156e7cb"}}
{"@timestamp": "2026-02-09T16:34:50.166429+00:00", "service": {"name": "dummy-backend"}, "log": {"level": "INFO"}, "route": "/profile", "status": 200, "latency_ms": 1078, "user_id": "u167", "message": "ok", "trace": {"id": "55ab49fb21f86ad8"}}
{"@timestamp": "2026-02-09T16:34:50.669861+00:00", "service": {"name": "dummy-backend"}, "log": {"level": "INFO"}, "route": "/logout", "status": 200, "latency_ms": 62, "user_id": "u105", "message": "ok", "trace": {"id": "2ce269a1ca277c9d"}}
{"@timestamp": "2026-02-09T16:34:51.172768+00:00", "service": {"name": "dummy-backend"}, "log": {"level": "INFO"}, "route": "/login", "status": 200, "latency_ms": 746, "user_id": "u181", "message": "ok", "trace": {"id": "4e21ef8c7018e2d4"}}
{"@timestamp": "2026-02-09T16:34:51.675737+00:00", "service": {"name": "dummy-backend"}, "log": {"level": "INFO"}, "route": "/logout", "status": 200, "latency_ms": 1126, "user_id": "u109", "message": "ok", "trace": {"id": "e544f5b70606e554"}}
{"@timestamp": "2026-02-09T16:34:52.178764+00:00", "service": {"name": "dummy-backend"}, "log": {"level": "WARN"}, "route": "/search", "status": 200, "latency_ms": 304, "user_id": "u084", "message": "ok", "trace": {"id": "57c5441f6afa9c52"}}
{"@timestamp": "2026-02-09T16:34:52.681565+00:00", "service": {"name": "dummy-backend"}, "log": {"level": "INFO"}, "route": "/checkout", "status": 200, "latency_ms": 312, "user_id": "u021", "message": "ok", "trace": {"id": "cf85d32dc0dab4db"}}
{"@timestamp": "2026-02-09T16:34:53.184749+00:00", "service": {"name": "dummy-backend"}, "log": {"level": "INFO"}, "route": "/login", "status": 200, "latency_ms": 313, "user_id": "u066", "message": "ok", "trace": {"id": "f54f8e33eecdefbf"}}
{"@timestamp": "2026-02-09T16:34:53.687122+00:00", "service": {"name": "dummy-backend"}, "log": {"level": "INFO"}, "route": "/login", "status": 200, "latency_ms": 942, "user_id": "u079", "message": "ok", "trace": {"id": "83949366b2c08cda"}}
{"@timestamp": "2026-02-09T16:34:54.189920+00:00", "service": {"name": "dummy-backend"}, "log": {"level": "INFO"}, "route": "/checkout", "status": 200, "latency_ms": 271, "user_id": "u122", "message": "ok", "trace": {"id": "eb990ee9c6c2441d"}}
{"@timestamp": "2026-02-09T16:34:54.693137+00:00", "service": {"name": "dummy-backend"}, "log": {"level": "INFO"}, "route": "/search", "status": 200, "latency_ms": 715, "user_id": "u125", "message": "ok", "trace": {"id": "3e7203232ddac1fa"}}
{"@timestamp": "2026-02-09T16:34:55.190714+00:00", "service": {"name": "dummy-backend"}, "log": {"level": "INFO"}, "route": "/checkout", "status": 200, "latency_ms": 119, "user_id": "u047", "message": "ok", "trace": {"id": "6d200382a91f5d73"}}
{"@timestamp": "2026-02-09T16:34:55.693388+00:00", "service": {"name": "dummy-backend"}, "log": {"level": "INFO"}, "route": "/login", "status": 200, "latency_ms": 948, "user_id": "u169", "message": "ok", "trace": {"id": "12f8f6ef5d0d60e0"}}
{"@timestamp": "2026-02-09T16:34:56.196106+00:00", "service": {"name": "dummy-backend"}, "log": {"level": "INFO"}, "route": "/profile", "status": 200, "latency_ms": 1071, "user_id": "u092", "message": "ok", "trace": {"id": "44a6caefa3ac6fb6"}}
{"@timestamp": "2026-02-09T16:34:56.699221+00:00", "service": {"name": "dummy-backend"}, "log": {"level": "INFO"}, "route": "/login", "status": 200, "latency_ms": 966, "user_id": "u054", "message": "ok", "trace": {"id": "3f115129350f732f"}}
{"@timestamp": "2026-02-09T16:34:57.201946+00:00", "service": {"name": "dummy-backend"}, "log": {"level": "INFO"}, "route": "/profile", "status": 200, "latency_ms": 1055, "user_id": "u085", "message": "ok", "trace": {"id": "585938d8b19d947b"}}
{"@timestamp": "2026-02-09T16:34:57.704568+00:00", "service": {"name": "dummy-backend"}, "log": {"level": "INFO"}, "route": "/login", "status": 200, "latency_ms": 1092, "user_id": "u063", "message": "ok", "trace": {"id": "808f92c6b3e62bf4"}}
{"@timestamp": "2026-02-09T16:34:58.207264+00:00", "service": {"name": "dummy-backend"}, "log": {"level": "INFO"}, "route": "/checkout", "status": 200, "latency_ms": 140, "user_id": "u047", "message": "ok", "trace": {"id": "5b84a8ab1223fd9d"}}
{"@timestamp": "2026-02-09T16:34:58.710110+00:00", "service": {"name": "dummy-backend"}, "log": {"level": "INFO"}, "route": "/logout", "status": 200, "latency_ms": 841, "user_id": "u073", "message": "ok", "trace": {"id": "5e40f0f5a96dfcad"}}
{"@timestamp": "2026-02-09T16:34:59.213335+00:00", "service": {"name": "dummy-backend"}, "log": {"level": "INFO"}, "route": "/login", "status": 200, "latency_ms": 391, "user_id": "u168", "message": "ok", "trace": {"id": "77706c2dd4616fd3"}}
{"@timestamp": "2026-02-09T16:34:59.717114+00:00", "service": {"name": "dummy-backend"}, "log": {"level": "INFO"}, "route": "/login", "status": 200, "latency_ms": 851, "user_id": "u039", "message": "ok", "trace": {"id": "b35db5504b1f2149"}}
{"@timestamp": "2026-02-09T16:35:00.219925+00:00", "service": {"name": "dummy-backend"}, "log": {"level": "INFO"}, "route": "/login", "status": 200, "latency_ms": 905, "user_id": "u109", "message": "ok", "trace": {"id": "16cac73cb3da1521"}}
{"@timestamp": "2026-02-09T16:35:00.722425+00:00", "service": {"name": "dummy-backend"}, "log": {"level": "INFO"}, "route": "/search", "status": 200, "latency_ms": 544, "user_id": "u187", "message": "ok", "trace": {"id": "9edd5d8fb37cced7"}}
{"@timestamp": "2026-02-09T16:35:01.225852+00:00", "service": {"name": "dummy-backend"}, "log": {"level": "ERROR"}, "route": "/logout", "status": 200, "latency_ms": 566, "user_id": "u031", "message": "ok", "trace": {"id": "103d29322d8c7c01"}}
{"@timestamp": "2026-02-09T16:35:01.728646+00:00", "service": {"name": "dummy-backend"}, "log": {"level": "WARN"}, "route": "/profile", "status": 200, "latency_ms": 405, "user_id": "u130", "message": "ok", "trace": {"id": "8cd56ddd08bf0241"}}
{"@timestamp": "2026-02-09T16:35:02.232089+00:00", "service": {"name": "dummy-backend"}, "log": {"level": "INFO"}, "route": "/search", "status": 200, "latency_ms": 470, "user_id": "u174", "message": "ok", "trace": {"id": "dcabf4556ce33aa4"}}
{"@timestamp": "2026-02-09T16:35:02.734414+00:00", "service": {"name": "dummy-backend"}, "log": {"level": "INFO"}, "route": "/search", "status": 200, "latency_ms": 348, "user_id": "u142", "message": "ok", "trace": {"id": "7ebbb94ea4f95bdb"}}
{"@timestamp": "2026-02-09T16:35:03.237998+00:00", "service": {"name": "dummy-backend"}, "log": {"level": "INFO"}, "route": "/logout", "status": 200, "latency_ms": 478, "user_id": "u072", "message": "ok", "trace": {"id": "3bf45ff7c2ac0c51"}}
{"@timestamp": "2026-02-09T16:35:03.740369+00:00", "service": {"name": "dummy-backend"}, "log": {"level": "INFO"}, "route": "/login", "status": 200, "latency_ms": 946, "user_id": "u026", "message": "ok", "trace": {"id": "10b87efe48c3cfee"}}
{"@timestamp": "2026-02-09T16:35:04.243337+00:00", "service": {"name": "dummy-backend"}, "log": {"level": "INFO"}, "route": "/profile", "status": 200, "latency_ms": 632, "user_id": "u025", "message": "ok", "trace": {"id": "bc2f8a856a141d6c"}}
{"@timestamp": "2026-02-09T16:35:04.747183+00:00", "service": {"name": "dummy-backend"}, "log": {"level": "INFO"}, "route": "/login", "status": 200, "latency_ms": 357, "user_id": "u034", "message": "ok", "trace": {"id": "9c38073dadb93036"}}
{"@timestamp": "2026-02-09T16:35:05.249616+00:00", "service": {"name": "dummy-backend"}, "log": {"level": "INFO"}, "route": "/profile", "status": 200, "latency_ms": 290, "user_id": "u148", "message": "ok", "trace": {"id": "345fb51cdc388c5f"}}
{"@timestamp": "2026-02-09T16:35:05.751847+00:00", "service": {"name": "dummy-backend"}, "log": {"level": "INFO"}, "route": "/search", "status": 200, "latency_ms": 46, "user_id": "u083", "message": "ok", "trace": {"id": "cfbd0fe8af917901"}}
{"@timestamp": "2026-02-09T16:35:06.257596+00:00", "service": {"name": "dummy-backend"}, "log": {"level": "INFO"}, "route": "/logout", "status": 200, "latency_ms": 1068, "user_id": "u089", "message": "ok", "trace": {"id": "64c4261020c9ca8a"}}
{"@timestamp": "2026-02-09T16:35:06.760492+00:00", "service": {"name": "dummy-backend"}, "log": {"level": "INFO"}, "route": "/logout", "status": 200, "latency_ms": 1024, "user_id": "u046", "message": "ok", "trace": {"id": "4b00c2d627910c89"}}
{"@timestamp": "2026-02-09T16:35:07.263801+00:00", "service": {"name": "dummy-backend"}, "log": {"level": "INFO"}, "route": "/search", "status": 200, "latency_ms": 482, "user_id": "u150", "message": "ok", "trace": {"id": "3a1638b828c3b06f"}}
{"@timestamp": "2026-02-09T16:35:07.766934+00:00", "service": {"name": "dummy-backend"}, "log": {"level": "INFO"}, "route": "/profile", "status": 200, "latency_ms": 849, "user_id": "u144", "message": "ok", "trace": {"id": "85d1b2df056928ff"}}
{"@timestamp": "2026-02-09T16:35:08.269824+00:00", "service": {"name": "dummy-backend"}, "log": {"level": "INFO"}, "route": "/logout", "status": 200, "latency_ms": 1175, "user_id": "u176", "message": "ok", "trace": {"id": "7c73f3c4e8372ded"}}
{"@timestamp": "2026-02-09T16:35:08.772410+00:00", "service": {"name": "dummy-backend"}, "log": {"level": "INFO"}, "route": "/profile", "status": 200, "latency_ms": 479, "user_id": "u022", "message": "ok", "trace": {"id": "f8e9ff234a60fb57"}}
{"@timestamp": "2026-02-09T16:35:09.275775+00:00", "service": {"name": "dummy-backend"}, "log": {"level": "ERROR"}, "route": "/login", "status": 500, "latency_ms": 66, "user_id": "u025", "message": "invalid_password", "trace": {"id": "a7c6530665921173"}}
{"@timestamp": "2026-02-09T16:35:09.779206+00:00", "service": {"name": "dummy-backend"}, "log": {"level": "INFO"}, "route": "/profile", "status": 200, "latency_ms": 495, "user_id": "u162", "message": "ok", "trace": {"id": "cc20310b66f6e680"}}
{"@timestamp": "2026-02-09T16:35:10.282065+00:00", "service": {"name": "dummy-backend"}, "log": {"level": "INFO"}, "route": "/login", "status": 200, "latency_ms": 161, "user_id": "u143", "message": "ok", "trace": {"id": "5bac459c2f3e4787"}}
{"@timestamp": "2026-02-09T16:35:10.785289+00:00", "service": {"name": "dummy-backend"}, "log": {"level": "INFO"}, "route": "/logout", "status": 200, "latency_ms": 462, "user_id": "u024", "message": "ok", "trace": {"id": "d4ca06511d23b0a1"}}
{"@timestamp": "2026-02-09T16:35:11.288420+00:00", "service": {"name": "dummy-backend"}, "log": {"level": "ERROR"}, "route": "/checkout", "status": 409, "latency_ms": 92, "user_id": "u018", "message": "gateway_error", "trace": {"id": "33fcbb88d487bade"}}
{"@timestamp": "2026-02-09T16:35:11.791367+00:00", "service": {"name": "dummy-backend"}, "log": {"level": "INFO"}, "route": "/logout", "status": 200, "latency_ms": 851, "user_id": "u067", "message": "ok", "trace": {"id": "a57cd56b132329bc"}}
{"@timestamp": "2026-02-09T16:35:12.294229+00:00", "service": {"name": "dummy-backend"}, "log": {"level": "INFO"}, "route": "/login", "status": 200, "latency_ms": 150, "user_id": "u180", "message": "ok", "trace": {"id": "cb3fed79699715b5"}}
{"@timestamp": "2026-02-09T16:35:12.796563+00:00", "service": {"name": "dummy-backend"}, "log": {"level": "INFO"}, "route": "/search", "status": 200, "latency_ms": 846, "user_id": "u024", "message": "ok", "trace": {"id": "3b65a31384523640"}}
{"@timestamp": "2026-02-09T16:35:13.300009+00:00", "service": {"name": "dummy-backend"}, "log": {"level": "INFO"}, "route": "/profile", "status": 200, "latency_ms": 976, "user_id": "u058", "message": "ok", "trace": {"id": "b4377404a5481301"}}
{"@timestamp": "2026-02-09T16:35:13.802746+00:00", "service": {"name": "dummy-backend"}, "log": {"level": "INFO"}, "route": "/profile", "status": 200, "latency_ms": 995, "user_id": "u078", "message": "ok", "trace": {"id": "4fa8bbc9b15b09d1"}}
{"@timestamp": "2026-02-09T16:35:14.305739+00:00", "service": {"name": "dummy-backend"}, "log": {"level": "INFO"}, "route": "/search", "status": 200, "latency_ms": 598, "user_id": "u034", "message": "ok", "trace": {"id": "2ef08d40dfcc3125"}}
{"@timestamp": "2026-02-09T16:35:14.808829+00:00", "service": {"name": "dummy-backend"}, "log": {"level": "INFO"}, "route": "/checkout", "status": 200, "latency_ms": 838, "user_id": "u033", "message": "ok", "trace": {"id": "83fec3baac38b134"}}
{"@timestamp": "2026-02-09T16:35:15.311837+00:00", "service": {"name": "dummy-backend"}, "log": {"level": "INFO"}, "route": "/profile", "status": 200, "latency_ms": 1124, "user_id": "u157", "message": "ok", "trace": {"id": "7b82f0cb86dcf198"}}
{"@timestamp": "2026-02-09T16:35:15.814851+00:00", "service": {"name": "dummy-backend"}, "log": {"level": "INFO"}, "route": "/login", "status": 200, "latency_ms": 806, "user_id": "u103", "message": "ok", "trace": {"id": "44e2ac24b8c40c4f"}}
{"@timestamp": "2026-02-09T16:35:16.318371+00:00", "service": {"name": "dummy-backend"}, "log": {"level": "INFO"}, "route": "/logout", "status": 200, "latency_ms": 182, "user_id": "u015", "message": "ok", "trace": {"id": "bf1de282fa229881"}}
{"@timestamp": "2026-02-09T16:35:16.820853+00:00", "service": {"name": "dummy-backend"}, "log": {"level": "INFO"}, "route": "/profile", "status": 200, "latency_ms": 844, "user_id": "u119", "message": "ok", "trace": {"id": "4dfe89cb0889e947"}}
{"@timestamp": "2026-02-09T16:35:17.323731+00:00", "service": {"name": "dummy-backend"}, "log": {"level": "INFO"}, "route": "/logout", "status": 200, "latency_ms": 211, "user_id": "u003", "message": "ok", "trace": {"id": "f4a94e6801c7fffe"}}
{"@timestamp": "2026-02-09T16:35:17.826917+00:00", "service": {"name": "dummy-backend"}, "log": {"level": "INFO"}, "route": "/login", "status": 200, "latency_ms": 983, "user_id": "u048", "message": "ok", "trace": {"id": "62830ae5074764c3"}}
{"@timestamp": "2026-02-09T16:35:18.329476+00:00", "service": {"name": "dummy-backend"}, "log": {"level": "INFO"}, "route": "/profile", "status": 200, "latency_ms": 490, "user_id": "u045", "message": "ok", "trace": {"id": "e88b6bf2d9944c2e"}}
{"@timestamp": "2026-02-09T16:35:18.833223+00:00", "service": {"name": "dummy-backend"}, "log": {"level": "INFO"}, "route": "/login", "status": 200, "latency_ms": 868, "user_id": "u015", "message": "ok", "trace": {"id": "1b587ecf788952b5"}}
{"@timestamp": "2026-02-09T16:35:19.336375+00:00", "service": {"name": "dummy-backend"}, "log": {"level": "INFO"}, "route": "/logout", "status": 200, "latency_ms": 131, "user_id": "u024", "message": "ok", "trace": {"id": "6bf8f9d4ccf04d1d"}}
{"@timestamp": "2026-02-09T16:35:19.839731+00:00", "service": {"name": "dummy-backend"}, "log": {"level": "INFO"}, "route": "/search", "status": 200, "latency_ms": 168, "user_id": "u069", "message": "ok", "trace": {"id": "bbe98d6e5d4acca2"}}
{"@timestamp": "2026-02-09T16:35:20.342747+00:00", "service": {"name": "dummy-backend"}, "log": {"level": "INFO"}, "route": "/checkout", "status": 200, "latency_ms": 982, "user_id": "u097", "message": "ok", "trace": {"id": "efa582a360eaad39"}}
{"@timestamp": "2026-02-09T16:35:20.845887+00:00", "service": {"name": "dummy-backend"}, "log": {"level": "INFO"}, "route": "/checkout", "status": 200, "latency_ms": 698, "user_id": "u051", "message": "ok", "trace": {"id": "4ba69706327d2e08"}}
{"@timestamp": "2026-02-09T16:35:21.348512+00:00", "service": {"name": "dummy-backend"}, "log": {"level": "INFO"}, "route": "/profile", "status": 200, "latency_ms": 793, "user_id": "u082", "message": "ok", "trace": {"id": "29fb893a2637fe84"}}
{"@timestamp": "2026-02-09T16:35:21.851134+00:00", "service": {"name": "dummy-backend"}, "log": {"level": "WARN"}, "route": "/search", "status": 200, "latency_ms": 776, "user_id": "u164", "message": "ok", "trace": {"id": "6659bbb400857e4f"}}
{"@timestamp": "2026-02-09T16:35:22.354403+00:00", "service": {"name": "dummy-backend"}, "log": {"level": "INFO"}, "route": "/logout", "status": 200, "latency_ms": 531, "user_id": "u036", "message": "ok", "trace": {"id": "dba0f326c10abed7"}}
{"@timestamp": "2026-02-09T16:35:22.857872+00:00", "service": {"name": "dummy-backend"}, "log": {"level": "INFO"}, "route": "/checkout", "status": 200, "latency_ms": 854, "user_id": "u123", "message": "ok", "trace": {"id": "8eebaec0e9a38a08"}}
{"@timestamp": "2026-02-09T16:35:23.361217+00:00", "service": {"name": "dummy-backend"}, "log": {"level": "INFO"}, "route": "/profile", "status": 200, "latency_ms": 1036, "user_id": "u117", "message": "ok", "trace": {"id": "a55e5b77ebb58c88"}}
{"@timestamp": "2026-02-09T16:35:23.864227+00:00", "service": {"name": "dummy-backend"}, "log": {"level": "INFO"}, "route": "/login", "status": 200, "latency_ms": 171, "user_id": "u090", "message": "ok", "trace": {"id": "74620aaa1c6a91c0"}}
{"@timestamp": "2026-02-09T16:35:24.366627+00:00", "service": {"name": "dummy-backend"}, "log": {"level": "INFO"}, "route": "/profile", "status": 200, "latency_ms": 28, "user_id": "u060", "message": "ok", "trace": {"id": "dd6e46cab14b2e46"}}
{"@timestamp": "2026-02-09T16:35:24.865762+00:00", "service": {"name": "dummy-backend"}, "log": {"level": "WARN"}, "route": "/checkout", "status": 500, "latency_ms": 160, "user_id": "u032", "message": "payment_retry", "trace": {"id": "0f5b4fcbe2970390"}}
{"@timestamp": "2026-02-09T16:35:25.368719+00:00", "service": {"name": "dummy-backend"}, "log": {"level": "INFO"}, "route": "/logout", "status": 200, "latency_ms": 1127, "user_id": "u112", "message": "ok", "trace": {"id": "0623b44bea95d518"}}
{"@timestamp": "2026-02-09T16:35:25.871405+00:00", "service": {"name": "dummy-backend"}, "log": {"level": "INFO"}, "route": "/login", "status": 200, "latency_ms": 299, "user_id": "u133", "message": "ok", "trace": {"id": "b78590bd2b151c38"}}
{"@timestamp": "2026-02-09T16:35:26.374536+00:00", "service": {"name": "dummy-backend"}, "log": {"level": "INFO"}, "route": "/profile", "status": 200, "latency_ms": 699, "user_id": "u011", "message": "ok", "trace": {"id": "a29e406b74fcc9cf"}}
{"@timestamp": "2026-02-09T16:35:26.877848+00:00", "service": {"name": "dummy-backend"}, "log": {"level": "INFO"}, "route": "/checkout", "status": 200, "latency_ms": 413, "user_id": "u004", "message": "ok", "trace": {"id": "39dc93c6b90c8fd8"}}
{"@timestamp": "2026-02-09T16:35:27.380629+00:00", "service": {"name": "dummy-backend"}, "log": {"level": "WARN"}, "route": "/login", "status": 200, "latency_ms": 478, "user_id": "u039", "message": "ok", "trace": {"id": "08bbf9cd1c054312"}}
{"@timestamp": "2026-02-09T16:35:27.883270+00:00", "service": {"name": "dummy-backend"}, "log": {"level": "INFO"}, "route": "/checkout", "status": 200, "latency_ms": 64, "user_id": "u078", "message": "ok", "trace": {"id": "d6dd01dd4ed091ab"}}
{"@timestamp": "2026-02-09T16:35:28.385689+00:00", "service": {"name": "dummy-backend"}, "log": {"level": "INFO"}, "route": "/logout", "status": 200, "latency_ms": 876, "user_id": "u181", "message": "ok", "trace": {"id": "a59f3fd1f87562ae"}}
{"@timestamp": "2026-02-09T16:35:28.888428+00:00", "service": {"name": "dummy-backend"}, "log": {"level": "INFO"}, "route": "/login", "status": 200, "latency_ms": 950, "user_id": "u172", "message": "ok", "trace": {"id": "1aad2c429732735b"}}
{"@timestamp": "2026-02-09T16:35:29.390821+00:00", "service": {"name": "dummy-backend"}, "log": {"level": "INFO"}, "route": "/profile", "status": 200, "latency_ms": 924, "user_id": "u129", "message": "ok", "trace": {"id": "76324d2813913787"}}
{"@timestamp": "2026-02-09T16:35:29.893515+00:00", "service": {"name": "dummy-backend"}, "log": {"level": "WARN"}, "route": "/checkout", "status": 409, "latency_ms": 204, "user_id": "u003", "message": "gateway_error", "trace": {"id": "7d6118105e7279a8"}}
{"@timestamp": "2026-02-09T16:35:30.396786+00:00", "service": {"name": "dummy-backend"}, "log": {"level": "INFO"}, "route": "/search", "status": 200, "latency_ms": 240, "user_id": "u094", "message": "ok", "trace": {"id": "fbb1ef2d7604345d"}}
{"@timestamp": "2026-02-09T16:35:30.899408+00:00", "service": {"name": "dummy-backend"}, "log": {"level": "INFO"}, "route": "/profile", "status": 200, "latency_ms": 320, "user_id": "u074", "message": "ok", "trace": {"id": "392189dc1347091c"}}
{"@timestamp": "2026-02-09T16:35:31.402807+00:00", "service": {"name": "dummy-backend"}, "log": {"level": "INFO"}, "route": "/search", "status": 200, "latency_ms": 741, "user_id": "u143", "message": "ok", "trace": {"id": "9499978152dc80dc"}}
{"@timestamp": "2026-02-09T16:35:31.905322+00:00", "service": {"name": "dummy-backend"}, "log": {"level": "INFO"}, "route": "/search", "status": 200, "latency_ms": 524, "user_id": "u058", "message": "ok", "trace": {"id": "bd7f90d9fb6de2b8"}}
{"@timestamp": "2026-02-09T16:35:32.407823+00:00", "service": {"name": "dummy-backend"}, "log": {"level": "ERROR"}, "route": "/logout", "status": 200, "latency_ms": 804, "user_id": "u171", "message": "ok", "trace": {"id": "2f1d4b034522f565"}}
{"@timestamp": "2026-02-09T16:35:32.910786+00:00", "service": {"name": "dummy-backend"}, "log": {"level": "INFO"}, "route": "/search", "status": 200, "latency_ms": 887, "user_id": "u113", "message": "ok", "trace": {"id": "474bd11f72a3118b"}}
{"@timestamp": "2026-02-09T16:35:33.413401+00:00", "service": {"name": "dummy-backend"}, "log": {"level": "INFO"}, "route": "/search", "status": 200, "latency_ms": 663, "user_id": "u179", "message": "ok", "trace": {"id": "8e1ae146c24e59ce"}}
{"@timestamp": "2026-02-09T16:35:33.916290+00:00", "service": {"name": "dummy-backend"}, "log": {"level": "INFO"}, "route": "/logout", "status": 200, "latency_ms": 931, "user_id": "u169", "message": "ok", "trace": {"id": "ef1e50b1850c5cb7"}}
{"@timestamp": "2026-02-09T16:35:34.419154+00:00", "service": {"name": "dummy-backend"}, "log": {"level": "INFO"}, "route": "/checkout", "status": 200, "latency_ms": 872, "user_id": "u059", "message": "ok", "trace": {"id": "aeba9b66bcb5d868"}}
{"@timestamp": "2026-02-09T16:35:34.921627+00:00", "service": {"name": "dummy-backend"}, "log": {"level": "INFO"}, "route": "/search", "status": 200, "latency_ms": 1014, "user_id": "u093", "message": "ok", "trace": {"id": "8949e264a6d6613d"}}
{"@timestamp": "2026-02-09T16:35:35.424686+00:00", "service": {"name": "dummy-backend"}, "log": {"level": "INFO"}, "route": "/logout", "status": 200, "latency_ms": 1119, "user_id": "u073", "message": "ok", "trace": {"id": "5578642926931fac"}}
{"@timestamp": "2026-02-09T16:35:35.926980+00:00", "service": {"name": "dummy-backend"}, "log": {"level": "INFO"}, "route": "/profile", "status": 200, "latency_ms": 119, "user_id": "u090", "message": "ok", "trace": {"id": "e80b9ce8a769e833"}}
{"@timestamp": "2026-02-09T16:35:36.429571+00:00", "service": {"name": "dummy-backend"}, "log": {"level": "INFO"}, "route": "/checkout", "status": 200, "latency_ms": 266, "user_id": "u167", "message": "ok", "trace": {"id": "d864870ac043c0da"}}
{"@timestamp": "2026-02-09T16:35:36.932865+00:00", "service": {"name": "dummy-backend"}, "log": {"level": "INFO"}, "route": "/checkout", "status": 200, "latency_ms": 208, "user_id": "u077", "message": "ok", "trace": {"id": "98041b41eb9a5b01"}}
{"@timestamp": "2026-02-09T16:35:37.435767+00:00", "service": {"name": "dummy-backend"}, "log": {"level": "INFO"}, "route": "/search", "status": 200, "latency_ms": 12, "user_id": "u082", "message": "ok", "trace": {"id": "38a124413bcbb5bd"}}
{"@timestamp": "2026-02-09T16:35:37.938477+00:00", "service": {"name": "dummy-backend"}, "log": {"level": "INFO"}, "route": "/logout", "status": 200, "latency_ms": 536, "user_id": "u016", "message": "ok", "trace": {"id": "4b32eb4ffa67b82b"}}
{"@timestamp": "2026-02-09T16:35:38.441483+00:00", "service": {"name": "dummy-backend"}, "log": {"level": "INFO"}, "route": "/checkout", "status": 200, "latency_ms": 380, "user_id": "u064", "message": "ok", "trace": {"id": "13d464054aaf2cb3"}}
{"@timestamp": "2026-02-09T16:35:38.944015+00:00", "service": {"name": "dummy-backend"}, "log": {"level": "INFO"}, "route": "/search", "status": 200, "latency_ms": 393, "user_id": "u092", "message": "ok", "trace": {"id": "6e1c4d407b771e68"}}
{"@timestamp": "2026-02-09T16:35:39.448743+00:00", "service": {"name": "dummy-backend"}, "log": {"level": "INFO"}, "route": "/profile", "status": 200, "latency_ms": 976, "user_id": "u054", "message": "ok", "trace": {"id": "37595f4ddc442aa6"}}
{"@timestamp": "2026-02-09T16:35:39.952367+00:00", "service": {"name": "dummy-backend"}, "log": {"level": "INFO"}, "route": "/logout", "status": 200, "latency_ms": 1114, "user_id": "u177", "message": "ok", "trace": {"id": "09fcbd3332385132"}}
{"@timestamp": "2026-02-09T16:35:40.455449+00:00", "service": {"name": "dummy-backend"}, "log": {"level": "INFO"}, "route": "/login", "status": 200, "latency_ms": 731, "user_id": "u186", "message": "ok", "trace": {"id": "634e88802e82be65"}}
{"@timestamp": "2026-02-09T16:35:40.958832+00:00", "service": {"name": "dummy-backend"}, "log": {"level": "INFO"}, "route": "/profile", "status": 200, "latency_ms": 632, "user_id": "u097", "message": "ok", "trace": {"id": "c87c7b99e2694479"}}
{"@timestamp": "2026-02-09T16:35:41.461634+00:00", "service": {"name": "dummy-backend"}, "log": {"level": "ERROR"}, "route": "/logout", "status": 200, "latency_ms": 414, "user_id": "u015", "message": "ok", "trace": {"id": "43076f4cf5b3ad4c"}}
{"@timestamp": "2026-02-09T16:35:41.964087+00:00", "service": {"name": "dummy-backend"}, "log": {"level": "INFO"}, "route": "/login", "status": 200, "latency_ms": 223, "user_id": "u057", "message": "ok", "trace": {"id": "c1412bdf11ba7694"}}
{"@timestamp": "2026-02-09T16:35:42.466569+00:00", "service": {"name": "dummy-backend"}, "log": {"level": "INFO"}, "route": "/logout", "status": 200, "latency_ms": 357, "user_id": "u045", "message": "ok", "trace": {"id": "6a8f3110add64567"}}
{"@timestamp": "2026-02-09T16:35:42.969194+00:00", "service": {"name": "dummy-backend"}, "log": {"level": "WARN"}, "route": "/checkout", "status": 500, "latency_ms": 514, "user_id": "u112", "message": "gateway_error", "trace": {"id": "ee6cea21efbfc9a1"}}
{"@timestamp": "2026-02-09T16:35:43.472218+00:00", "service": {"name": "dummy-backend"}, "log": {"level": "INFO"}, "route": "/profile", "status": 200, "latency_ms": 115, "user_id": "u154", "message": "ok", "trace": {"id": "8a4c9ed970421b73"}}
{"@timestamp": "2026-02-09T16:35:43.974712+00:00", "service": {"name": "dummy-backend"}, "log": {"level": "INFO"}, "route": "/checkout", "status": 200, "latency_ms": 535, "user_id": "u080", "message": "ok", "trace": {"id": "d0285089a94e1a38"}}
{"@timestamp": "2026-02-09T16:35:44.477536+00:00", "service": {"name": "dummy-backend"}, "log": {"level": "INFO"}, "route": "/checkout", "status": 200, "latency_ms": 672, "user_id": "u118", "message": "ok", "trace": {"id": "1be07aff739a176a"}}
{"@timestamp": "2026-02-09T16:35:44.980043+00:00", "service": {"name": "dummy-backend"}, "log": {"level": "INFO"}, "route": "/profile", "status": 200, "latency_ms": 118, "user_id": "u165", "message": "ok", "trace": {"id": "fbe45231775d0f25"}}
{"@timestamp": "2026-02-09T16:35:45.482746+00:00", "service": {"name": "dummy-backend"}, "log": {"level": "INFO"}, "route": "/login", "status": 200, "latency_ms": 1131, "user_id": "u127", "message": "ok", "trace": {"id": "713b8c9b5070f3f7"}}
{"@timestamp": "2026-02-09T16:35:45.985711+00:00", "service": {"name": "dummy-backend"}, "log": {"level": "INFO"}, "route": "/profile", "status": 200, "latency_ms": 48, "user_id": "u073", "message": "ok", "trace": {"id": "e6bc9f21f2c848e2"}}
{"@timestamp": "2026-02-09T16:35:46.489100+00:00", "service": {"name": "dummy-backend"}, "log": {"level": "INFO"}, "route": "/login", "status": 200, "latency_ms": 277, "user_id": "u039", "message": "ok", "trace": {"id": "e5cab49cc6b5366c"}}
{"@timestamp": "2026-02-09T16:35:46.992358+00:00", "service": {"name": "dummy-backend"}, "log": {"level": "INFO"}, "route": "/login", "status": 200, "latency_ms": 431, "user_id": "u168", "message": "ok", "trace": {"id": "5f88a5697e2b56a9"}}
{"@timestamp": "2026-02-09T16:35:47.495126+00:00", "service": {"name": "dummy-backend"}, "log": {"level": "INFO"}, "route": "/search", "status": 200, "latency_ms": 97, "user_id": "u161", "message": "ok", "trace": {"id": "2a4cfb4300ba44ff"}}
{"@timestamp": "2026-02-09T16:35:47.999003+00:00", "service": {"name": "dummy-backend"}, "log": {"level": "WARN"}, "route": "/logout", "status": 200, "latency_ms": 967, "user_id": "u074", "message": "ok", "trace": {"id": "cb4d9ec4d88812b2"}}
{"@timestamp": "2026-02-09T16:35:48.502007+00:00", "service": {"name": "dummy-backend"}, "log": {"level": "INFO"}, "route": "/login", "status": 200, "latency_ms": 234, "user_id": "u090", "message": "ok", "trace": {"id": "0735ae422f158b01"}}
{"@timestamp": "2026-02-09T16:35:49.005291+00:00", "service": {"name": "dummy-backend"}, "log": {"level": "WARN"}, "route": "/logout", "status": 200, "latency_ms": 388, "user_id": "u126", "message": "ok", "trace": {"id": "b3154edab053dbde"}}
{"@timestamp": "2026-02-09T16:35:49.507795+00:00", "service": {"name": "dummy-backend"}, "log": {"level": "WARN"}, "route": "/checkout", "status": 409, "latency_ms": 804, "user_id": "u008", "message": "payment_retry", "trace": {"id": "13a02ffeeafe2c0a"}}
{"@timestamp": "2026-02-09T16:35:50.010992+00:00", "service": {"name": "dummy-backend"}, "log": {"level": "INFO"}, "route": "/profile", "status": 200, "latency_ms": 922, "user_id": "u037", "message": "ok", "trace": {"id": "8f2c72e87148acc8"}}
{"@timestamp": "2026-02-09T16:35:50.513474+00:00", "service": {"name": "dummy-backend"}, "log": {"level": "ERROR"}, "route": "/profile", "status": 200, "latency_ms": 643, "user_id": "u009", "message": "ok", "trace": {"id": "8794906bdb16c194"}}
{"@timestamp": "2026-02-09T16:35:51.015919+00:00", "service": {"name": "dummy-backend"}, "log": {"level": "INFO"}, "route": "/checkout", "status": 200, "latency_ms": 461, "user_id": "u027", "message": "ok", "trace": {"id": "20a860a1139343f1"}}
{"@timestamp": "2026-02-09T16:35:51.518832+00:00", "service": {"name": "dummy-backend"}, "log": {"level": "INFO"}, "route": "/login", "status": 200, "latency_ms": 210, "user_id": "u038", "message": "ok", "trace": {"id": "1a11cb5dab1ae502"}}
{"@timestamp": "2026-02-09T16:35:52.022356+00:00", "service": {"name": "dummy-backend"}, "log": {"level": "INFO"}, "route": "/profile", "status": 200, "latency_ms": 850, "user_id": "u165", "message": "ok", "trace": {"id": "6488964263894d17"}}
{"@timestamp": "2026-02-09T16:35:52.525269+00:00", "service": {"name": "dummy-backend"}, "log": {"level": "INFO"}, "route": "/profile", "status": 200, "latency_ms": 513, "user_id": "u043", "message": "ok", "trace": {"id": "2051c1cdd7667096"}}
{"@timestamp": "2026-02-09T16:35:53.028407+00:00", "service": {"name": "dummy-backend"}, "log": {"level": "INFO"}, "route": "/login", "status": 200, "latency_ms": 75, "user_id": "u021", "message": "ok", "trace": {"id": "d87618498a1876b9"}}
{"@timestamp": "2026-02-09T16:35:53.531549+00:00", "service": {"name": "dummy-backend"}, "log": {"level": "INFO"}, "route": "/profile", "status": 200, "latency_ms": 734, "user_id": "u005", "message": "ok", "trace": {"id": "940bbf203aa534a2"}}
{"@timestamp": "2026-02-09T16:35:54.034413+00:00", "service": {"name": "dummy-backend"}, "log": {"level": "INFO"}, "route": "/logout", "status": 200, "latency_ms": 277, "user_id": "u087", "message": "ok", "trace": {"id": "7fd191f5212dcad7"}}
{"@timestamp": "2026-02-09T16:35:54.537609+00:00", "service": {"name": "dummy-backend"}, "log": {"level": "INFO"}, "route": "/profile", "status": 200, "latency_ms": 756, "user_id": "u010", "message": "ok", "trace": {"id": "bc7cf995d61631bd"}}
{"@timestamp": "2026-02-09T16:35:55.034922+00:00", "service": {"name": "dummy-backend"}, "log": {"level": "INFO"}, "route": "/profile", "status": 200, "latency_ms": 1200, "user_id": "u062", "message": "ok", "trace": {"id": "953681f5cbc5b0bf"}}
{"@timestamp": "2026-02-09T16:35:55.537899+00:00", "service": {"name": "dummy-backend"}, "log": {"level": "INFO"}, "route": "/search", "status": 200, "latency_ms": 298, "user_id": "u100", "message": "ok", "trace": {"id": "c6aff26e92c1381b"}}
{"@timestamp": "2026-02-09T16:35:56.041213+00:00", "service": {"name": "dummy-backend"}, "log": {"level": "WARN"}, "route": "/login", "status": 200, "latency_ms": 383, "user_id": "u160", "message": "ok", "trace": {"id": "27cc79cb6f6752ce"}}
{"@timestamp": "2026-02-09T16:35:56.544415+00:00", "service": {"name": "dummy-backend"}, "log": {"level": "INFO"}, "route": "/login", "status": 200, "latency_ms": 796, "user_id": "u160", "message": "ok", "trace": {"id": "17dbc346c84e65bb"}}
{"@timestamp": "2026-02-09T16:35:57.046801+00:00", "service": {"name": "dummy-backend"}, "log": {"level": "INFO"}, "route": "/checkout", "status": 200, "latency_ms": 490, "user_id": "u075", "message": "ok", "trace": {"id": "af526891b8c3d41e"}}
{"@timestamp": "2026-02-09T16:35:57.549579+00:00", "service": {"name": "dummy-backend"}, "log": {"level": "ERROR"}, "route": "/checkout", "status": 500, "latency_ms": 520, "user_id": "u190", "message": "gateway_error", "trace": {"id": "b9c93833f05df83b"}}
{"@timestamp": "2026-02-09T16:35:58.052522+00:00", "service": {"name": "dummy-backend"}, "log": {"level": "INFO"}, "route": "/search", "status": 200, "latency_ms": 1098, "user_id": "u141", "message": "ok", "trace": {"id": "ef7415fc54d34b01"}}
{"@timestamp": "2026-02-09T16:35:58.555601+00:00", "service": {"name": "dummy-backend"}, "log": {"level": "INFO"}, "route": "/checkout", "status": 200, "latency_ms": 945, "user_id": "u143", "message": "ok", "trace": {"id": "97d4e744adeb56ac"}}
{"@timestamp": "2026-02-09T16:35:59.058029+00:00", "service": {"name": "dummy-backend"}, "log": {"level": "INFO"}, "route": "/checkout", "status": 200, "latency_ms": 600, "user_id": "u194", "message": "ok", "trace": {"id": "a35b4db8ffd9f60a"}}
{"@timestamp": "2026-02-09T16:35:59.560945+00:00", "service": {"name": "dummy-backend"}, "log": {"level": "INFO"}, "route": "/logout", "status": 200, "latency_ms": 324, "user_id": "u059", "message": "ok", "trace": {"id": "ce56e7a57f734573"}}
{"@timestamp": "2026-02-09T16:36:00.064012+00:00", "service": {"name": "dummy-backend"}, "log": {"level": "INFO"}, "route": "/search", "status": 200, "latency_ms": 1060, "user_id": "u170", "message": "ok", "trace": {"id": "37ca56a6e0309d64"}}
{"@timestamp": "2026-02-09T16:36:00.566617+00:00", "service": {"name": "dummy-backend"}, "log": {"level": "INFO"}, "route": "/search", "status": 200, "latency_ms": 990, "user_id": "u140", "message": "ok", "trace": {"id": "9ef48d7a67cf9f10"}}
{"@timestamp": "2026-02-09T16:36:01.069430+00:00", "service": {"name": "dummy-backend"}, "log": {"level": "INFO"}, "route": "/profile", "status": 200, "latency_ms": 472, "user_id": "u044", "message": "ok", "trace": {"id": "93d7073d2951a4e5"}}
{"@timestamp": "2026-02-09T16:36:01.572579+00:00", "service": {"name": "dummy-backend"}, "log": {"level": "INFO"}, "route": "/checkout", "status": 200, "latency_ms": 352, "user_id": "u181", "message": "ok", "trace": {"id": "b5d2f7310f0067f4"}}
{"@timestamp": "2026-02-09T16:36:02.074964+00:00", "service": {"name": "dummy-backend"}, "log": {"level": "INFO"}, "route": "/login", "status": 200, "latency_ms": 314, "user_id": "u044", "message": "ok", "trace": {"id": "968ac613bbb1e2be"}}
{"@timestamp": "2026-02-09T16:36:02.577781+00:00", "service": {"name": "dummy-backend"}, "log": {"level": "INFO"}, "route": "/profile", "status": 200, "latency_ms": 967, "user_id": "u114", "message": "ok", "trace": {"id": "5d63782f07472804"}}
{"@timestamp": "2026-02-09T16:36:03.080357+00:00", "service": {"name": "dummy-backend"}, "log": {"level": "INFO"}, "route": "/login", "status": 200, "latency_ms": 800, "user_id": "u137", "message": "ok", "trace": {"id": "b8b9519ac283a35d"}}
{"@timestamp": "2026-02-09T16:36:03.583174+00:00", "service": {"name": "dummy-backend"}, "log": {"level": "INFO"}, "route": "/login", "status": 200, "latency_ms": 331, "user_id": "u028", "message": "ok", "trace": {"id": "3baf267c91e325bc"}}
{"@timestamp": "2026-02-09T16:36:04.086095+00:00", "service": {"name": "dummy-backend"}, "log": {"level": "INFO"}, "route": "/profile", "status": 200, "latency_ms": 170, "user_id": "u142", "message": "ok", "trace": {"id": "d872580827d8d196"}}
{"@timestamp": "2026-02-09T16:36:04.588865+00:00", "service": {"name": "dummy-backend"}, "log": {"level": "INFO"}, "route": "/login", "status": 200, "latency_ms": 747, "user_id": "u146", "message": "ok", "trace": {"id": "8abcf968724494d7"}}
{"@timestamp": "2026-02-09T16:36:05.091862+00:00", "service": {"name": "dummy-backend"}, "log": {"level": "INFO"}, "route": "/profile", "status": 200, "latency_ms": 401, "user_id": "u111", "message": "ok", "trace": {"id": "bd31f59ebb172d60"}}
{"@timestamp": "2026-02-09T16:36:05.594624+00:00", "service": {"name": "dummy-backend"}, "log": {"level": "WARN"}, "route": "/profile", "status": 200, "latency_ms": 911, "user_id": "u156", "message": "ok", "trace": {"id": "db799feb62b1ae22"}}
{"@timestamp": "2026-02-09T16:36:06.097844+00:00", "service": {"name": "dummy-backend"}, "log": {"level": "INFO"}, "route": "/checkout", "status": 200, "latency_ms": 758, "user_id": "u124", "message": "ok", "trace": {"id": "e7de4a759e3d2e2b"}}
{"@timestamp": "2026-02-09T16:36:06.600831+00:00", "service": {"name": "dummy-backend"}, "log": {"level": "INFO"}, "route": "/login", "status": 200, "latency_ms": 662, "user_id": "u025", "message": "ok", "trace": {"id": "cee4849c1dd0ebeb"}}
{"@timestamp": "2026-02-09T16:36:07.103827+00:00", "service": {"name": "dummy-backend"}, "log": {"level": "INFO"}, "route": "/checkout", "status": 200, "latency_ms": 810, "user_id": "u171", "message": "ok", "trace": {"id": "fa3f2347e05f68aa"}}
{"@timestamp": "2026-02-09T16:36:07.606632+00:00", "service": {"name": "dummy-backend"}, "log": {"level": "INFO"}, "route": "/logout", "status": 200, "latency_ms": 107, "user_id": "u194", "message": "ok", "trace": {"id": "71541eec1fc240e6"}}
{"@timestamp": "2026-02-09T16:36:08.109769+00:00", "service": {"name": "dummy-backend"}, "log": {"level": "INFO"}, "route": "/profile", "status": 200, "latency_ms": 895, "user_id": "u137", "message": "ok", "trace": {"id": "d6269973df86cd3e"}}
{"@timestamp": "2026-02-09T16:36:08.612547+00:00", "service": {"name": "dummy-backend"}, "log": {"level": "INFO"}, "route": "/logout", "status": 200, "latency_ms": 213, "user_id": "u044", "message": "ok", "trace": {"id": "53336df57687d208"}}
{"@timestamp": "2026-02-09T16:36:09.115569+00:00", "service": {"name": "dummy-backend"}, "log": {"level": "INFO"}, "route": "/profile", "status": 200, "latency_ms": 268, "user_id": "u062", "message": "ok", "trace": {"id": "b1213c4eac60dfa1"}}
{"@timestamp": "2026-02-09T16:36:09.618714+00:00", "service": {"name": "dummy-backend"}, "log": {"level": "INFO"}, "route": "/profile", "status": 200, "latency_ms": 69, "user_id": "u082", "message": "ok", "trace": {"id": "2da0e8d594d6d124"}}
{"@timestamp": "2026-02-09T16:36:10.121270+00:00", "service": {"name": "dummy-backend"}, "log": {"level": "INFO"}, "route": "/profile", "status": 200, "latency_ms": 253, "user_id": "u190", "message": "ok", "trace": {"id": "bf5f56b2f789d738"}}
{"@timestamp": "2026-02-09T16:36:10.624009+00:00", "service": {"name": "dummy-backend"}, "log": {"level": "INFO"}, "route": "/profile", "status": 200, "latency_ms": 739, "user_id": "u062", "message": "ok", "trace": {"id": "5700eba82b27af4c"}}
{"@timestamp": "2026-02-09T16:36:11.126765+00:00", "service": {"name": "dummy-backend"}, "log": {"level": "INFO"}, "route": "/checkout", "status": 200, "latency_ms": 12, "user_id": "u053", "message": "ok", "trace": {"id": "81f0e2547e82f2af"}}
{"@timestamp": "2026-02-09T16:36:11.629443+00:00", "service": {"name": "dummy-backend"}, "log": {"level": "ERROR"}, "route": "/login", "status": 500, "latency_ms": 1061, "user_id": "u038", "message": "db_timeout", "trace": {"id": "8e426454981f79e4"}}
{"@timestamp": "2026-02-09T16:36:12.135014+00:00", "service": {"name": "dummy-backend"}, "log": {"level": "INFO"}, "route": "/login", "status": 200, "latency_ms": 306, "user_id": "u086", "message": "ok", "trace": {"id": "a26a7af250c293c7"}}
{"@timestamp": "2026-02-09T16:36:12.637846+00:00", "service": {"name": "dummy-backend"}, "log": {"level": "WARN"}, "route": "/search", "status": 200, "latency_ms": 673, "user_id": "u032", "message": "ok", "trace": {"id": "173989aca7671f8a"}}
{"@timestamp": "2026-02-09T16:36:13.141511+00:00", "service": {"name": "dummy-backend"}, "log": {"level": "INFO"}, "route": "/search", "status": 200, "latency_ms": 1059, "user_id": "u126", "message": "ok", "trace": {"id": "5d79e6af5fefe385"}}
{"@timestamp": "2026-02-09T16:36:13.644032+00:00", "service": {"name": "dummy-backend"}, "log": {"level": "INFO"}, "route": "/login", "status": 200, "latency_ms": 778, "user_id": "u098", "message": "ok", "trace": {"id": "83a9540c813a6c8d"}}
{"@timestamp": "2026-02-09T16:36:14.147366+00:00", "service": {"name": "dummy-backend"}, "log": {"level": "INFO"}, "route": "/checkout", "status": 200, "latency_ms": 302, "user_id": "u112", "message": "ok", "trace": {"id": "a22ef49e08f85f25"}}
{"@timestamp": "2026-02-09T16:36:14.650458+00:00", "service": {"name": "dummy-backend"}, "log": {"level": "INFO"}, "route": "/logout", "status": 200, "latency_ms": 64, "user_id": "u057", "message": "ok", "trace": {"id": "784a4a8eae1136d8"}}
{"@timestamp": "2026-02-09T16:36:15.153463+00:00", "service": {"name": "dummy-backend"}, "log": {"level": "INFO"}, "route": "/profile", "status": 200, "latency_ms": 337, "user_id": "u045", "message": "ok", "trace": {"id": "7fae0fa52560e0fe"}}
{"@timestamp": "2026-02-09T16:36:15.656276+00:00", "service": {"name": "dummy-backend"}, "log": {"level": "ERROR"}, "route": "/login", "status": 403, "latency_ms": 669, "user_id": "u118", "message": "db_timeout", "trace": {"id": "6af2ab0b482c6ceb"}}
{"@timestamp": "2026-02-09T16:36:16.159860+00:00", "service": {"name": "dummy-backend"}, "log": {"level": "INFO"}, "route": "/login", "status": 200, "latency_ms": 897, "user_id": "u100", "message": "ok", "trace": {"id": "ba1ece823dd04739"}}
{"@timestamp": "2026-02-09T16:36:16.662781+00:00", "service": {"name": "dummy-backend"}, "log": {"level": "WARN"}, "route": "/login", "status": 200, "latency_ms": 189, "user_id": "u096", "message": "ok", "trace": {"id": "0a4e3e6b597fc754"}}
{"@timestamp": "2026-02-09T16:36:17.166350+00:00", "service": {"name": "dummy-backend"}, "log": {"level": "INFO"}, "route": "/checkout", "status": 200, "latency_ms": 1141, "user_id": "u056", "message": "ok", "trace": {"id": "6c52d32c76c0e61d"}}
{"@timestamp": "2026-02-09T16:36:17.669151+00:00", "service": {"name": "dummy-backend"}, "log": {"level": "INFO"}, "route": "/login", "status": 200, "latency_ms": 988, "user_id": "u199", "message": "ok", "trace": {"id": "3aa577527121b8ba"}}
{"@timestamp": "2026-02-09T16:36:18.174479+00:00", "service": {"name": "dummy-backend"}, "log": {"level": "INFO"}, "route": "/logout", "status": 200, "latency_ms": 169, "user_id": "u105", "message": "ok", "trace": {"id": "f0877860e68bbf78"}}
{"@timestamp": "2026-02-09T16:36:18.676726+00:00", "service": {"name": "dummy-backend"}, "log": {"level": "WARN"}, "route": "/logout", "status": 200, "latency_ms": 248, "user_id": "u168", "message": "ok", "trace": {"id": "2d3f215a0c07d583"}}
{"@timestamp": "2026-02-09T16:36:19.180579+00:00", "service": {"name": "dummy-backend"}, "log": {"level": "INFO"}, "route": "/logout", "status": 200, "latency_ms": 605, "user_id": "u186", "message": "ok", "trace": {"id": "9e866c40d5cb5b3b"}}
